[2026-07-15 14:03:32] --- Bat dau khoi dong AI stream ---
[2026-07-15 14:03:51] Webcam bat thanh cong. Size: 640x480
[2026-07-15 14:03:51] Mo archive moi: D:\lehuynhthuan\Cam\bida_ai_system\archive\ban1_1403.mp4
[2026-07-15 14:03:51] CRITICAL CRASH in worker: OpenCV(5.0.0) D:\a\opencv-python\opencv-python\opencv\modules\imgcodecs\src\loadsave.cpp:1072: error: (-2:Unspecified error) could not find a writer for the specified extension in function 'cv::imwrite_'

Traceback (most recent call last):
  File "D:\lehuynhthuan\Cam\bida_ai_system\ai_workers\stream_processor.py", line 113, in process_camera_stream
    cv2.imwrite(tmp_img_path, frame1)
    ~~~~~~~~~~~^^^^^^^^^^^^^^^^^^^^^^
cv2.error: OpenCV(5.0.0) D:\a\opencv-python\opencv-python\opencv\modules\imgcodecs\src\loadsave.cpp:1072: error: (-2:Unspecified error) could not find a writer for the specified extension in function 'cv::imwrite_'


[2026-07-15 14:04:11] --- Bat dau khoi dong AI stream ---
[2026-07-15 14:04:31] Webcam bat thanh cong. Size: 640x480
[2026-07-15 14:04:31] Mo archive moi: D:\lehuynhthuan\Cam\bida_ai_system\archive\ban1_1404.mp4
[2026-07-15 14:04:32] CRITICAL CRASH in worker: OpenCV(5.0.0) D:\a\opencv-python\opencv-python\opencv\modules\imgcodecs\src\loadsave.cpp:1072: error: (-2:Unspecified error) could not find a writer for the specified extension in function 'cv::imwrite_'

Traceback (most recent call last):
  File "D:\lehuynhthuan\Cam\bida_ai_system\ai_workers\stream_processor.py", line 113, in process_camera_stream
    cv2.imwrite(tmp_img_path, frame1)
    ~~~~~~~~~~~^^^^^^^^^^^^^^^^^^^^^^
cv2.error: OpenCV(5.0.0) D:\a\opencv-python\opencv-python\opencv\modules\imgcodecs\src\loadsave.cpp:1072: error: (-2:Unspecified error) could not find a writer for the specified extension in function 'cv::imwrite_'


[2026-07-15 14:07:05] --- Bat dau khoi dong AI stream ---
[2026-07-15 14:07:26] Webcam bat thanh cong. Size: 640x480
[2026-07-15 14:07:26] Mo archive moi: D:\lehuynhthuan\Cam\bida_ai_system\archive\ban1_1407.mp4
[2026-07-15 14:08:00] Da dong archive phut: 1407
[2026-07-15 14:08:00] Mo archive moi: D:\lehuynhthuan\Cam\bida_ai_system\archive\ban1_1408.mp4
[2026-07-15 14:09:00] Da dong archive phut: 1408
[2026-07-15 14:09:00] Mo archive moi: D:\lehuynhthuan\Cam\bida_ai_system\archive\ban1_1409.mp4
[2026-07-15 14:10:00] Da dong archive phut: 1409
[2026-07-15 14:10:00] Mo archive moi: D:\lehuynhthuan\Cam\bida_ai_system\archive\ban1_1410.mp4
[2026-07-15 14:10:09] --- Bat dau khoi dong AI stream ---
[2026-07-15 14:10:30] Loi: Khong the doc tu camera
[2026-07-15 14:10:34] --- Bat dau khoi dong AI stream ---
[2026-07-15 14:10:56] Loi: Khong the doc tu camera
[2026-07-15 14:10:59] --- Bat dau khoi dong AI stream ---
[2026-07-15 14:11:00] Da dong archive phut: 1410
[2026-07-15 14:11:00] Mo archive moi: D:\lehuynhthuan\Cam\bida_ai_system\archive\ban1_1411.mp4
[2026-07-15 14:11:23] Loi: Khong the doc tu camera
[2026-07-15 14:11:24] --- Bat dau khoi dong AI stream ---
[2026-07-15 14:11:36] KHACH GIO TAY ORDER!
[2026-07-15 14:11:50] Loi: Khong the doc tu camera
[2026-07-15 14:11:54] --- Bat dau khoi dong AI stream ---
[2026-07-15 14:12:00] Da dong archive phut: 1411
[2026-07-15 14:12:00] Mo archive moi: D:\lehuynhthuan\Cam\bida_ai_system\archive\ban1_1412.mp4
[2026-07-15 14:12:21] Loi: Khong the doc tu camera
[2026-07-15 14:12:24] --- Bat dau khoi dong AI stream ---
[2026-07-15 14:12:36] --- Bat dau khoi dong AI stream ---
[2026-07-15 14:12:54] Loi rename live image: [WinError 5] Access is denied: 'D:\\lehuynhthuan\\Cam\\bida_ai_system\\clips\\live_1.jpg.tmp.jpg' -> 'D:\\lehuynhthuan\\Cam\\bida_ai_system\\clips\\live_1.jpg'
[2026-07-15 14:12:55] Loi rename live image: [WinError 5] Access is denied: 'D:\\lehuynhthuan\\Cam\\bida_ai_system\\clips\\live_1.jpg.tmp.jpg' -> 'D:\\lehuynhthuan\\Cam\\bida_ai_system\\clips\\live_1.jpg'
[2026-07-15 14:12:55] Loi rename live image: [WinError 5] Access is denied: 'D:\\lehuynhthuan\\Cam\\bida_ai_system\\clips\\live_1.jpg.tmp.jpg' -> 'D:\\lehuynhthuan\\Cam\\bida_ai_system\\clips\\live_1.jpg'
[2026-07-15 14:12:56] Loi rename live image: [WinError 5] Access is denied: 'D:\\lehuynhthuan\\Cam\\bida_ai_system\\clips\\live_1.jpg.tmp.jpg' -> 'D:\\lehuynhthuan\\Cam\\bida_ai_system\\clips\\live_1.jpg'
[2026-07-15 14:12:56] Loi rename live image: [WinError 5] Access is denied: 'D:\\lehuynhthuan\\Cam\\bida_ai_system\\clips\\live_1.jpg.tmp.jpg' -> 'D:\\lehuynhthuan\\Cam\\bida_ai_system\\clips\\live_1.jpg'
[2026-07-15 14:12:56] Loi rename live image: [WinError 5] Access is denied: 'D:\\lehuynhthuan\\Cam\\bida_ai_system\\clips\\live_1.jpg.tmp.jpg' -> 'D:\\lehuynhthuan\\Cam\\bida_ai_system\\clips\\live_1.jpg'
[2026-07-15 14:12:57] Loi rename live image: [WinError 5] Access is denied: 'D:\\lehuynhthuan\\Cam\\bida_ai_system\\clips\\live_1.jpg.tmp.jpg' -> 'D:\\lehuynhthuan\\Cam\\bida_ai_system\\clips\\live_1.jpg'
[2026-07-15 14:12:57] Loi rename live image: [WinError 5] Access is denied: 'D:\\lehuynhthuan\\Cam\\bida_ai_system\\clips\\live_1.jpg.tmp.jpg' -> 'D:\\lehuynhthuan\\Cam\\bida_ai_system\\clips\\live_1.jpg'
[2026-07-15 14:12:57] Loi rename live image: [WinError 5] Access is denied: 'D:\\lehuynhthuan\\Cam\\bida_ai_system\\clips\\live_1.jpg.tmp.jpg' -> 'D:\\lehuynhthuan\\Cam\\bida_ai_system\\clips\\live_1.jpg'
[2026-07-15 14:12:58] Loi rename live image: [WinError 5] Access is denied: 'D:\\lehuynhthuan\\Cam\\bida_ai_system\\clips\\live_1.jpg.tmp.jpg' -> 'D:\\lehuynhthuan\\Cam\\bida_ai_system\\clips\\live_1.jpg'
[2026-07-15 14:12:58] Loi rename live image: [WinError 5] Access is denied: 'D:\\lehuynhthuan\\Cam\\bida_ai_system\\clips\\live_1.jpg.tmp.jpg' -> 'D:\\lehuynhthuan\\Cam\\bida_ai_system\\clips\\live_1.jpg'
[2026-07-15 14:12:58] Loi rename live image: [WinError 5] Access is denied: 'D:\\lehuynhthuan\\Cam\\bida_ai_system\\clips\\live_1.jpg.tmp.jpg' -> 'D:\\lehuynhthuan\\Cam\\bida_ai_system\\clips\\live_1.jpg'
[2026-07-15 14:12:59] Loi: Khong the doc tu camera
[2026-07-15 14:12:59] Loi rename live image: [WinError 5] Access is denied: 'D:\\lehuynhthuan\\Cam\\bida_ai_system\\clips\\live_1.jpg.tmp.jpg' -> 'D:\\lehuynhthuan\\Cam\\bida_ai_system\\clips\\live_1.jpg'
[2026-07-15 14:12:59] Loi rename live image: [WinError 5] Access is denied: 'D:\\lehuynhthuan\\Cam\\bida_ai_system\\clips\\live_1.jpg.tmp.jpg' -> 'D:\\lehuynhthuan\\Cam\\bida_ai_system\\clips\\live_1.jpg'
[2026-07-15 14:12:59] Loi rename live image: [WinError 5] Access is denied: 'D:\\lehuynhthuan\\Cam\\bida_ai_system\\clips\\live_1.jpg.tmp.jpg' -> 'D:\\lehuynhthuan\\Cam\\bida_ai_system\\clips\\live_1.jpg'
[2026-07-15 14:12:59] Loi rename live image: [WinError 5] Access is denied: 'D:\\lehuynhthuan\\Cam\\bida_ai_system\\clips\\live_1.jpg.tmp.jpg' -> 'D:\\lehuynhthuan\\Cam\\bida_ai_system\\clips\\live_1.jpg'
[2026-07-15 14:13:00] Da dong archive phut: 1412
[2026-07-15 14:13:00] Mo archive moi: D:\lehuynhthuan\Cam\bida_ai_system\archive\ban1_1413.mp4
[2026-07-15 14:13:00] Loi rename live image: [WinError 5] Access is denied: 'D:\\lehuynhthuan\\Cam\\bida_ai_system\\clips\\live_1.jpg.tmp.jpg' -> 'D:\\lehuynhthuan\\Cam\\bida_ai_system\\clips\\live_1.jpg'
[2026-07-15 14:13:00] Loi rename live image: [WinError 5] Access is denied: 'D:\\lehuynhthuan\\Cam\\bida_ai_system\\clips\\live_1.jpg.tmp.jpg' -> 'D:\\lehuynhthuan\\Cam\\bida_ai_system\\clips\\live_1.jpg'
[2026-07-15 14:13:01] Loi rename live image: [WinError 5] Access is denied: 'D:\\lehuynhthuan\\Cam\\bida_ai_system\\clips\\live_1.jpg.tmp.jpg' -> 'D:\\lehuynhthuan\\Cam\\bida_ai_system\\clips\\live_1.jpg'
[2026-07-15 14:13:01] Loi rename live image: [WinError 5] Access is denied: 'D:\\lehuynhthuan\\Cam\\bida_ai_system\\clips\\live_1.jpg.tmp.jpg' -> 'D:\\lehuynhthuan\\Cam\\bida_ai_system\\clips\\live_1.jpg'
[2026-07-15 14:13:01] Loi rename live image: [WinError 5] Access is denied: 'D:\\lehuynhthuan\\Cam\\bida_ai_system\\clips\\live_1.jpg.tmp.jpg' -> 'D:\\lehuynhthuan\\Cam\\bida_ai_system\\clips\\live_1.jpg'
[2026-07-15 14:13:01] --- Bat dau khoi dong AI stream ---
[2026-07-15 14:13:02] Loi rename live image: [WinError 5] Access is denied: 'D:\\lehuynhthuan\\Cam\\bida_ai_system\\clips\\live_1.jpg.tmp.jpg' -> 'D:\\lehuynhthuan\\Cam\\bida_ai_system\\clips\\live_1.jpg'
[2026-07-15 14:13:02] Loi rename live image: [WinError 5] Access is denied: 'D:\\lehuynhthuan\\Cam\\bida_ai_system\\clips\\live_1.jpg.tmp.jpg' -> 'D:\\lehuynhthuan\\Cam\\bida_ai_system\\clips\\live_1.jpg'
[2026-07-15 14:13:02] Loi rename live image: [WinError 5] Access is denied: 'D:\\lehuynhthuan\\Cam\\bida_ai_system\\clips\\live_1.jpg.tmp.jpg' -> 'D:\\lehuynhthuan\\Cam\\bida_ai_system\\clips\\live_1.jpg'
[2026-07-15 14:13:03] Loi rename live image: [WinError 5] Access is denied: 'D:\\lehuynhthuan\\Cam\\bida_ai_system\\clips\\live_1.jpg.tmp.jpg' -> 'D:\\lehuynhthuan\\Cam\\bida_ai_system\\clips\\live_1.jpg'
[2026-07-15 14:13:04] Loi rename live image: [WinError 5] Access is denied: 'D:\\lehuynhthuan\\Cam\\bida_ai_system\\clips\\live_1.jpg.tmp.jpg' -> 'D:\\lehuynhthuan\\Cam\\bida_ai_system\\clips\\live_1.jpg'
[2026-07-15 14:13:04] Loi rename live image: [WinError 5] Access is denied: 'D:\\lehuynhthuan\\Cam\\bida_ai_system\\clips\\live_1.jpg.tmp.jpg' -> 'D:\\lehuynhthuan\\Cam\\bida_ai_system\\clips\\live_1.jpg'
[2026-07-15 14:13:04] Loi rename live image: [WinError 5] Access is denied: 'D:\\lehuynhthuan\\Cam\\bida_ai_system\\clips\\live_1.jpg.tmp.jpg' -> 'D:\\lehuynhthuan\\Cam\\bida_ai_system\\clips\\live_1.jpg'
[2026-07-15 14:13:05] Loi rename live image: [WinError 5] Access is denied: 'D:\\lehuynhthuan\\Cam\\bida_ai_system\\clips\\live_1.jpg.tmp.jpg' -> 'D:\\lehuynhthuan\\Cam\\bida_ai_system\\clips\\live_1.jpg'
[2026-07-15 14:13:06] Loi rename live image: [WinError 5] Access is denied: 'D:\\lehuynhthuan\\Cam\\bida_ai_system\\clips\\live_1.jpg.tmp.jpg' -> 'D:\\lehuynhthuan\\Cam\\bida_ai_system\\clips\\live_1.jpg'
[2026-07-15 14:13:06] Loi rename live image: [WinError 5] Access is denied: 'D:\\lehuynhthuan\\Cam\\bida_ai_system\\clips\\live_1.jpg.tmp.jpg' -> 'D:\\lehuynhthuan\\Cam\\bida_ai_system\\clips\\live_1.jpg'
[2026-07-15 14:13:06] Loi rename live image: [WinError 5] Access is denied: 'D:\\lehuynhthuan\\Cam\\bida_ai_system\\clips\\live_1.jpg.tmp.jpg' -> 'D:\\lehuynhthuan\\Cam\\bida_ai_system\\clips\\live_1.jpg'
[2026-07-15 14:13:07] Loi rename live image: [WinError 5] Access is denied: 'D:\\lehuynhthuan\\Cam\\bida_ai_system\\clips\\live_1.jpg.tmp.jpg' -> 'D:\\lehuynhthuan\\Cam\\bida_ai_system\\clips\\live_1.jpg'
[2026-07-15 14:13:07] Loi rename live image: [WinError 5] Access is denied: 'D:\\lehuynhthuan\\Cam\\bida_ai_system\\clips\\live_1.jpg.tmp.jpg' -> 'D:\\lehuynhthuan\\Cam\\bida_ai_system\\clips\\live_1.jpg'
[2026-07-15 14:13:07] Loi rename live image: [WinError 5] Access is denied: 'D:\\lehuynhthuan\\Cam\\bida_ai_system\\clips\\live_1.jpg.tmp.jpg' -> 'D:\\lehuynhthuan\\Cam\\bida_ai_system\\clips\\live_1.jpg'
[2026-07-15 14:13:07] Loi rename live image: [WinError 5] Access is denied: 'D:\\lehuynhthuan\\Cam\\bida_ai_system\\clips\\live_1.jpg.tmp.jpg' -> 'D:\\lehuynhthuan\\Cam\\bida_ai_system\\clips\\live_1.jpg'
[2026-07-15 14:13:08] Loi rename live image: [WinError 5] Access is denied: 'D:\\lehuynhthuan\\Cam\\bida_ai_system\\clips\\live_1.jpg.tmp.jpg' -> 'D:\\lehuynhthuan\\Cam\\bida_ai_system\\clips\\live_1.jpg'
[2026-07-15 14:13:08] Loi rename live image: [WinError 5] Access is denied: 'D:\\lehuynhthuan\\Cam\\bida_ai_system\\clips\\live_1.jpg.tmp.jpg' -> 'D:\\lehuynhthuan\\Cam\\bida_ai_system\\clips\\live_1.jpg'
[2026-07-15 14:13:08] Loi rename live image: [WinError 5] Access is denied: 'D:\\lehuynhthuan\\Cam\\bida_ai_system\\clips\\live_1.jpg.tmp.jpg' -> 'D:\\lehuynhthuan\\Cam\\bida_ai_system\\clips\\live_1.jpg'
[2026-07-15 14:13:09] Loi rename live image: [WinError 5] Access is denied: 'D:\\lehuynhthuan\\Cam\\bida_ai_system\\clips\\live_1.jpg.tmp.jpg' -> 'D:\\lehuynhthuan\\Cam\\bida_ai_system\\clips\\live_1.jpg'
[2026-07-15 14:13:09] Loi rename live image: [WinError 5] Access is denied: 'D:\\lehuynhthuan\\Cam\\bida_ai_system\\clips\\live_1.jpg.tmp.jpg' -> 'D:\\lehuynhthuan\\Cam\\bida_ai_system\\clips\\live_1.jpg'
[2026-07-15 14:13:09] Loi rename live image: [WinError 5] Access is denied: 'D:\\lehuynhthuan\\Cam\\bida_ai_system\\clips\\live_1.jpg.tmp.jpg' -> 'D:\\lehuynhthuan\\Cam\\bida_ai_system\\clips\\live_1.jpg'
[2026-07-15 14:13:09] Loi rename live image: [WinError 5] Access is denied: 'D:\\lehuynhthuan\\Cam\\bida_ai_system\\clips\\live_1.jpg.tmp.jpg' -> 'D:\\lehuynhthuan\\Cam\\bida_ai_system\\clips\\live_1.jpg'
[2026-07-15 14:13:10] Loi rename live image: [WinError 5] Access is denied: 'D:\\lehuynhthuan\\Cam\\bida_ai_system\\clips\\live_1.jpg.tmp.jpg' -> 'D:\\lehuynhthuan\\Cam\\bida_ai_system\\clips\\live_1.jpg'
[2026-07-15 14:13:10] Loi rename live image: [WinError 5] Access is denied: 'D:\\lehuynhthuan\\Cam\\bida_ai_system\\clips\\live_1.jpg.tmp.jpg' -> 'D:\\lehuynhthuan\\Cam\\bida_ai_system\\clips\\live_1.jpg'
[2026-07-15 14:13:10] Loi rename live image: [WinError 5] Access is denied: 'D:\\lehuynhthuan\\Cam\\bida_ai_system\\clips\\live_1.jpg.tmp.jpg' -> 'D:\\lehuynhthuan\\Cam\\bida_ai_system\\clips\\live_1.jpg'
[2026-07-15 14:13:10] Loi rename live image: [WinError 5] Access is denied: 'D:\\lehuynhthuan\\Cam\\bida_ai_system\\clips\\live_1.jpg.tmp.jpg' -> 'D:\\lehuynhthuan\\Cam\\bida_ai_system\\clips\\live_1.jpg'
[2026-07-15 14:13:10] Loi rename live image: [WinError 5] Access is denied: 'D:\\lehuynhthuan\\Cam\\bida_ai_system\\clips\\live_1.jpg.tmp.jpg' -> 'D:\\lehuynhthuan\\Cam\\bida_ai_system\\clips\\live_1.jpg'
[2026-07-15 14:13:11] Loi rename live image: [WinError 5] Access is denied: 'D:\\lehuynhthuan\\Cam\\bida_ai_system\\clips\\live_1.jpg.tmp.jpg' -> 'D:\\lehuynhthuan\\Cam\\bida_ai_system\\clips\\live_1.jpg'
[2026-07-15 14:13:11] Loi rename live image: [WinError 5] Access is denied: 'D:\\lehuynhthuan\\Cam\\bida_ai_system\\clips\\live_1.jpg.tmp.jpg' -> 'D:\\lehuynhthuan\\Cam\\bida_ai_system\\clips\\live_1.jpg'
[2026-07-15 14:13:12] Loi rename live image: [WinError 5] Access is denied: 'D:\\lehuynhthuan\\Cam\\bida_ai_system\\clips\\live_1.jpg.tmp.jpg' -> 'D:\\lehuynhthuan\\Cam\\bida_ai_system\\clips\\live_1.jpg'
[2026-07-15 14:13:12] Loi rename live image: [WinError 5] Access is denied: 'D:\\lehuynhthuan\\Cam\\bida_ai_system\\clips\\live_1.jpg.tmp.jpg' -> 'D:\\lehuynhthuan\\Cam\\bida_ai_system\\clips\\live_1.jpg'
[2026-07-15 14:13:13] Loi rename live image: [WinError 5] Access is denied: 'D:\\lehuynhthuan\\Cam\\bida_ai_system\\clips\\live_1.jpg.tmp.jpg' -> 'D:\\lehuynhthuan\\Cam\\bida_ai_system\\clips\\live_1.jpg'
[2026-07-15 14:13:15] Loi rename live image: [WinError 5] Access is denied: 'D:\\lehuynhthuan\\Cam\\bida_ai_system\\clips\\live_1.jpg.tmp.jpg' -> 'D:\\lehuynhthuan\\Cam\\bida_ai_system\\clips\\live_1.jpg'
[2026-07-15 14:13:15] Loi rename live image: [WinError 5] Access is denied: 'D:\\lehuynhthuan\\Cam\\bida_ai_system\\clips\\live_1.jpg.tmp.jpg' -> 'D:\\lehuynhthuan\\Cam\\bida_ai_system\\clips\\live_1.jpg'
[2026-07-15 14:13:15] Loi rename live image: [WinError 5] Access is denied: 'D:\\lehuynhthuan\\Cam\\bida_ai_system\\clips\\live_1.jpg.tmp.jpg' -> 'D:\\lehuynhthuan\\Cam\\bida_ai_system\\clips\\live_1.jpg'
[2026-07-15 14:13:16] Loi rename live image: [WinError 5] Access is denied: 'D:\\lehuynhthuan\\Cam\\bida_ai_system\\clips\\live_1.jpg.tmp.jpg' -> 'D:\\lehuynhthuan\\Cam\\bida_ai_system\\clips\\live_1.jpg'
[2026-07-15 14:13:17] Loi rename live image: [WinError 5] Access is denied: 'D:\\lehuynhthuan\\Cam\\bida_ai_system\\clips\\live_1.jpg.tmp.jpg' -> 'D:\\lehuynhthuan\\Cam\\bida_ai_system\\clips\\live_1.jpg'
[2026-07-15 14:13:17] Loi rename live image: [WinError 5] Access is denied: 'D:\\lehuynhthuan\\Cam\\bida_ai_system\\clips\\live_1.jpg.tmp.jpg' -> 'D:\\lehuynhthuan\\Cam\\bida_ai_system\\clips\\live_1.jpg'
[2026-07-15 14:13:17] Loi rename live image: [WinError 5] Access is denied: 'D:\\lehuynhthuan\\Cam\\bida_ai_system\\clips\\live_1.jpg.tmp.jpg' -> 'D:\\lehuynhthuan\\Cam\\bida_ai_system\\clips\\live_1.jpg'
[2026-07-15 14:13:18] Loi rename live image: [WinError 5] Access is denied: 'D:\\lehuynhthuan\\Cam\\bida_ai_system\\clips\\live_1.jpg.tmp.jpg' -> 'D:\\lehuynhthuan\\Cam\\bida_ai_system\\clips\\live_1.jpg'
[2026-07-15 14:13:18] KHACH GIO TAY ORDER!
[2026-07-15 14:13:19] Loi rename live image: [WinError 5] Access is denied: 'D:\\lehuynhthuan\\Cam\\bida_ai_system\\clips\\live_1.jpg.tmp.jpg' -> 'D:\\lehuynhthuan\\Cam\\bida_ai_system\\clips\\live_1.jpg'
[2026-07-15 14:13:19] Loi rename live image: [WinError 5] Access is denied: 'D:\\lehuynhthuan\\Cam\\bida_ai_system\\clips\\live_1.jpg.tmp.jpg' -> 'D:\\lehuynhthuan\\Cam\\bida_ai_system\\clips\\live_1.jpg'
[2026-07-15 14:13:19] Loi rename live image: [WinError 5] Access is denied: 'D:\\lehuynhthuan\\Cam\\bida_ai_system\\clips\\live_1.jpg.tmp.jpg' -> 'D:\\lehuynhthuan\\Cam\\bida_ai_system\\clips\\live_1.jpg'
[2026-07-15 14:13:20] Loi rename live image: [WinError 5] Access is denied: 'D:\\lehuynhthuan\\Cam\\bida_ai_system\\clips\\live_1.jpg.tmp.jpg' -> 'D:\\lehuynhthuan\\Cam\\bida_ai_system\\clips\\live_1.jpg'
[2026-07-15 14:13:20] Loi rename live image: [WinError 5] Access is denied: 'D:\\lehuynhthuan\\Cam\\bida_ai_system\\clips\\live_1.jpg.tmp.jpg' -> 'D:\\lehuynhthuan\\Cam\\bida_ai_system\\clips\\live_1.jpg'
[2026-07-15 14:13:20] Loi rename live image: [WinError 5] Access is denied: 'D:\\lehuynhthuan\\Cam\\bida_ai_system\\clips\\live_1.jpg.tmp.jpg' -> 'D:\\lehuynhthuan\\Cam\\bida_ai_system\\clips\\live_1.jpg'
[2026-07-15 14:13:20] Loi rename live image: [WinError 5] Access is denied: 'D:\\lehuynhthuan\\Cam\\bida_ai_system\\clips\\live_1.jpg.tmp.jpg' -> 'D:\\lehuynhthuan\\Cam\\bida_ai_system\\clips\\live_1.jpg'
[2026-07-15 14:13:20] Loi rename live image: [WinError 5] Access is denied: 'D:\\lehuynhthuan\\Cam\\bida_ai_system\\clips\\live_1.jpg.tmp.jpg' -> 'D:\\lehuynhthuan\\Cam\\bida_ai_system\\clips\\live_1.jpg'
[2026-07-15 14:13:21] Loi rename live image: [WinError 5] Access is denied: 'D:\\lehuynhthuan\\Cam\\bida_ai_system\\clips\\live_1.jpg.tmp.jpg' -> 'D:\\lehuynhthuan\\Cam\\bida_ai_system\\clips\\live_1.jpg'
[2026-07-15 14:13:21] Loi rename live image: [WinError 5] Access is denied: 'D:\\lehuynhthuan\\Cam\\bida_ai_system\\clips\\live_1.jpg.tmp.jpg' -> 'D:\\lehuynhthuan\\Cam\\bida_ai_system\\clips\\live_1.jpg'
[2026-07-15 14:13:21] Loi rename live image: [WinError 5] Access is denied: 'D:\\lehuynhthuan\\Cam\\bida_ai_system\\clips\\live_1.jpg.tmp.jpg' -> 'D:\\lehuynhthuan\\Cam\\bida_ai_system\\clips\\live_1.jpg'
[2026-07-15 14:13:22] Loi rename live image: [WinError 5] Access is denied: 'D:\\lehuynhthuan\\Cam\\bida_ai_system\\clips\\live_1.jpg.tmp.jpg' -> 'D:\\lehuynhthuan\\Cam\\bida_ai_system\\clips\\live_1.jpg'
[2026-07-15 14:13:22] Loi rename live image: [WinError 5] Access is denied: 'D:\\lehuynhthuan\\Cam\\bida_ai_system\\clips\\live_1.jpg.tmp.jpg' -> 'D:\\lehuynhthuan\\Cam\\bida_ai_system\\clips\\live_1.jpg'
[2026-07-15 14:13:22] Loi rename live image: [WinError 5] Access is denied: 'D:\\lehuynhthuan\\Cam\\bida_ai_system\\clips\\live_1.jpg.tmp.jpg' -> 'D:\\lehuynhthuan\\Cam\\bida_ai_system\\clips\\live_1.jpg'
[2026-07-15 14:13:22] Loi rename live image: [WinError 5] Access is denied: 'D:\\lehuynhthuan\\Cam\\bida_ai_system\\clips\\live_1.jpg.tmp.jpg' -> 'D:\\lehuynhthuan\\Cam\\bida_ai_system\\clips\\live_1.jpg'
[2026-07-15 14:13:22] Loi rename live image: [WinError 5] Access is denied: 'D:\\lehuynhthuan\\Cam\\bida_ai_system\\clips\\live_1.jpg.tmp.jpg' -> 'D:\\lehuynhthuan\\Cam\\bida_ai_system\\clips\\live_1.jpg'
[2026-07-15 14:13:23] Loi rename live image: [WinError 5] Access is denied: 'D:\\lehuynhthuan\\Cam\\bida_ai_system\\clips\\live_1.jpg.tmp.jpg' -> 'D:\\lehuynhthuan\\Cam\\bida_ai_system\\clips\\live_1.jpg'
[2026-07-15 14:13:24] Loi rename live image: [WinError 5] Access is denied: 'D:\\lehuynhthuan\\Cam\\bida_ai_system\\clips\\live_1.jpg.tmp.jpg' -> 'D:\\lehuynhthuan\\Cam\\bida_ai_system\\clips\\live_1.jpg'
[2026-07-15 14:13:24] Loi rename live image: [WinError 5] Access is denied: 'D:\\lehuynhthuan\\Cam\\bida_ai_system\\clips\\live_1.jpg.tmp.jpg' -> 'D:\\lehuynhthuan\\Cam\\bida_ai_system\\clips\\live_1.jpg'
[2026-07-15 14:13:24] Loi rename live image: [WinError 5] Access is denied: 'D:\\lehuynhthuan\\Cam\\bida_ai_system\\clips\\live_1.jpg.tmp.jpg' -> 'D:\\lehuynhthuan\\Cam\\bida_ai_system\\clips\\live_1.jpg'
[2026-07-15 14:13:25] Loi rename live image: [WinError 5] Access is denied: 'D:\\lehuynhthuan\\Cam\\bida_ai_system\\clips\\live_1.jpg.tmp.jpg' -> 'D:\\lehuynhthuan\\Cam\\bida_ai_system\\clips\\live_1.jpg'
[2026-07-15 14:13:25] Loi rename live image: [WinError 5] Access is denied: 'D:\\lehuynhthuan\\Cam\\bida_ai_system\\clips\\live_1.jpg.tmp.jpg' -> 'D:\\lehuynhthuan\\Cam\\bida_ai_system\\clips\\live_1.jpg'
[2026-07-15 14:13:25] Loi rename live image: [WinError 5] Access is denied: 'D:\\lehuynhthuan\\Cam\\bida_ai_system\\clips\\live_1.jpg.tmp.jpg' -> 'D:\\lehuynhthuan\\Cam\\bida_ai_system\\clips\\live_1.jpg'
[2026-07-15 14:13:25] Loi rename live image: [WinError 5] Access is denied: 'D:\\lehuynhthuan\\Cam\\bida_ai_system\\clips\\live_1.jpg.tmp.jpg' -> 'D:\\lehuynhthuan\\Cam\\bida_ai_system\\clips\\live_1.jpg'
[2026-07-15 14:13:26] Loi rename live image: [WinError 5] Access is denied: 'D:\\lehuynhthuan\\Cam\\bida_ai_system\\clips\\live_1.jpg.tmp.jpg' -> 'D:\\lehuynhthuan\\Cam\\bida_ai_system\\clips\\live_1.jpg'
[2026-07-15 14:13:26] Loi rename live image: [WinError 5] Access is denied: 'D:\\lehuynhthuan\\Cam\\bida_ai_system\\clips\\live_1.jpg.tmp.jpg' -> 'D:\\lehuynhthuan\\Cam\\bida_ai_system\\clips\\live_1.jpg'
[2026-07-15 14:13:26] Loi rename live image: [WinError 5] Access is denied: 'D:\\lehuynhthuan\\Cam\\bida_ai_system\\clips\\live_1.jpg.tmp.jpg' -> 'D:\\lehuynhthuan\\Cam\\bida_ai_system\\clips\\live_1.jpg'
[2026-07-15 14:13:27] Loi rename live image: [WinError 5] Access is denied: 'D:\\lehuynhthuan\\Cam\\bida_ai_system\\clips\\live_1.jpg.tmp.jpg' -> 'D:\\lehuynhthuan\\Cam\\bida_ai_system\\clips\\live_1.jpg'
[2026-07-15 14:13:27] Loi rename live image: [WinError 5] Access is denied: 'D:\\lehuynhthuan\\Cam\\bida_ai_system\\clips\\live_1.jpg.tmp.jpg' -> 'D:\\lehuynhthuan\\Cam\\bida_ai_system\\clips\\live_1.jpg'
[2026-07-15 14:13:27] Loi rename live image: [WinError 5] Access is denied: 'D:\\lehuynhthuan\\Cam\\bida_ai_system\\clips\\live_1.jpg.tmp.jpg' -> 'D:\\lehuynhthuan\\Cam\\bida_ai_system\\clips\\live_1.jpg'
[2026-07-15 14:13:28] Loi rename live image: [WinError 5] Access is denied: 'D:\\lehuynhthuan\\Cam\\bida_ai_system\\clips\\live_1.jpg.tmp.jpg' -> 'D:\\lehuynhthuan\\Cam\\bida_ai_system\\clips\\live_1.jpg'
[2026-07-15 14:13:28] Loi rename live image: [WinError 5] Access is denied: 'D:\\lehuynhthuan\\Cam\\bida_ai_system\\clips\\live_1.jpg.tmp.jpg' -> 'D:\\lehuynhthuan\\Cam\\bida_ai_system\\clips\\live_1.jpg'
[2026-07-15 14:13:28] Loi rename live image: [WinError 5] Access is denied: 'D:\\lehuynhthuan\\Cam\\bida_ai_system\\clips\\live_1.jpg.tmp.jpg' -> 'D:\\lehuynhthuan\\Cam\\bida_ai_system\\clips\\live_1.jpg'
[2026-07-15 14:13:29] Loi rename live image: [WinError 5] Access is denied: 'D:\\lehuynhthuan\\Cam\\bida_ai_system\\clips\\live_1.jpg.tmp.jpg' -> 'D:\\lehuynhthuan\\Cam\\bida_ai_system\\clips\\live_1.jpg'
[2026-07-15 14:13:29] Loi: Khong the doc tu camera
[2026-07-15 14:13:29] Loi rename live image: [WinError 5] Access is denied: 'D:\\lehuynhthuan\\Cam\\bida_ai_system\\clips\\live_1.jpg.tmp.jpg' -> 'D:\\lehuynhthuan\\Cam\\bida_ai_system\\clips\\live_1.jpg'
[2026-07-15 14:13:29] Loi rename live image: [WinError 5] Access is denied: 'D:\\lehuynhthuan\\Cam\\bida_ai_system\\clips\\live_1.jpg.tmp.jpg' -> 'D:\\lehuynhthuan\\Cam\\bida_ai_system\\clips\\live_1.jpg'
[2026-07-15 14:13:30] Loi rename live image: [WinError 5] Access is denied: 'D:\\lehuynhthuan\\Cam\\bida_ai_system\\clips\\live_1.jpg.tmp.jpg' -> 'D:\\lehuynhthuan\\Cam\\bida_ai_system\\clips\\live_1.jpg'
[2026-07-15 14:13:31] Loi rename live image: [WinError 5] Access is denied: 'D:\\lehuynhthuan\\Cam\\bida_ai_system\\clips\\live_1.jpg.tmp.jpg' -> 'D:\\lehuynhthuan\\Cam\\bida_ai_system\\clips\\live_1.jpg'
[2026-07-15 14:13:31] --- Bat dau khoi dong AI stream ---
[2026-07-15 14:13:32] Loi rename live image: [WinError 5] Access is denied: 'D:\\lehuynhthuan\\Cam\\bida_ai_system\\clips\\live_1.jpg.tmp.jpg' -> 'D:\\lehuynhthuan\\Cam\\bida_ai_system\\clips\\live_1.jpg'
[2026-07-15 14:13:33] Loi rename live image: [WinError 5] Access is denied: 'D:\\lehuynhthuan\\Cam\\bida_ai_system\\clips\\live_1.jpg.tmp.jpg' -> 'D:\\lehuynhthuan\\Cam\\bida_ai_system\\clips\\live_1.jpg'
[2026-07-15 14:13:34] Loi rename live image: [WinError 5] Access is denied: 'D:\\lehuynhthuan\\Cam\\bida_ai_system\\clips\\live_1.jpg.tmp.jpg' -> 'D:\\lehuynhthuan\\Cam\\bida_ai_system\\clips\\live_1.jpg'
[2026-07-15 14:13:34] Loi rename live image: [WinError 5] Access is denied: 'D:\\lehuynhthuan\\Cam\\bida_ai_system\\clips\\live_1.jpg.tmp.jpg' -> 'D:\\lehuynhthuan\\Cam\\bida_ai_system\\clips\\live_1.jpg'
[2026-07-15 14:13:34] Loi rename live image: [WinError 5] Access is denied: 'D:\\lehuynhthuan\\Cam\\bida_ai_system\\clips\\live_1.jpg.tmp.jpg' -> 'D:\\lehuynhthuan\\Cam\\bida_ai_system\\clips\\live_1.jpg'
[2026-07-15 14:13:34] Loi rename live image: [WinError 5] Access is denied: 'D:\\lehuynhthuan\\Cam\\bida_ai_system\\clips\\live_1.jpg.tmp.jpg' -> 'D:\\lehuynhthuan\\Cam\\bida_ai_system\\clips\\live_1.jpg'
[2026-07-15 14:13:35] Loi rename live image: [WinError 5] Access is denied: 'D:\\lehuynhthuan\\Cam\\bida_ai_system\\clips\\live_1.jpg.tmp.jpg' -> 'D:\\lehuynhthuan\\Cam\\bida_ai_system\\clips\\live_1.jpg'
[2026-07-15 14:13:36] Loi rename live image: [WinError 5] Access is denied: 'D:\\lehuynhthuan\\Cam\\bida_ai_system\\clips\\live_1.jpg.tmp.jpg' -> 'D:\\lehuynhthuan\\Cam\\bida_ai_system\\clips\\live_1.jpg'
[2026-07-15 14:13:36] Loi rename live image: [WinError 5] Access is denied: 'D:\\lehuynhthuan\\Cam\\bida_ai_system\\clips\\live_1.jpg.tmp.jpg' -> 'D:\\lehuynhthuan\\Cam\\bida_ai_system\\clips\\live_1.jpg'
[2026-07-15 14:13:37] Loi rename live image: [WinError 5] Access is denied: 'D:\\lehuynhthuan\\Cam\\bida_ai_system\\clips\\live_1.jpg.tmp.jpg' -> 'D:\\lehuynhthuan\\Cam\\bida_ai_system\\clips\\live_1.jpg'
[2026-07-15 14:13:37] Loi rename live image: [WinError 5] Access is denied: 'D:\\lehuynhthuan\\Cam\\bida_ai_system\\clips\\live_1.jpg.tmp.jpg' -> 'D:\\lehuynhthuan\\Cam\\bida_ai_system\\clips\\live_1.jpg'
[2026-07-15 14:13:38] Loi rename live image: [WinError 5] Access is denied: 'D:\\lehuynhthuan\\Cam\\bida_ai_system\\clips\\live_1.jpg.tmp.jpg' -> 'D:\\lehuynhthuan\\Cam\\bida_ai_system\\clips\\live_1.jpg'
[2026-07-15 14:13:38] Loi rename live image: [WinError 5] Access is denied: 'D:\\lehuynhthuan\\Cam\\bida_ai_system\\clips\\live_1.jpg.tmp.jpg' -> 'D:\\lehuynhthuan\\Cam\\bida_ai_system\\clips\\live_1.jpg'
[2026-07-15 14:13:38] Loi rename live image: [WinError 5] Access is denied: 'D:\\lehuynhthuan\\Cam\\bida_ai_system\\clips\\live_1.jpg.tmp.jpg' -> 'D:\\lehuynhthuan\\Cam\\bida_ai_system\\clips\\live_1.jpg'
[2026-07-15 14:13:38] Loi rename live image: [WinError 5] Access is denied: 'D:\\lehuynhthuan\\Cam\\bida_ai_system\\clips\\live_1.jpg.tmp.jpg' -> 'D:\\lehuynhthuan\\Cam\\bida_ai_system\\clips\\live_1.jpg'
[2026-07-15 14:13:39] Loi rename live image: [WinError 5] Access is denied: 'D:\\lehuynhthuan\\Cam\\bida_ai_system\\clips\\live_1.jpg.tmp.jpg' -> 'D:\\lehuynhthuan\\Cam\\bida_ai_system\\clips\\live_1.jpg'
[2026-07-15 14:13:39] Loi rename live image: [WinError 5] Access is denied: 'D:\\lehuynhthuan\\Cam\\bida_ai_system\\clips\\live_1.jpg.tmp.jpg' -> 'D:\\lehuynhthuan\\Cam\\bida_ai_system\\clips\\live_1.jpg'
[2026-07-15 14:13:39] Loi rename live image: [WinError 5] Access is denied: 'D:\\lehuynhthuan\\Cam\\bida_ai_system\\clips\\live_1.jpg.tmp.jpg' -> 'D:\\lehuynhthuan\\Cam\\bida_ai_system\\clips\\live_1.jpg'
[2026-07-15 14:13:39] Loi rename live image: [WinError 5] Access is denied: 'D:\\lehuynhthuan\\Cam\\bida_ai_system\\clips\\live_1.jpg.tmp.jpg' -> 'D:\\lehuynhthuan\\Cam\\bida_ai_system\\clips\\live_1.jpg'
[2026-07-15 14:13:40] Loi rename live image: [WinError 5] Access is denied: 'D:\\lehuynhthuan\\Cam\\bida_ai_system\\clips\\live_1.jpg.tmp.jpg' -> 'D:\\lehuynhthuan\\Cam\\bida_ai_system\\clips\\live_1.jpg'
[2026-07-15 14:13:40] Loi rename live image: [WinError 5] Access is denied: 'D:\\lehuynhthuan\\Cam\\bida_ai_system\\clips\\live_1.jpg.tmp.jpg' -> 'D:\\lehuynhthuan\\Cam\\bida_ai_system\\clips\\live_1.jpg'
[2026-07-15 14:13:41] Loi rename live image: [WinError 5] Access is denied: 'D:\\lehuynhthuan\\Cam\\bida_ai_system\\clips\\live_1.jpg.tmp.jpg' -> 'D:\\lehuynhthuan\\Cam\\bida_ai_system\\clips\\live_1.jpg'
[2026-07-15 14:13:42] Loi rename live image: [WinError 5] Access is denied: 'D:\\lehuynhthuan\\Cam\\bida_ai_system\\clips\\live_1.jpg.tmp.jpg' -> 'D:\\lehuynhthuan\\Cam\\bida_ai_system\\clips\\live_1.jpg'
[2026-07-15 14:13:42] Loi rename live image: [WinError 5] Access is denied: 'D:\\lehuynhthuan\\Cam\\bida_ai_system\\clips\\live_1.jpg.tmp.jpg' -> 'D:\\lehuynhthuan\\Cam\\bida_ai_system\\clips\\live_1.jpg'
[2026-07-15 14:13:42] Loi rename live image: [WinError 5] Access is denied: 'D:\\lehuynhthuan\\Cam\\bida_ai_system\\clips\\live_1.jpg.tmp.jpg' -> 'D:\\lehuynhthuan\\Cam\\bida_ai_system\\clips\\live_1.jpg'
[2026-07-15 14:13:42] Loi rename live image: [WinError 5] Access is denied: 'D:\\lehuynhthuan\\Cam\\bida_ai_system\\clips\\live_1.jpg.tmp.jpg' -> 'D:\\lehuynhthuan\\Cam\\bida_ai_system\\clips\\live_1.jpg'
[2026-07-15 14:13:42] Loi rename live image: [WinError 5] Access is denied: 'D:\\lehuynhthuan\\Cam\\bida_ai_system\\clips\\live_1.jpg.tmp.jpg' -> 'D:\\lehuynhthuan\\Cam\\bida_ai_system\\clips\\live_1.jpg'
[2026-07-15 14:13:43] Loi rename live image: [WinError 5] Access is denied: 'D:\\lehuynhthuan\\Cam\\bida_ai_system\\clips\\live_1.jpg.tmp.jpg' -> 'D:\\lehuynhthuan\\Cam\\bida_ai_system\\clips\\live_1.jpg'
[2026-07-15 14:13:43] Loi rename live image: [WinError 5] Access is denied: 'D:\\lehuynhthuan\\Cam\\bida_ai_system\\clips\\live_1.jpg.tmp.jpg' -> 'D:\\lehuynhthuan\\Cam\\bida_ai_system\\clips\\live_1.jpg'
[2026-07-15 14:13:43] Loi rename live image: [WinError 5] Access is denied: 'D:\\lehuynhthuan\\Cam\\bida_ai_system\\clips\\live_1.jpg.tmp.jpg' -> 'D:\\lehuynhthuan\\Cam\\bida_ai_system\\clips\\live_1.jpg'
[2026-07-15 14:13:43] Loi rename live image: [WinError 5] Access is denied: 'D:\\lehuynhthuan\\Cam\\bida_ai_system\\clips\\live_1.jpg.tmp.jpg' -> 'D:\\lehuynhthuan\\Cam\\bida_ai_system\\clips\\live_1.jpg'
[2026-07-15 14:13:44] Loi rename live image: [WinError 5] Access is denied: 'D:\\lehuynhthuan\\Cam\\bida_ai_system\\clips\\live_1.jpg.tmp.jpg' -> 'D:\\lehuynhthuan\\Cam\\bida_ai_system\\clips\\live_1.jpg'
[2026-07-15 14:13:44] Loi rename live image: [WinError 5] Access is denied: 'D:\\lehuynhthuan\\Cam\\bida_ai_system\\clips\\live_1.jpg.tmp.jpg' -> 'D:\\lehuynhthuan\\Cam\\bida_ai_system\\clips\\live_1.jpg'
[2026-07-15 14:13:44] Loi rename live image: [WinError 5] Access is denied: 'D:\\lehuynhthuan\\Cam\\bida_ai_system\\clips\\live_1.jpg.tmp.jpg' -> 'D:\\lehuynhthuan\\Cam\\bida_ai_system\\clips\\live_1.jpg'
[2026-07-15 14:13:44] Loi rename live image: [WinError 5] Access is denied: 'D:\\lehuynhthuan\\Cam\\bida_ai_system\\clips\\live_1.jpg.tmp.jpg' -> 'D:\\lehuynhthuan\\Cam\\bida_ai_system\\clips\\live_1.jpg'
[2026-07-15 14:13:44] Loi rename live image: [WinError 5] Access is denied: 'D:\\lehuynhthuan\\Cam\\bida_ai_system\\clips\\live_1.jpg.tmp.jpg' -> 'D:\\lehuynhthuan\\Cam\\bida_ai_system\\clips\\live_1.jpg'
[2026-07-15 14:13:45] Loi rename live image: [WinError 5] Access is denied: 'D:\\lehuynhthuan\\Cam\\bida_ai_system\\clips\\live_1.jpg.tmp.jpg' -> 'D:\\lehuynhthuan\\Cam\\bida_ai_system\\clips\\live_1.jpg'
[2026-07-15 14:13:45] Loi rename live image: [WinError 5] Access is denied: 'D:\\lehuynhthuan\\Cam\\bida_ai_system\\clips\\live_1.jpg.tmp.jpg' -> 'D:\\lehuynhthuan\\Cam\\bida_ai_system\\clips\\live_1.jpg'
[2026-07-15 14:13:45] Loi rename live image: [WinError 5] Access is denied: 'D:\\lehuynhthuan\\Cam\\bida_ai_system\\clips\\live_1.jpg.tmp.jpg' -> 'D:\\lehuynhthuan\\Cam\\bida_ai_system\\clips\\live_1.jpg'
[2026-07-15 14:13:46] Loi rename live image: [WinError 5] Access is denied: 'D:\\lehuynhthuan\\Cam\\bida_ai_system\\clips\\live_1.jpg.tmp.jpg' -> 'D:\\lehuynhthuan\\Cam\\bida_ai_system\\clips\\live_1.jpg'
[2026-07-15 14:13:46] Loi rename live image: [WinError 5] Access is denied: 'D:\\lehuynhthuan\\Cam\\bida_ai_system\\clips\\live_1.jpg.tmp.jpg' -> 'D:\\lehuynhthuan\\Cam\\bida_ai_system\\clips\\live_1.jpg'
[2026-07-15 14:13:46] Loi rename live image: [WinError 5] Access is denied: 'D:\\lehuynhthuan\\Cam\\bida_ai_system\\clips\\live_1.jpg.tmp.jpg' -> 'D:\\lehuynhthuan\\Cam\\bida_ai_system\\clips\\live_1.jpg'
[2026-07-15 14:13:47] Loi rename live image: [WinError 5] Access is denied: 'D:\\lehuynhthuan\\Cam\\bida_ai_system\\clips\\live_1.jpg.tmp.jpg' -> 'D:\\lehuynhthuan\\Cam\\bida_ai_system\\clips\\live_1.jpg'
[2026-07-15 14:13:47] Loi rename live image: [WinError 5] Access is denied: 'D:\\lehuynhthuan\\Cam\\bida_ai_system\\clips\\live_1.jpg.tmp.jpg' -> 'D:\\lehuynhthuan\\Cam\\bida_ai_system\\clips\\live_1.jpg'
[2026-07-15 14:13:48] Loi rename live image: [WinError 5] Access is denied: 'D:\\lehuynhthuan\\Cam\\bida_ai_system\\clips\\live_1.jpg.tmp.jpg' -> 'D:\\lehuynhthuan\\Cam\\bida_ai_system\\clips\\live_1.jpg'
[2026-07-15 14:13:48] Loi rename live image: [WinError 5] Access is denied: 'D:\\lehuynhthuan\\Cam\\bida_ai_system\\clips\\live_1.jpg.tmp.jpg' -> 'D:\\lehuynhthuan\\Cam\\bida_ai_system\\clips\\live_1.jpg'
[2026-07-15 14:13:48] Loi rename live image: [WinError 5] Access is denied: 'D:\\lehuynhthuan\\Cam\\bida_ai_system\\clips\\live_1.jpg.tmp.jpg' -> 'D:\\lehuynhthuan\\Cam\\bida_ai_system\\clips\\live_1.jpg'
[2026-07-15 14:13:48] Loi rename live image: [WinError 5] Access is denied: 'D:\\lehuynhthuan\\Cam\\bida_ai_system\\clips\\live_1.jpg.tmp.jpg' -> 'D:\\lehuynhthuan\\Cam\\bida_ai_system\\clips\\live_1.jpg'
[2026-07-15 14:13:48] Loi rename live image: [WinError 5] Access is denied: 'D:\\lehuynhthuan\\Cam\\bida_ai_system\\clips\\live_1.jpg.tmp.jpg' -> 'D:\\lehuynhthuan\\Cam\\bida_ai_system\\clips\\live_1.jpg'
[2026-07-15 14:13:49] Loi rename live image: [WinError 5] Access is denied: 'D:\\lehuynhthuan\\Cam\\bida_ai_system\\clips\\live_1.jpg.tmp.jpg' -> 'D:\\lehuynhthuan\\Cam\\bida_ai_system\\clips\\live_1.jpg'
[2026-07-15 14:13:49] Loi rename live image: [WinError 5] Access is denied: 'D:\\lehuynhthuan\\Cam\\bida_ai_system\\clips\\live_1.jpg.tmp.jpg' -> 'D:\\lehuynhthuan\\Cam\\bida_ai_system\\clips\\live_1.jpg'
[2026-07-15 14:13:49] KHACH GIO TAY ORDER!
[2026-07-15 14:13:49] Loi rename live image: [WinError 5] Access is denied: 'D:\\lehuynhthuan\\Cam\\bida_ai_system\\clips\\live_1.jpg.tmp.jpg' -> 'D:\\lehuynhthuan\\Cam\\bida_ai_system\\clips\\live_1.jpg'
[2026-07-15 14:13:50] Loi rename live image: [WinError 5] Access is denied: 'D:\\lehuynhthuan\\Cam\\bida_ai_system\\clips\\live_1.jpg.tmp.jpg' -> 'D:\\lehuynhthuan\\Cam\\bida_ai_system\\clips\\live_1.jpg'
[2026-07-15 14:13:50] Loi rename live image: [WinError 5] Access is denied: 'D:\\lehuynhthuan\\Cam\\bida_ai_system\\clips\\live_1.jpg.tmp.jpg' -> 'D:\\lehuynhthuan\\Cam\\bida_ai_system\\clips\\live_1.jpg'
[2026-07-15 14:13:51] Loi rename live image: [WinError 5] Access is denied: 'D:\\lehuynhthuan\\Cam\\bida_ai_system\\clips\\live_1.jpg.tmp.jpg' -> 'D:\\lehuynhthuan\\Cam\\bida_ai_system\\clips\\live_1.jpg'
[2026-07-15 14:13:51] Loi rename live image: [WinError 5] Access is denied: 'D:\\lehuynhthuan\\Cam\\bida_ai_system\\clips\\live_1.jpg.tmp.jpg' -> 'D:\\lehuynhthuan\\Cam\\bida_ai_system\\clips\\live_1.jpg'
[2026-07-15 14:13:52] Loi rename live image: [WinError 5] Access is denied: 'D:\\lehuynhthuan\\Cam\\bida_ai_system\\clips\\live_1.jpg.tmp.jpg' -> 'D:\\lehuynhthuan\\Cam\\bida_ai_system\\clips\\live_1.jpg'
[2026-07-15 14:13:53] Loi rename live image: [WinError 5] Access is denied: 'D:\\lehuynhthuan\\Cam\\bida_ai_system\\clips\\live_1.jpg.tmp.jpg' -> 'D:\\lehuynhthuan\\Cam\\bida_ai_system\\clips\\live_1.jpg'
[2026-07-15 14:13:54] Loi rename live image: [WinError 5] Access is denied: 'D:\\lehuynhthuan\\Cam\\bida_ai_system\\clips\\live_1.jpg.tmp.jpg' -> 'D:\\lehuynhthuan\\Cam\\bida_ai_system\\clips\\live_1.jpg'
[2026-07-15 14:13:55] Loi: Khong the doc tu camera
[2026-07-15 14:13:56] Loi rename live image: [WinError 5] Access is denied: 'D:\\lehuynhthuan\\Cam\\bida_ai_system\\clips\\live_1.jpg.tmp.jpg' -> 'D:\\lehuynhthuan\\Cam\\bida_ai_system\\clips\\live_1.jpg'
[2026-07-15 14:13:57] Loi rename live image: [WinError 5] Access is denied: 'D:\\lehuynhthuan\\Cam\\bida_ai_system\\clips\\live_1.jpg.tmp.jpg' -> 'D:\\lehuynhthuan\\Cam\\bida_ai_system\\clips\\live_1.jpg'
[2026-07-15 14:13:58] Loi rename live image: [WinError 5] Access is denied: 'D:\\lehuynhthuan\\Cam\\bida_ai_system\\clips\\live_1.jpg.tmp.jpg' -> 'D:\\lehuynhthuan\\Cam\\bida_ai_system\\clips\\live_1.jpg'
[2026-07-15 14:14:00] Da dong archive phut: 1413
[2026-07-15 14:14:00] Mo archive moi: D:\lehuynhthuan\Cam\bida_ai_system\archive\ban1_1414.mp4
[2026-07-15 14:14:00] Loi rename live image: [WinError 5] Access is denied: 'D:\\lehuynhthuan\\Cam\\bida_ai_system\\clips\\live_1.jpg.tmp.jpg' -> 'D:\\lehuynhthuan\\Cam\\bida_ai_system\\clips\\live_1.jpg'
[2026-07-15 14:14:01] Loi rename live image: [WinError 5] Access is denied: 'D:\\lehuynhthuan\\Cam\\bida_ai_system\\clips\\live_1.jpg.tmp.jpg' -> 'D:\\lehuynhthuan\\Cam\\bida_ai_system\\clips\\live_1.jpg'
[2026-07-15 14:14:01] --- Bat dau khoi dong AI stream ---
[2026-07-15 14:14:03] Loi rename live image: [WinError 5] Access is denied: 'D:\\lehuynhthuan\\Cam\\bida_ai_system\\clips\\live_1.jpg.tmp.jpg' -> 'D:\\lehuynhthuan\\Cam\\bida_ai_system\\clips\\live_1.jpg'
[2026-07-15 14:14:03] Loi rename live image: [WinError 5] Access is denied: 'D:\\lehuynhthuan\\Cam\\bida_ai_system\\clips\\live_1.jpg.tmp.jpg' -> 'D:\\lehuynhthuan\\Cam\\bida_ai_system\\clips\\live_1.jpg'
[2026-07-15 14:14:04] Loi rename live image: [WinError 5] Access is denied: 'D:\\lehuynhthuan\\Cam\\bida_ai_system\\clips\\live_1.jpg.tmp.jpg' -> 'D:\\lehuynhthuan\\Cam\\bida_ai_system\\clips\\live_1.jpg'
[2026-07-15 14:14:05] Loi rename live image: [WinError 5] Access is denied: 'D:\\lehuynhthuan\\Cam\\bida_ai_system\\clips\\live_1.jpg.tmp.jpg' -> 'D:\\lehuynhthuan\\Cam\\bida_ai_system\\clips\\live_1.jpg'
[2026-07-15 14:14:05] Loi rename live image: [WinError 5] Access is denied: 'D:\\lehuynhthuan\\Cam\\bida_ai_system\\clips\\live_1.jpg.tmp.jpg' -> 'D:\\lehuynhthuan\\Cam\\bida_ai_system\\clips\\live_1.jpg'
[2026-07-15 14:14:05] Loi rename live image: [WinError 5] Access is denied: 'D:\\lehuynhthuan\\Cam\\bida_ai_system\\clips\\live_1.jpg.tmp.jpg' -> 'D:\\lehuynhthuan\\Cam\\bida_ai_system\\clips\\live_1.jpg'
[2026-07-15 14:14:06] Loi rename live image: [WinError 5] Access is denied: 'D:\\lehuynhthuan\\Cam\\bida_ai_system\\clips\\live_1.jpg.tmp.jpg' -> 'D:\\lehuynhthuan\\Cam\\bida_ai_system\\clips\\live_1.jpg'
[2026-07-15 14:14:06] Loi rename live image: [WinError 5] Access is denied: 'D:\\lehuynhthuan\\Cam\\bida_ai_system\\clips\\live_1.jpg.tmp.jpg' -> 'D:\\lehuynhthuan\\Cam\\bida_ai_system\\clips\\live_1.jpg'
[2026-07-15 14:14:07] Loi rename live image: [WinError 5] Access is denied: 'D:\\lehuynhthuan\\Cam\\bida_ai_system\\clips\\live_1.jpg.tmp.jpg' -> 'D:\\lehuynhthuan\\Cam\\bida_ai_system\\clips\\live_1.jpg'
[2026-07-15 14:14:08] Loi rename live image: [WinError 5] Access is denied: 'D:\\lehuynhthuan\\Cam\\bida_ai_system\\clips\\live_1.jpg.tmp.jpg' -> 'D:\\lehuynhthuan\\Cam\\bida_ai_system\\clips\\live_1.jpg'
[2026-07-15 14:14:09] Loi rename live image: [WinError 5] Access is denied: 'D:\\lehuynhthuan\\Cam\\bida_ai_system\\clips\\live_1.jpg.tmp.jpg' -> 'D:\\lehuynhthuan\\Cam\\bida_ai_system\\clips\\live_1.jpg'
[2026-07-15 14:14:10] Loi rename live image: [WinError 5] Access is denied: 'D:\\lehuynhthuan\\Cam\\bida_ai_system\\clips\\live_1.jpg.tmp.jpg' -> 'D:\\lehuynhthuan\\Cam\\bida_ai_system\\clips\\live_1.jpg'
[2026-07-15 14:14:10] Loi rename live image: [WinError 5] Access is denied: 'D:\\lehuynhthuan\\Cam\\bida_ai_system\\clips\\live_1.jpg.tmp.jpg' -> 'D:\\lehuynhthuan\\Cam\\bida_ai_system\\clips\\live_1.jpg'
[2026-07-15 14:14:11] Loi rename live image: [WinError 5] Access is denied: 'D:\\lehuynhthuan\\Cam\\bida_ai_system\\clips\\live_1.jpg.tmp.jpg' -> 'D:\\lehuynhthuan\\Cam\\bida_ai_system\\clips\\live_1.jpg'
[2026-07-15 14:14:12] Loi rename live image: [WinError 5] Access is denied: 'D:\\lehuynhthuan\\Cam\\bida_ai_system\\clips\\live_1.jpg.tmp.jpg' -> 'D:\\lehuynhthuan\\Cam\\bida_ai_system\\clips\\live_1.jpg'
[2026-07-15 14:14:12] Loi rename live image: [WinError 5] Access is denied: 'D:\\lehuynhthuan\\Cam\\bida_ai_system\\clips\\live_1.jpg.tmp.jpg' -> 'D:\\lehuynhthuan\\Cam\\bida_ai_system\\clips\\live_1.jpg'
[2026-07-15 14:14:14] Loi rename live image: [WinError 5] Access is denied: 'D:\\lehuynhthuan\\Cam\\bida_ai_system\\clips\\live_1.jpg.tmp.jpg' -> 'D:\\lehuynhthuan\\Cam\\bida_ai_system\\clips\\live_1.jpg'
[2026-07-15 14:14:16] Loi rename live image: [WinError 5] Access is denied: 'D:\\lehuynhthuan\\Cam\\bida_ai_system\\clips\\live_1.jpg.tmp.jpg' -> 'D:\\lehuynhthuan\\Cam\\bida_ai_system\\clips\\live_1.jpg'
[2026-07-15 14:14:16] Loi rename live image: [WinError 5] Access is denied: 'D:\\lehuynhthuan\\Cam\\bida_ai_system\\clips\\live_1.jpg.tmp.jpg' -> 'D:\\lehuynhthuan\\Cam\\bida_ai_system\\clips\\live_1.jpg'
[2026-07-15 14:14:17] Loi rename live image: [WinError 5] Access is denied: 'D:\\lehuynhthuan\\Cam\\bida_ai_system\\clips\\live_1.jpg.tmp.jpg' -> 'D:\\lehuynhthuan\\Cam\\bida_ai_system\\clips\\live_1.jpg'
[2026-07-15 14:14:17] Loi rename live image: [WinError 5] Access is denied: 'D:\\lehuynhthuan\\Cam\\bida_ai_system\\clips\\live_1.jpg.tmp.jpg' -> 'D:\\lehuynhthuan\\Cam\\bida_ai_system\\clips\\live_1.jpg'
[2026-07-15 14:14:18] Loi rename live image: [WinError 5] Access is denied: 'D:\\lehuynhthuan\\Cam\\bida_ai_system\\clips\\live_1.jpg.tmp.jpg' -> 'D:\\lehuynhthuan\\Cam\\bida_ai_system\\clips\\live_1.jpg'
[2026-07-15 14:14:19] Loi rename live image: [WinError 5] Access is denied: 'D:\\lehuynhthuan\\Cam\\bida_ai_system\\clips\\live_1.jpg.tmp.jpg' -> 'D:\\lehuynhthuan\\Cam\\bida_ai_system\\clips\\live_1.jpg'
[2026-07-15 14:14:20] Loi rename live image: [WinError 5] Access is denied: 'D:\\lehuynhthuan\\Cam\\bida_ai_system\\clips\\live_1.jpg.tmp.jpg' -> 'D:\\lehuynhthuan\\Cam\\bida_ai_system\\clips\\live_1.jpg'
[2026-07-15 14:14:20] Loi rename live image: [WinError 5] Access is denied: 'D:\\lehuynhthuan\\Cam\\bida_ai_system\\clips\\live_1.jpg.tmp.jpg' -> 'D:\\lehuynhthuan\\Cam\\bida_ai_system\\clips\\live_1.jpg'
[2026-07-15 14:14:21] Loi rename live image: [WinError 5] Access is denied: 'D:\\lehuynhthuan\\Cam\\bida_ai_system\\clips\\live_1.jpg.tmp.jpg' -> 'D:\\lehuynhthuan\\Cam\\bida_ai_system\\clips\\live_1.jpg'
[2026-07-15 14:14:21] Loi rename live image: [WinError 5] Access is denied: 'D:\\lehuynhthuan\\Cam\\bida_ai_system\\clips\\live_1.jpg.tmp.jpg' -> 'D:\\lehuynhthuan\\Cam\\bida_ai_system\\clips\\live_1.jpg'
[2026-07-15 14:14:21] Loi rename live image: [WinError 5] Access is denied: 'D:\\lehuynhthuan\\Cam\\bida_ai_system\\clips\\live_1.jpg.tmp.jpg' -> 'D:\\lehuynhthuan\\Cam\\bida_ai_system\\clips\\live_1.jpg'
[2026-07-15 14:14:22] Loi rename live image: [WinError 5] Access is denied: 'D:\\lehuynhthuan\\Cam\\bida_ai_system\\clips\\live_1.jpg.tmp.jpg' -> 'D:\\lehuynhthuan\\Cam\\bida_ai_system\\clips\\live_1.jpg'
[2026-07-15 14:14:22] Loi rename live image: [WinError 5] Access is denied: 'D:\\lehuynhthuan\\Cam\\bida_ai_system\\clips\\live_1.jpg.tmp.jpg' -> 'D:\\lehuynhthuan\\Cam\\bida_ai_system\\clips\\live_1.jpg'
[2026-07-15 14:14:23] Loi rename live image: [WinError 5] Access is denied: 'D:\\lehuynhthuan\\Cam\\bida_ai_system\\clips\\live_1.jpg.tmp.jpg' -> 'D:\\lehuynhthuan\\Cam\\bida_ai_system\\clips\\live_1.jpg'
[2026-07-15 14:14:24] Loi rename live image: [WinError 5] Access is denied: 'D:\\lehuynhthuan\\Cam\\bida_ai_system\\clips\\live_1.jpg.tmp.jpg' -> 'D:\\lehuynhthuan\\Cam\\bida_ai_system\\clips\\live_1.jpg'
[2026-07-15 14:14:24] Loi rename live image: [WinError 5] Access is denied: 'D:\\lehuynhthuan\\Cam\\bida_ai_system\\clips\\live_1.jpg.tmp.jpg' -> 'D:\\lehuynhthuan\\Cam\\bida_ai_system\\clips\\live_1.jpg'
[2026-07-15 14:14:25] Loi rename live image: [WinError 5] Access is denied: 'D:\\lehuynhthuan\\Cam\\bida_ai_system\\clips\\live_1.jpg.tmp.jpg' -> 'D:\\lehuynhthuan\\Cam\\bida_ai_system\\clips\\live_1.jpg'
[2026-07-15 14:14:25] Loi rename live image: [WinError 5] Access is denied: 'D:\\lehuynhthuan\\Cam\\bida_ai_system\\clips\\live_1.jpg.tmp.jpg' -> 'D:\\lehuynhthuan\\Cam\\bida_ai_system\\clips\\live_1.jpg'
[2026-07-15 14:14:25] Loi rename live image: [WinError 5] Access is denied: 'D:\\lehuynhthuan\\Cam\\bida_ai_system\\clips\\live_1.jpg.tmp.jpg' -> 'D:\\lehuynhthuan\\Cam\\bida_ai_system\\clips\\live_1.jpg'
[2026-07-15 14:14:26] Loi rename live image: [WinError 5] Access is denied: 'D:\\lehuynhthuan\\Cam\\bida_ai_system\\clips\\live_1.jpg.tmp.jpg' -> 'D:\\lehuynhthuan\\Cam\\bida_ai_system\\clips\\live_1.jpg'
[2026-07-15 14:14:26] Loi: Khong the doc tu camera
[2026-07-15 14:14:26] Loi rename live image: [WinError 5] Access is denied: 'D:\\lehuynhthuan\\Cam\\bida_ai_system\\clips\\live_1.jpg.tmp.jpg' -> 'D:\\lehuynhthuan\\Cam\\bida_ai_system\\clips\\live_1.jpg'
[2026-07-15 14:14:26] Loi rename live image: [WinError 5] Access is denied: 'D:\\lehuynhthuan\\Cam\\bida_ai_system\\clips\\live_1.jpg.tmp.jpg' -> 'D:\\lehuynhthuan\\Cam\\bida_ai_system\\clips\\live_1.jpg'
[2026-07-15 14:14:27] Loi rename live image: [WinError 5] Access is denied: 'D:\\lehuynhthuan\\Cam\\bida_ai_system\\clips\\live_1.jpg.tmp.jpg' -> 'D:\\lehuynhthuan\\Cam\\bida_ai_system\\clips\\live_1.jpg'
[2026-07-15 14:14:27] Loi rename live image: [WinError 5] Access is denied: 'D:\\lehuynhthuan\\Cam\\bida_ai_system\\clips\\live_1.jpg.tmp.jpg' -> 'D:\\lehuynhthuan\\Cam\\bida_ai_system\\clips\\live_1.jpg'
[2026-07-15 14:14:27] Loi rename live image: [WinError 5] Access is denied: 'D:\\lehuynhthuan\\Cam\\bida_ai_system\\clips\\live_1.jpg.tmp.jpg' -> 'D:\\lehuynhthuan\\Cam\\bida_ai_system\\clips\\live_1.jpg'
[2026-07-15 14:14:27] Loi rename live image: [WinError 5] Access is denied: 'D:\\lehuynhthuan\\Cam\\bida_ai_system\\clips\\live_1.jpg.tmp.jpg' -> 'D:\\lehuynhthuan\\Cam\\bida_ai_system\\clips\\live_1.jpg'
[2026-07-15 14:14:27] Loi rename live image: [WinError 5] Access is denied: 'D:\\lehuynhthuan\\Cam\\bida_ai_system\\clips\\live_1.jpg.tmp.jpg' -> 'D:\\lehuynhthuan\\Cam\\bida_ai_system\\clips\\live_1.jpg'
[2026-07-15 14:14:28] Loi rename live image: [WinError 5] Access is denied: 'D:\\lehuynhthuan\\Cam\\bida_ai_system\\clips\\live_1.jpg.tmp.jpg' -> 'D:\\lehuynhthuan\\Cam\\bida_ai_system\\clips\\live_1.jpg'
[2026-07-15 14:14:28] Loi rename live image: [WinError 5] Access is denied: 'D:\\lehuynhthuan\\Cam\\bida_ai_system\\clips\\live_1.jpg.tmp.jpg' -> 'D:\\lehuynhthuan\\Cam\\bida_ai_system\\clips\\live_1.jpg'
[2026-07-15 14:14:29] Loi rename live image: [WinError 5] Access is denied: 'D:\\lehuynhthuan\\Cam\\bida_ai_system\\clips\\live_1.jpg.tmp.jpg' -> 'D:\\lehuynhthuan\\Cam\\bida_ai_system\\clips\\live_1.jpg'
[2026-07-15 14:14:29] Loi rename live image: [WinError 5] Access is denied: 'D:\\lehuynhthuan\\Cam\\bida_ai_system\\clips\\live_1.jpg.tmp.jpg' -> 'D:\\lehuynhthuan\\Cam\\bida_ai_system\\clips\\live_1.jpg'
[2026-07-15 14:14:29] Loi rename live image: [WinError 5] Access is denied: 'D:\\lehuynhthuan\\Cam\\bida_ai_system\\clips\\live_1.jpg.tmp.jpg' -> 'D:\\lehuynhthuan\\Cam\\bida_ai_system\\clips\\live_1.jpg'
[2026-07-15 14:14:29] Loi rename live image: [WinError 5] Access is denied: 'D:\\lehuynhthuan\\Cam\\bida_ai_system\\clips\\live_1.jpg.tmp.jpg' -> 'D:\\lehuynhthuan\\Cam\\bida_ai_system\\clips\\live_1.jpg'
[2026-07-15 14:14:30] Loi rename live image: [WinError 5] Access is denied: 'D:\\lehuynhthuan\\Cam\\bida_ai_system\\clips\\live_1.jpg.tmp.jpg' -> 'D:\\lehuynhthuan\\Cam\\bida_ai_system\\clips\\live_1.jpg'
[2026-07-15 14:14:30] Loi rename live image: [WinError 5] Access is denied: 'D:\\lehuynhthuan\\Cam\\bida_ai_system\\clips\\live_1.jpg.tmp.jpg' -> 'D:\\lehuynhthuan\\Cam\\bida_ai_system\\clips\\live_1.jpg'
[2026-07-15 14:14:30] Loi rename live image: [WinError 5] Access is denied: 'D:\\lehuynhthuan\\Cam\\bida_ai_system\\clips\\live_1.jpg.tmp.jpg' -> 'D:\\lehuynhthuan\\Cam\\bida_ai_system\\clips\\live_1.jpg'
[2026-07-15 14:14:31] Loi rename live image: [WinError 5] Access is denied: 'D:\\lehuynhthuan\\Cam\\bida_ai_system\\clips\\live_1.jpg.tmp.jpg' -> 'D:\\lehuynhthuan\\Cam\\bida_ai_system\\clips\\live_1.jpg'
[2026-07-15 14:14:31] Loi rename live image: [WinError 5] Access is denied: 'D:\\lehuynhthuan\\Cam\\bida_ai_system\\clips\\live_1.jpg.tmp.jpg' -> 'D:\\lehuynhthuan\\Cam\\bida_ai_system\\clips\\live_1.jpg'
[2026-07-15 14:14:31] Loi rename live image: [WinError 5] Access is denied: 'D:\\lehuynhthuan\\Cam\\bida_ai_system\\clips\\live_1.jpg.tmp.jpg' -> 'D:\\lehuynhthuan\\Cam\\bida_ai_system\\clips\\live_1.jpg'
[2026-07-15 14:14:32] --- Bat dau khoi dong AI stream ---
[2026-07-15 14:14:32] Loi rename live image: [WinError 5] Access is denied: 'D:\\lehuynhthuan\\Cam\\bida_ai_system\\clips\\live_1.jpg.tmp.jpg' -> 'D:\\lehuynhthuan\\Cam\\bida_ai_system\\clips\\live_1.jpg'
[2026-07-15 14:14:32] Loi rename live image: [WinError 5] Access is denied: 'D:\\lehuynhthuan\\Cam\\bida_ai_system\\clips\\live_1.jpg.tmp.jpg' -> 'D:\\lehuynhthuan\\Cam\\bida_ai_system\\clips\\live_1.jpg'
[2026-07-15 14:14:33] Loi rename live image: [WinError 5] Access is denied: 'D:\\lehuynhthuan\\Cam\\bida_ai_system\\clips\\live_1.jpg.tmp.jpg' -> 'D:\\lehuynhthuan\\Cam\\bida_ai_system\\clips\\live_1.jpg'
[2026-07-15 14:14:33] Loi rename live image: [WinError 5] Access is denied: 'D:\\lehuynhthuan\\Cam\\bida_ai_system\\clips\\live_1.jpg.tmp.jpg' -> 'D:\\lehuynhthuan\\Cam\\bida_ai_system\\clips\\live_1.jpg'
[2026-07-15 14:14:36] Loi rename live image: [WinError 5] Access is denied: 'D:\\lehuynhthuan\\Cam\\bida_ai_system\\clips\\live_1.jpg.tmp.jpg' -> 'D:\\lehuynhthuan\\Cam\\bida_ai_system\\clips\\live_1.jpg'
[2026-07-15 14:14:36] Loi rename live image: [WinError 5] Access is denied: 'D:\\lehuynhthuan\\Cam\\bida_ai_system\\clips\\live_1.jpg.tmp.jpg' -> 'D:\\lehuynhthuan\\Cam\\bida_ai_system\\clips\\live_1.jpg'
[2026-07-15 14:14:36] Loi rename live image: [WinError 5] Access is denied: 'D:\\lehuynhthuan\\Cam\\bida_ai_system\\clips\\live_1.jpg.tmp.jpg' -> 'D:\\lehuynhthuan\\Cam\\bida_ai_system\\clips\\live_1.jpg'
[2026-07-15 14:14:37] Loi rename live image: [WinError 5] Access is denied: 'D:\\lehuynhthuan\\Cam\\bida_ai_system\\clips\\live_1.jpg.tmp.jpg' -> 'D:\\lehuynhthuan\\Cam\\bida_ai_system\\clips\\live_1.jpg'
[2026-07-15 14:14:37] Loi rename live image: [WinError 5] Access is denied: 'D:\\lehuynhthuan\\Cam\\bida_ai_system\\clips\\live_1.jpg.tmp.jpg' -> 'D:\\lehuynhthuan\\Cam\\bida_ai_system\\clips\\live_1.jpg'
[2026-07-15 14:14:37] Loi rename live image: [WinError 5] Access is denied: 'D:\\lehuynhthuan\\Cam\\bida_ai_system\\clips\\live_1.jpg.tmp.jpg' -> 'D:\\lehuynhthuan\\Cam\\bida_ai_system\\clips\\live_1.jpg'
[2026-07-15 14:14:38] Loi rename live image: [WinError 5] Access is denied: 'D:\\lehuynhthuan\\Cam\\bida_ai_system\\clips\\live_1.jpg.tmp.jpg' -> 'D:\\lehuynhthuan\\Cam\\bida_ai_system\\clips\\live_1.jpg'
[2026-07-15 14:14:39] Loi rename live image: [WinError 5] Access is denied: 'D:\\lehuynhthuan\\Cam\\bida_ai_system\\clips\\live_1.jpg.tmp.jpg' -> 'D:\\lehuynhthuan\\Cam\\bida_ai_system\\clips\\live_1.jpg'
[2026-07-15 14:14:40] Loi rename live image: [WinError 5] Access is denied: 'D:\\lehuynhthuan\\Cam\\bida_ai_system\\clips\\live_1.jpg.tmp.jpg' -> 'D:\\lehuynhthuan\\Cam\\bida_ai_system\\clips\\live_1.jpg'
[2026-07-15 14:14:40] Loi rename live image: [WinError 5] Access is denied: 'D:\\lehuynhthuan\\Cam\\bida_ai_system\\clips\\live_1.jpg.tmp.jpg' -> 'D:\\lehuynhthuan\\Cam\\bida_ai_system\\clips\\live_1.jpg'
[2026-07-15 14:14:40] Loi rename live image: [WinError 5] Access is denied: 'D:\\lehuynhthuan\\Cam\\bida_ai_system\\clips\\live_1.jpg.tmp.jpg' -> 'D:\\lehuynhthuan\\Cam\\bida_ai_system\\clips\\live_1.jpg'
[2026-07-15 14:14:41] Loi rename live image: [WinError 5] Access is denied: 'D:\\lehuynhthuan\\Cam\\bida_ai_system\\clips\\live_1.jpg.tmp.jpg' -> 'D:\\lehuynhthuan\\Cam\\bida_ai_system\\clips\\live_1.jpg'
[2026-07-15 14:14:41] Loi rename live image: [WinError 5] Access is denied: 'D:\\lehuynhthuan\\Cam\\bida_ai_system\\clips\\live_1.jpg.tmp.jpg' -> 'D:\\lehuynhthuan\\Cam\\bida_ai_system\\clips\\live_1.jpg'
[2026-07-15 14:14:41] Loi rename live image: [WinError 5] Access is denied: 'D:\\lehuynhthuan\\Cam\\bida_ai_system\\clips\\live_1.jpg.tmp.jpg' -> 'D:\\lehuynhthuan\\Cam\\bida_ai_system\\clips\\live_1.jpg'
[2026-07-15 14:14:42] Loi rename live image: [WinError 5] Access is denied: 'D:\\lehuynhthuan\\Cam\\bida_ai_system\\clips\\live_1.jpg.tmp.jpg' -> 'D:\\lehuynhthuan\\Cam\\bida_ai_system\\clips\\live_1.jpg'
[2026-07-15 14:14:43] Loi rename live image: [WinError 5] Access is denied: 'D:\\lehuynhthuan\\Cam\\bida_ai_system\\clips\\live_1.jpg.tmp.jpg' -> 'D:\\lehuynhthuan\\Cam\\bida_ai_system\\clips\\live_1.jpg'
[2026-07-15 14:14:43] Loi rename live image: [WinError 5] Access is denied: 'D:\\lehuynhthuan\\Cam\\bida_ai_system\\clips\\live_1.jpg.tmp.jpg' -> 'D:\\lehuynhthuan\\Cam\\bida_ai_system\\clips\\live_1.jpg'
[2026-07-15 14:14:44] Loi rename live image: [WinError 5] Access is denied: 'D:\\lehuynhthuan\\Cam\\bida_ai_system\\clips\\live_1.jpg.tmp.jpg' -> 'D:\\lehuynhthuan\\Cam\\bida_ai_system\\clips\\live_1.jpg'
[2026-07-15 14:14:44] Loi rename live image: [WinError 5] Access is denied: 'D:\\lehuynhthuan\\Cam\\bida_ai_system\\clips\\live_1.jpg.tmp.jpg' -> 'D:\\lehuynhthuan\\Cam\\bida_ai_system\\clips\\live_1.jpg'
[2026-07-15 14:14:45] Loi rename live image: [WinError 5] Access is denied: 'D:\\lehuynhthuan\\Cam\\bida_ai_system\\clips\\live_1.jpg.tmp.jpg' -> 'D:\\lehuynhthuan\\Cam\\bida_ai_system\\clips\\live_1.jpg'
[2026-07-15 14:14:47] Loi rename live image: [WinError 5] Access is denied: 'D:\\lehuynhthuan\\Cam\\bida_ai_system\\clips\\live_1.jpg.tmp.jpg' -> 'D:\\lehuynhthuan\\Cam\\bida_ai_system\\clips\\live_1.jpg'
[2026-07-15 14:14:48] Loi rename live image: [WinError 5] Access is denied: 'D:\\lehuynhthuan\\Cam\\bida_ai_system\\clips\\live_1.jpg.tmp.jpg' -> 'D:\\lehuynhthuan\\Cam\\bida_ai_system\\clips\\live_1.jpg'
[2026-07-15 14:14:48] Loi rename live image: [WinError 5] Access is denied: 'D:\\lehuynhthuan\\Cam\\bida_ai_system\\clips\\live_1.jpg.tmp.jpg' -> 'D:\\lehuynhthuan\\Cam\\bida_ai_system\\clips\\live_1.jpg'
[2026-07-15 14:14:50] Loi rename live image: [WinError 5] Access is denied: 'D:\\lehuynhthuan\\Cam\\bida_ai_system\\clips\\live_1.jpg.tmp.jpg' -> 'D:\\lehuynhthuan\\Cam\\bida_ai_system\\clips\\live_1.jpg'
[2026-07-15 14:14:50] Loi rename live image: [WinError 5] Access is denied: 'D:\\lehuynhthuan\\Cam\\bida_ai_system\\clips\\live_1.jpg.tmp.jpg' -> 'D:\\lehuynhthuan\\Cam\\bida_ai_system\\clips\\live_1.jpg'
[2026-07-15 14:14:50] Loi rename live image: [WinError 5] Access is denied: 'D:\\lehuynhthuan\\Cam\\bida_ai_system\\clips\\live_1.jpg.tmp.jpg' -> 'D:\\lehuynhthuan\\Cam\\bida_ai_system\\clips\\live_1.jpg'
[2026-07-15 14:14:50] Loi rename live image: [WinError 5] Access is denied: 'D:\\lehuynhthuan\\Cam\\bida_ai_system\\clips\\live_1.jpg.tmp.jpg' -> 'D:\\lehuynhthuan\\Cam\\bida_ai_system\\clips\\live_1.jpg'
[2026-07-15 14:14:51] Loi rename live image: [WinError 5] Access is denied: 'D:\\lehuynhthuan\\Cam\\bida_ai_system\\clips\\live_1.jpg.tmp.jpg' -> 'D:\\lehuynhthuan\\Cam\\bida_ai_system\\clips\\live_1.jpg'
[2026-07-15 14:14:51] Loi rename live image: [WinError 5] Access is denied: 'D:\\lehuynhthuan\\Cam\\bida_ai_system\\clips\\live_1.jpg.tmp.jpg' -> 'D:\\lehuynhthuan\\Cam\\bida_ai_system\\clips\\live_1.jpg'
[2026-07-15 14:14:52] Loi rename live image: [WinError 5] Access is denied: 'D:\\lehuynhthuan\\Cam\\bida_ai_system\\clips\\live_1.jpg.tmp.jpg' -> 'D:\\lehuynhthuan\\Cam\\bida_ai_system\\clips\\live_1.jpg'
[2026-07-15 14:14:53] Loi rename live image: [WinError 5] Access is denied: 'D:\\lehuynhthuan\\Cam\\bida_ai_system\\clips\\live_1.jpg.tmp.jpg' -> 'D:\\lehuynhthuan\\Cam\\bida_ai_system\\clips\\live_1.jpg'
[2026-07-15 14:14:53] Loi rename live image: [WinError 5] Access is denied: 'D:\\lehuynhthuan\\Cam\\bida_ai_system\\clips\\live_1.jpg.tmp.jpg' -> 'D:\\lehuynhthuan\\Cam\\bida_ai_system\\clips\\live_1.jpg'
[2026-07-15 14:14:53] Loi rename live image: [WinError 5] Access is denied: 'D:\\lehuynhthuan\\Cam\\bida_ai_system\\clips\\live_1.jpg.tmp.jpg' -> 'D:\\lehuynhthuan\\Cam\\bida_ai_system\\clips\\live_1.jpg'
[2026-07-15 14:14:55] Loi rename live image: [WinError 5] Access is denied: 'D:\\lehuynhthuan\\Cam\\bida_ai_system\\clips\\live_1.jpg.tmp.jpg' -> 'D:\\lehuynhthuan\\Cam\\bida_ai_system\\clips\\live_1.jpg'
[2026-07-15 14:14:57] Loi: Khong the doc tu camera
[2026-07-15 14:14:57] Loi rename live image: [WinError 5] Access is denied: 'D:\\lehuynhthuan\\Cam\\bida_ai_system\\clips\\live_1.jpg.tmp.jpg' -> 'D:\\lehuynhthuan\\Cam\\bida_ai_system\\clips\\live_1.jpg'
[2026-07-15 14:15:00] Da dong archive phut: 1414
[2026-07-15 14:15:00] Mo archive moi: D:\lehuynhthuan\Cam\bida_ai_system\archive\ban1_1415.mp4
[2026-07-15 14:15:01] --- Bat dau khoi dong AI stream ---
[2026-07-15 14:15:16] Loi rename live image: [WinError 5] Access is denied: 'D:\\lehuynhthuan\\Cam\\bida_ai_system\\clips\\live_1.jpg.tmp.jpg' -> 'D:\\lehuynhthuan\\Cam\\bida_ai_system\\clips\\live_1.jpg'
[2026-07-15 14:15:17] Loi rename live image: [WinError 5] Access is denied: 'D:\\lehuynhthuan\\Cam\\bida_ai_system\\clips\\live_1.jpg.tmp.jpg' -> 'D:\\lehuynhthuan\\Cam\\bida_ai_system\\clips\\live_1.jpg'
[2026-07-15 14:15:20] Loi rename live image: [WinError 5] Access is denied: 'D:\\lehuynhthuan\\Cam\\bida_ai_system\\clips\\live_1.jpg.tmp.jpg' -> 'D:\\lehuynhthuan\\Cam\\bida_ai_system\\clips\\live_1.jpg'
[2026-07-15 14:15:21] Loi: Khong the doc tu camera
[2026-07-15 14:15:22] Loi rename live image: [WinError 5] Access is denied: 'D:\\lehuynhthuan\\Cam\\bida_ai_system\\clips\\live_1.jpg.tmp.jpg' -> 'D:\\lehuynhthuan\\Cam\\bida_ai_system\\clips\\live_1.jpg'
[2026-07-15 14:15:26] --- Bat dau khoi dong AI stream ---
[2026-07-15 14:15:26] Loi rename live image: [WinError 5] Access is denied: 'D:\\lehuynhthuan\\Cam\\bida_ai_system\\clips\\live_1.jpg.tmp.jpg' -> 'D:\\lehuynhthuan\\Cam\\bida_ai_system\\clips\\live_1.jpg'
[2026-07-15 14:15:27] Loi rename live image: [WinError 5] Access is denied: 'D:\\lehuynhthuan\\Cam\\bida_ai_system\\clips\\live_1.jpg.tmp.jpg' -> 'D:\\lehuynhthuan\\Cam\\bida_ai_system\\clips\\live_1.jpg'
[2026-07-15 14:15:27] Loi rename live image: [WinError 5] Access is denied: 'D:\\lehuynhthuan\\Cam\\bida_ai_system\\clips\\live_1.jpg.tmp.jpg' -> 'D:\\lehuynhthuan\\Cam\\bida_ai_system\\clips\\live_1.jpg'
[2026-07-15 14:15:28] Loi rename live image: [WinError 5] Access is denied: 'D:\\lehuynhthuan\\Cam\\bida_ai_system\\clips\\live_1.jpg.tmp.jpg' -> 'D:\\lehuynhthuan\\Cam\\bida_ai_system\\clips\\live_1.jpg'
[2026-07-15 14:15:28] Loi rename live image: [WinError 5] Access is denied: 'D:\\lehuynhthuan\\Cam\\bida_ai_system\\clips\\live_1.jpg.tmp.jpg' -> 'D:\\lehuynhthuan\\Cam\\bida_ai_system\\clips\\live_1.jpg'
[2026-07-15 14:15:28] Loi rename live image: [WinError 5] Access is denied: 'D:\\lehuynhthuan\\Cam\\bida_ai_system\\clips\\live_1.jpg.tmp.jpg' -> 'D:\\lehuynhthuan\\Cam\\bida_ai_system\\clips\\live_1.jpg'
[2026-07-15 14:15:29] Loi rename live image: [WinError 5] Access is denied: 'D:\\lehuynhthuan\\Cam\\bida_ai_system\\clips\\live_1.jpg.tmp.jpg' -> 'D:\\lehuynhthuan\\Cam\\bida_ai_system\\clips\\live_1.jpg'
[2026-07-15 14:15:29] Loi rename live image: [WinError 5] Access is denied: 'D:\\lehuynhthuan\\Cam\\bida_ai_system\\clips\\live_1.jpg.tmp.jpg' -> 'D:\\lehuynhthuan\\Cam\\bida_ai_system\\clips\\live_1.jpg'
[2026-07-15 14:15:29] KHACH GIO TAY ORDER!
[2026-07-15 14:15:29] Loi rename live image: [WinError 5] Access is denied: 'D:\\lehuynhthuan\\Cam\\bida_ai_system\\clips\\live_1.jpg.tmp.jpg' -> 'D:\\lehuynhthuan\\Cam\\bida_ai_system\\clips\\live_1.jpg'
[2026-07-15 14:15:29] Loi rename live image: [WinError 5] Access is denied: 'D:\\lehuynhthuan\\Cam\\bida_ai_system\\clips\\live_1.jpg.tmp.jpg' -> 'D:\\lehuynhthuan\\Cam\\bida_ai_system\\clips\\live_1.jpg'
[2026-07-15 14:15:30] Loi rename live image: [WinError 5] Access is denied: 'D:\\lehuynhthuan\\Cam\\bida_ai_system\\clips\\live_1.jpg.tmp.jpg' -> 'D:\\lehuynhthuan\\Cam\\bida_ai_system\\clips\\live_1.jpg'
[2026-07-15 14:15:30] Loi rename live image: [WinError 5] Access is denied: 'D:\\lehuynhthuan\\Cam\\bida_ai_system\\clips\\live_1.jpg.tmp.jpg' -> 'D:\\lehuynhthuan\\Cam\\bida_ai_system\\clips\\live_1.jpg'
[2026-07-15 14:15:30] Loi rename live image: [WinError 5] Access is denied: 'D:\\lehuynhthuan\\Cam\\bida_ai_system\\clips\\live_1.jpg.tmp.jpg' -> 'D:\\lehuynhthuan\\Cam\\bida_ai_system\\clips\\live_1.jpg'
[2026-07-15 14:15:30] Loi rename live image: [WinError 5] Access is denied: 'D:\\lehuynhthuan\\Cam\\bida_ai_system\\clips\\live_1.jpg.tmp.jpg' -> 'D:\\lehuynhthuan\\Cam\\bida_ai_system\\clips\\live_1.jpg'
[2026-07-15 14:15:30] Loi rename live image: [WinError 5] Access is denied: 'D:\\lehuynhthuan\\Cam\\bida_ai_system\\clips\\live_1.jpg.tmp.jpg' -> 'D:\\lehuynhthuan\\Cam\\bida_ai_system\\clips\\live_1.jpg'
[2026-07-15 14:15:31] Loi rename live image: [WinError 5] Access is denied: 'D:\\lehuynhthuan\\Cam\\bida_ai_system\\clips\\live_1.jpg.tmp.jpg' -> 'D:\\lehuynhthuan\\Cam\\bida_ai_system\\clips\\live_1.jpg'
[2026-07-15 14:15:31] Loi rename live image: [WinError 5] Access is denied: 'D:\\lehuynhthuan\\Cam\\bida_ai_system\\clips\\live_1.jpg.tmp.jpg' -> 'D:\\lehuynhthuan\\Cam\\bida_ai_system\\clips\\live_1.jpg'
[2026-07-15 14:15:31] Loi rename live image: [WinError 5] Access is denied: 'D:\\lehuynhthuan\\Cam\\bida_ai_system\\clips\\live_1.jpg.tmp.jpg' -> 'D:\\lehuynhthuan\\Cam\\bida_ai_system\\clips\\live_1.jpg'
[2026-07-15 14:15:31] Loi rename live image: [WinError 5] Access is denied: 'D:\\lehuynhthuan\\Cam\\bida_ai_system\\clips\\live_1.jpg.tmp.jpg' -> 'D:\\lehuynhthuan\\Cam\\bida_ai_system\\clips\\live_1.jpg'
[2026-07-15 14:15:32] Loi rename live image: [WinError 5] Access is denied: 'D:\\lehuynhthuan\\Cam\\bida_ai_system\\clips\\live_1.jpg.tmp.jpg' -> 'D:\\lehuynhthuan\\Cam\\bida_ai_system\\clips\\live_1.jpg'
[2026-07-15 14:15:32] Loi rename live image: [WinError 5] Access is denied: 'D:\\lehuynhthuan\\Cam\\bida_ai_system\\clips\\live_1.jpg.tmp.jpg' -> 'D:\\lehuynhthuan\\Cam\\bida_ai_system\\clips\\live_1.jpg'
[2026-07-15 14:15:32] Loi rename live image: [WinError 5] Access is denied: 'D:\\lehuynhthuan\\Cam\\bida_ai_system\\clips\\live_1.jpg.tmp.jpg' -> 'D:\\lehuynhthuan\\Cam\\bida_ai_system\\clips\\live_1.jpg'
[2026-07-15 14:15:32] Loi rename live image: [WinError 5] Access is denied: 'D:\\lehuynhthuan\\Cam\\bida_ai_system\\clips\\live_1.jpg.tmp.jpg' -> 'D:\\lehuynhthuan\\Cam\\bida_ai_system\\clips\\live_1.jpg'
[2026-07-15 14:15:33] Loi rename live image: [WinError 5] Access is denied: 'D:\\lehuynhthuan\\Cam\\bida_ai_system\\clips\\live_1.jpg.tmp.jpg' -> 'D:\\lehuynhthuan\\Cam\\bida_ai_system\\clips\\live_1.jpg'
[2026-07-15 14:15:33] Loi rename live image: [WinError 5] Access is denied: 'D:\\lehuynhthuan\\Cam\\bida_ai_system\\clips\\live_1.jpg.tmp.jpg' -> 'D:\\lehuynhthuan\\Cam\\bida_ai_system\\clips\\live_1.jpg'
[2026-07-15 14:15:33] Loi rename live image: [WinError 5] Access is denied: 'D:\\lehuynhthuan\\Cam\\bida_ai_system\\clips\\live_1.jpg.tmp.jpg' -> 'D:\\lehuynhthuan\\Cam\\bida_ai_system\\clips\\live_1.jpg'
[2026-07-15 14:15:33] Loi rename live image: [WinError 5] Access is denied: 'D:\\lehuynhthuan\\Cam\\bida_ai_system\\clips\\live_1.jpg.tmp.jpg' -> 'D:\\lehuynhthuan\\Cam\\bida_ai_system\\clips\\live_1.jpg'
[2026-07-15 14:15:34] Loi rename live image: [WinError 5] Access is denied: 'D:\\lehuynhthuan\\Cam\\bida_ai_system\\clips\\live_1.jpg.tmp.jpg' -> 'D:\\lehuynhthuan\\Cam\\bida_ai_system\\clips\\live_1.jpg'
[2026-07-15 14:15:34] Loi rename live image: [WinError 5] Access is denied: 'D:\\lehuynhthuan\\Cam\\bida_ai_system\\clips\\live_1.jpg.tmp.jpg' -> 'D:\\lehuynhthuan\\Cam\\bida_ai_system\\clips\\live_1.jpg'
[2026-07-15 14:15:34] Loi rename live image: [WinError 5] Access is denied: 'D:\\lehuynhthuan\\Cam\\bida_ai_system\\clips\\live_1.jpg.tmp.jpg' -> 'D:\\lehuynhthuan\\Cam\\bida_ai_system\\clips\\live_1.jpg'
[2026-07-15 14:15:34] Loi rename live image: [WinError 5] Access is denied: 'D:\\lehuynhthuan\\Cam\\bida_ai_system\\clips\\live_1.jpg.tmp.jpg' -> 'D:\\lehuynhthuan\\Cam\\bida_ai_system\\clips\\live_1.jpg'
[2026-07-15 14:15:35] Loi rename live image: [WinError 5] Access is denied: 'D:\\lehuynhthuan\\Cam\\bida_ai_system\\clips\\live_1.jpg.tmp.jpg' -> 'D:\\lehuynhthuan\\Cam\\bida_ai_system\\clips\\live_1.jpg'
[2026-07-15 14:15:36] Loi rename live image: [WinError 5] Access is denied: 'D:\\lehuynhthuan\\Cam\\bida_ai_system\\clips\\live_1.jpg.tmp.jpg' -> 'D:\\lehuynhthuan\\Cam\\bida_ai_system\\clips\\live_1.jpg'
[2026-07-15 14:15:36] Loi rename live image: [WinError 5] Access is denied: 'D:\\lehuynhthuan\\Cam\\bida_ai_system\\clips\\live_1.jpg.tmp.jpg' -> 'D:\\lehuynhthuan\\Cam\\bida_ai_system\\clips\\live_1.jpg'
[2026-07-15 14:15:36] Loi rename live image: [WinError 5] Access is denied: 'D:\\lehuynhthuan\\Cam\\bida_ai_system\\clips\\live_1.jpg.tmp.jpg' -> 'D:\\lehuynhthuan\\Cam\\bida_ai_system\\clips\\live_1.jpg'
[2026-07-15 14:15:37] Loi rename live image: [WinError 5] Access is denied: 'D:\\lehuynhthuan\\Cam\\bida_ai_system\\clips\\live_1.jpg.tmp.jpg' -> 'D:\\lehuynhthuan\\Cam\\bida_ai_system\\clips\\live_1.jpg'
[2026-07-15 14:15:37] Loi rename live image: [WinError 5] Access is denied: 'D:\\lehuynhthuan\\Cam\\bida_ai_system\\clips\\live_1.jpg.tmp.jpg' -> 'D:\\lehuynhthuan\\Cam\\bida_ai_system\\clips\\live_1.jpg'
[2026-07-15 14:15:37] Loi rename live image: [WinError 5] Access is denied: 'D:\\lehuynhthuan\\Cam\\bida_ai_system\\clips\\live_1.jpg.tmp.jpg' -> 'D:\\lehuynhthuan\\Cam\\bida_ai_system\\clips\\live_1.jpg'
[2026-07-15 14:15:37] Loi rename live image: [WinError 5] Access is denied: 'D:\\lehuynhthuan\\Cam\\bida_ai_system\\clips\\live_1.jpg.tmp.jpg' -> 'D:\\lehuynhthuan\\Cam\\bida_ai_system\\clips\\live_1.jpg'
[2026-07-15 14:15:38] Loi rename live image: [WinError 5] Access is denied: 'D:\\lehuynhthuan\\Cam\\bida_ai_system\\clips\\live_1.jpg.tmp.jpg' -> 'D:\\lehuynhthuan\\Cam\\bida_ai_system\\clips\\live_1.jpg'
[2026-07-15 14:15:38] Loi rename live image: [WinError 5] Access is denied: 'D:\\lehuynhthuan\\Cam\\bida_ai_system\\clips\\live_1.jpg.tmp.jpg' -> 'D:\\lehuynhthuan\\Cam\\bida_ai_system\\clips\\live_1.jpg'
[2026-07-15 14:15:38] Loi rename live image: [WinError 5] Access is denied: 'D:\\lehuynhthuan\\Cam\\bida_ai_system\\clips\\live_1.jpg.tmp.jpg' -> 'D:\\lehuynhthuan\\Cam\\bida_ai_system\\clips\\live_1.jpg'
[2026-07-15 14:15:39] Loi rename live image: [WinError 5] Access is denied: 'D:\\lehuynhthuan\\Cam\\bida_ai_system\\clips\\live_1.jpg.tmp.jpg' -> 'D:\\lehuynhthuan\\Cam\\bida_ai_system\\clips\\live_1.jpg'
[2026-07-15 14:15:39] Loi rename live image: [WinError 5] Access is denied: 'D:\\lehuynhthuan\\Cam\\bida_ai_system\\clips\\live_1.jpg.tmp.jpg' -> 'D:\\lehuynhthuan\\Cam\\bida_ai_system\\clips\\live_1.jpg'
[2026-07-15 14:15:39] Loi rename live image: [WinError 5] Access is denied: 'D:\\lehuynhthuan\\Cam\\bida_ai_system\\clips\\live_1.jpg.tmp.jpg' -> 'D:\\lehuynhthuan\\Cam\\bida_ai_system\\clips\\live_1.jpg'
[2026-07-15 14:15:40] Loi rename live image: [WinError 5] Access is denied: 'D:\\lehuynhthuan\\Cam\\bida_ai_system\\clips\\live_1.jpg.tmp.jpg' -> 'D:\\lehuynhthuan\\Cam\\bida_ai_system\\clips\\live_1.jpg'
[2026-07-15 14:15:40] Loi rename live image: [WinError 5] Access is denied: 'D:\\lehuynhthuan\\Cam\\bida_ai_system\\clips\\live_1.jpg.tmp.jpg' -> 'D:\\lehuynhthuan\\Cam\\bida_ai_system\\clips\\live_1.jpg'
[2026-07-15 14:15:40] Loi rename live image: [WinError 5] Access is denied: 'D:\\lehuynhthuan\\Cam\\bida_ai_system\\clips\\live_1.jpg.tmp.jpg' -> 'D:\\lehuynhthuan\\Cam\\bida_ai_system\\clips\\live_1.jpg'
[2026-07-15 14:15:40] Loi rename live image: [WinError 5] Access is denied: 'D:\\lehuynhthuan\\Cam\\bida_ai_system\\clips\\live_1.jpg.tmp.jpg' -> 'D:\\lehuynhthuan\\Cam\\bida_ai_system\\clips\\live_1.jpg'
[2026-07-15 14:15:40] Loi rename live image: [WinError 5] Access is denied: 'D:\\lehuynhthuan\\Cam\\bida_ai_system\\clips\\live_1.jpg.tmp.jpg' -> 'D:\\lehuynhthuan\\Cam\\bida_ai_system\\clips\\live_1.jpg'
[2026-07-15 14:15:41] Loi rename live image: [WinError 5] Access is denied: 'D:\\lehuynhthuan\\Cam\\bida_ai_system\\clips\\live_1.jpg.tmp.jpg' -> 'D:\\lehuynhthuan\\Cam\\bida_ai_system\\clips\\live_1.jpg'
[2026-07-15 14:15:42] Loi rename live image: [WinError 5] Access is denied: 'D:\\lehuynhthuan\\Cam\\bida_ai_system\\clips\\live_1.jpg.tmp.jpg' -> 'D:\\lehuynhthuan\\Cam\\bida_ai_system\\clips\\live_1.jpg'
[2026-07-15 14:15:42] Loi rename live image: [WinError 5] Access is denied: 'D:\\lehuynhthuan\\Cam\\bida_ai_system\\clips\\live_1.jpg.tmp.jpg' -> 'D:\\lehuynhthuan\\Cam\\bida_ai_system\\clips\\live_1.jpg'
[2026-07-15 14:15:43] Loi rename live image: [WinError 5] Access is denied: 'D:\\lehuynhthuan\\Cam\\bida_ai_system\\clips\\live_1.jpg.tmp.jpg' -> 'D:\\lehuynhthuan\\Cam\\bida_ai_system\\clips\\live_1.jpg'
[2026-07-15 14:15:47] Loi rename live image: [WinError 5] Access is denied: 'D:\\lehuynhthuan\\Cam\\bida_ai_system\\clips\\live_1.jpg.tmp.jpg' -> 'D:\\lehuynhthuan\\Cam\\bida_ai_system\\clips\\live_1.jpg'
[2026-07-15 14:15:47] Loi rename live image: [WinError 5] Access is denied: 'D:\\lehuynhthuan\\Cam\\bida_ai_system\\clips\\live_1.jpg.tmp.jpg' -> 'D:\\lehuynhthuan\\Cam\\bida_ai_system\\clips\\live_1.jpg'
[2026-07-15 14:15:47] Loi rename live image: [WinError 5] Access is denied: 'D:\\lehuynhthuan\\Cam\\bida_ai_system\\clips\\live_1.jpg.tmp.jpg' -> 'D:\\lehuynhthuan\\Cam\\bida_ai_system\\clips\\live_1.jpg'
[2026-07-15 14:15:49] Loi rename live image: [WinError 5] Access is denied: 'D:\\lehuynhthuan\\Cam\\bida_ai_system\\clips\\live_1.jpg.tmp.jpg' -> 'D:\\lehuynhthuan\\Cam\\bida_ai_system\\clips\\live_1.jpg'
[2026-07-15 14:15:50] Loi rename live image: [WinError 5] Access is denied: 'D:\\lehuynhthuan\\Cam\\bida_ai_system\\clips\\live_1.jpg.tmp.jpg' -> 'D:\\lehuynhthuan\\Cam\\bida_ai_system\\clips\\live_1.jpg'
[2026-07-15 14:15:50] Loi rename live image: [WinError 5] Access is denied: 'D:\\lehuynhthuan\\Cam\\bida_ai_system\\clips\\live_1.jpg.tmp.jpg' -> 'D:\\lehuynhthuan\\Cam\\bida_ai_system\\clips\\live_1.jpg'
[2026-07-15 14:15:51] Loi rename live image: [WinError 5] Access is denied: 'D:\\lehuynhthuan\\Cam\\bida_ai_system\\clips\\live_1.jpg.tmp.jpg' -> 'D:\\lehuynhthuan\\Cam\\bida_ai_system\\clips\\live_1.jpg'
[2026-07-15 14:15:51] Loi rename live image: [WinError 5] Access is denied: 'D:\\lehuynhthuan\\Cam\\bida_ai_system\\clips\\live_1.jpg.tmp.jpg' -> 'D:\\lehuynhthuan\\Cam\\bida_ai_system\\clips\\live_1.jpg'
[2026-07-15 14:15:51] Loi rename live image: [WinError 5] Access is denied: 'D:\\lehuynhthuan\\Cam\\bida_ai_system\\clips\\live_1.jpg.tmp.jpg' -> 'D:\\lehuynhthuan\\Cam\\bida_ai_system\\clips\\live_1.jpg'
[2026-07-15 14:15:52] Loi rename live image: [WinError 5] Access is denied: 'D:\\lehuynhthuan\\Cam\\bida_ai_system\\clips\\live_1.jpg.tmp.jpg' -> 'D:\\lehuynhthuan\\Cam\\bida_ai_system\\clips\\live_1.jpg'
[2026-07-15 14:15:53] Loi rename live image: [WinError 5] Access is denied: 'D:\\lehuynhthuan\\Cam\\bida_ai_system\\clips\\live_1.jpg.tmp.jpg' -> 'D:\\lehuynhthuan\\Cam\\bida_ai_system\\clips\\live_1.jpg'
[2026-07-15 14:15:53] Loi rename live image: [WinError 5] Access is denied: 'D:\\lehuynhthuan\\Cam\\bida_ai_system\\clips\\live_1.jpg.tmp.jpg' -> 'D:\\lehuynhthuan\\Cam\\bida_ai_system\\clips\\live_1.jpg'
[2026-07-15 14:15:54] Loi rename live image: [WinError 5] Access is denied: 'D:\\lehuynhthuan\\Cam\\bida_ai_system\\clips\\live_1.jpg.tmp.jpg' -> 'D:\\lehuynhthuan\\Cam\\bida_ai_system\\clips\\live_1.jpg'
[2026-07-15 14:15:54] Loi rename live image: [WinError 5] Access is denied: 'D:\\lehuynhthuan\\Cam\\bida_ai_system\\clips\\live_1.jpg.tmp.jpg' -> 'D:\\lehuynhthuan\\Cam\\bida_ai_system\\clips\\live_1.jpg'
[2026-07-15 14:15:54] Loi: Khong the doc tu camera
[2026-07-15 14:15:54] Loi rename live image: [WinError 5] Access is denied: 'D:\\lehuynhthuan\\Cam\\bida_ai_system\\clips\\live_1.jpg.tmp.jpg' -> 'D:\\lehuynhthuan\\Cam\\bida_ai_system\\clips\\live_1.jpg'
[2026-07-15 14:15:55] Loi rename live image: [WinError 5] Access is denied: 'D:\\lehuynhthuan\\Cam\\bida_ai_system\\clips\\live_1.jpg.tmp.jpg' -> 'D:\\lehuynhthuan\\Cam\\bida_ai_system\\clips\\live_1.jpg'
[2026-07-15 14:15:55] Loi rename live image: [WinError 5] Access is denied: 'D:\\lehuynhthuan\\Cam\\bida_ai_system\\clips\\live_1.jpg.tmp.jpg' -> 'D:\\lehuynhthuan\\Cam\\bida_ai_system\\clips\\live_1.jpg'
[2026-07-15 14:15:56] Loi rename live image: [WinError 5] Access is denied: 'D:\\lehuynhthuan\\Cam\\bida_ai_system\\clips\\live_1.jpg.tmp.jpg' -> 'D:\\lehuynhthuan\\Cam\\bida_ai_system\\clips\\live_1.jpg'
[2026-07-15 14:15:56] --- Bat dau khoi dong AI stream ---
[2026-07-15 14:15:57] Loi rename live image: [WinError 5] Access is denied: 'D:\\lehuynhthuan\\Cam\\bida_ai_system\\clips\\live_1.jpg.tmp.jpg' -> 'D:\\lehuynhthuan\\Cam\\bida_ai_system\\clips\\live_1.jpg'
[2026-07-15 14:15:57] Loi rename live image: [WinError 5] Access is denied: 'D:\\lehuynhthuan\\Cam\\bida_ai_system\\clips\\live_1.jpg.tmp.jpg' -> 'D:\\lehuynhthuan\\Cam\\bida_ai_system\\clips\\live_1.jpg'
[2026-07-15 14:15:58] Loi rename live image: [WinError 5] Access is denied: 'D:\\lehuynhthuan\\Cam\\bida_ai_system\\clips\\live_1.jpg.tmp.jpg' -> 'D:\\lehuynhthuan\\Cam\\bida_ai_system\\clips\\live_1.jpg'
[2026-07-15 14:15:58] Loi rename live image: [WinError 5] Access is denied: 'D:\\lehuynhthuan\\Cam\\bida_ai_system\\clips\\live_1.jpg.tmp.jpg' -> 'D:\\lehuynhthuan\\Cam\\bida_ai_system\\clips\\live_1.jpg'
[2026-07-15 14:15:59] Loi rename live image: [WinError 5] Access is denied: 'D:\\lehuynhthuan\\Cam\\bida_ai_system\\clips\\live_1.jpg.tmp.jpg' -> 'D:\\lehuynhthuan\\Cam\\bida_ai_system\\clips\\live_1.jpg'
[2026-07-15 14:15:59] Loi rename live image: [WinError 5] Access is denied: 'D:\\lehuynhthuan\\Cam\\bida_ai_system\\clips\\live_1.jpg.tmp.jpg' -> 'D:\\lehuynhthuan\\Cam\\bida_ai_system\\clips\\live_1.jpg'
[2026-07-15 14:15:59] Loi rename live image: [WinError 5] Access is denied: 'D:\\lehuynhthuan\\Cam\\bida_ai_system\\clips\\live_1.jpg.tmp.jpg' -> 'D:\\lehuynhthuan\\Cam\\bida_ai_system\\clips\\live_1.jpg'
[2026-07-15 14:15:59] Loi rename live image: [WinError 5] Access is denied: 'D:\\lehuynhthuan\\Cam\\bida_ai_system\\clips\\live_1.jpg.tmp.jpg' -> 'D:\\lehuynhthuan\\Cam\\bida_ai_system\\clips\\live_1.jpg'
[2026-07-15 14:15:59] Loi rename live image: [WinError 5] Access is denied: 'D:\\lehuynhthuan\\Cam\\bida_ai_system\\clips\\live_1.jpg.tmp.jpg' -> 'D:\\lehuynhthuan\\Cam\\bida_ai_system\\clips\\live_1.jpg'
[2026-07-15 14:16:00] Da dong archive phut: 1415
[2026-07-15 14:16:00] Mo archive moi: D:\lehuynhthuan\Cam\bida_ai_system\archive\ban1_1416.mp4
[2026-07-15 14:16:00] Loi rename live image: [WinError 5] Access is denied: 'D:\\lehuynhthuan\\Cam\\bida_ai_system\\clips\\live_1.jpg.tmp.jpg' -> 'D:\\lehuynhthuan\\Cam\\bida_ai_system\\clips\\live_1.jpg'
[2026-07-15 14:16:00] Loi rename live image: [WinError 5] Access is denied: 'D:\\lehuynhthuan\\Cam\\bida_ai_system\\clips\\live_1.jpg.tmp.jpg' -> 'D:\\lehuynhthuan\\Cam\\bida_ai_system\\clips\\live_1.jpg'
[2026-07-15 14:16:00] Loi rename live image: [WinError 5] Access is denied: 'D:\\lehuynhthuan\\Cam\\bida_ai_system\\clips\\live_1.jpg.tmp.jpg' -> 'D:\\lehuynhthuan\\Cam\\bida_ai_system\\clips\\live_1.jpg'
[2026-07-15 14:16:00] Loi rename live image: [WinError 5] Access is denied: 'D:\\lehuynhthuan\\Cam\\bida_ai_system\\clips\\live_1.jpg.tmp.jpg' -> 'D:\\lehuynhthuan\\Cam\\bida_ai_system\\clips\\live_1.jpg'
[2026-07-15 14:16:00] Loi rename live image: [WinError 5] Access is denied: 'D:\\lehuynhthuan\\Cam\\bida_ai_system\\clips\\live_1.jpg.tmp.jpg' -> 'D:\\lehuynhthuan\\Cam\\bida_ai_system\\clips\\live_1.jpg'
[2026-07-15 14:16:01] Loi rename live image: [WinError 5] Access is denied: 'D:\\lehuynhthuan\\Cam\\bida_ai_system\\clips\\live_1.jpg.tmp.jpg' -> 'D:\\lehuynhthuan\\Cam\\bida_ai_system\\clips\\live_1.jpg'
[2026-07-15 14:16:01] Loi rename live image: [WinError 5] Access is denied: 'D:\\lehuynhthuan\\Cam\\bida_ai_system\\clips\\live_1.jpg.tmp.jpg' -> 'D:\\lehuynhthuan\\Cam\\bida_ai_system\\clips\\live_1.jpg'
[2026-07-15 14:16:01] Loi rename live image: [WinError 5] Access is denied: 'D:\\lehuynhthuan\\Cam\\bida_ai_system\\clips\\live_1.jpg.tmp.jpg' -> 'D:\\lehuynhthuan\\Cam\\bida_ai_system\\clips\\live_1.jpg'
[2026-07-15 14:16:01] Loi rename live image: [WinError 5] Access is denied: 'D:\\lehuynhthuan\\Cam\\bida_ai_system\\clips\\live_1.jpg.tmp.jpg' -> 'D:\\lehuynhthuan\\Cam\\bida_ai_system\\clips\\live_1.jpg'
[2026-07-15 14:16:01] Loi rename live image: [WinError 5] Access is denied: 'D:\\lehuynhthuan\\Cam\\bida_ai_system\\clips\\live_1.jpg.tmp.jpg' -> 'D:\\lehuynhthuan\\Cam\\bida_ai_system\\clips\\live_1.jpg'
[2026-07-15 14:16:02] Loi rename live image: [WinError 5] Access is denied: 'D:\\lehuynhthuan\\Cam\\bida_ai_system\\clips\\live_1.jpg.tmp.jpg' -> 'D:\\lehuynhthuan\\Cam\\bida_ai_system\\clips\\live_1.jpg'
[2026-07-15 14:16:02] Loi rename live image: [WinError 5] Access is denied: 'D:\\lehuynhthuan\\Cam\\bida_ai_system\\clips\\live_1.jpg.tmp.jpg' -> 'D:\\lehuynhthuan\\Cam\\bida_ai_system\\clips\\live_1.jpg'
[2026-07-15 14:16:02] Loi rename live image: [WinError 5] Access is denied: 'D:\\lehuynhthuan\\Cam\\bida_ai_system\\clips\\live_1.jpg.tmp.jpg' -> 'D:\\lehuynhthuan\\Cam\\bida_ai_system\\clips\\live_1.jpg'
[2026-07-15 14:16:02] Loi rename live image: [WinError 5] Access is denied: 'D:\\lehuynhthuan\\Cam\\bida_ai_system\\clips\\live_1.jpg.tmp.jpg' -> 'D:\\lehuynhthuan\\Cam\\bida_ai_system\\clips\\live_1.jpg'
[2026-07-15 14:16:02] Loi rename live image: [WinError 5] Access is denied: 'D:\\lehuynhthuan\\Cam\\bida_ai_system\\clips\\live_1.jpg.tmp.jpg' -> 'D:\\lehuynhthuan\\Cam\\bida_ai_system\\clips\\live_1.jpg'
[2026-07-15 14:16:03] Loi rename live image: [WinError 5] Access is denied: 'D:\\lehuynhthuan\\Cam\\bida_ai_system\\clips\\live_1.jpg.tmp.jpg' -> 'D:\\lehuynhthuan\\Cam\\bida_ai_system\\clips\\live_1.jpg'
[2026-07-15 14:16:03] Loi rename live image: [WinError 5] Access is denied: 'D:\\lehuynhthuan\\Cam\\bida_ai_system\\clips\\live_1.jpg.tmp.jpg' -> 'D:\\lehuynhthuan\\Cam\\bida_ai_system\\clips\\live_1.jpg'
[2026-07-15 14:16:03] Loi rename live image: [WinError 5] Access is denied: 'D:\\lehuynhthuan\\Cam\\bida_ai_system\\clips\\live_1.jpg.tmp.jpg' -> 'D:\\lehuynhthuan\\Cam\\bida_ai_system\\clips\\live_1.jpg'
[2026-07-15 14:16:03] Loi rename live image: [WinError 5] Access is denied: 'D:\\lehuynhthuan\\Cam\\bida_ai_system\\clips\\live_1.jpg.tmp.jpg' -> 'D:\\lehuynhthuan\\Cam\\bida_ai_system\\clips\\live_1.jpg'
[2026-07-15 14:16:04] KHACH GIO TAY ORDER!
[2026-07-15 14:16:04] Loi rename live image: [WinError 5] Access is denied: 'D:\\lehuynhthuan\\Cam\\bida_ai_system\\clips\\live_1.jpg.tmp.jpg' -> 'D:\\lehuynhthuan\\Cam\\bida_ai_system\\clips\\live_1.jpg'
[2026-07-15 14:16:04] Loi rename live image: [WinError 5] Access is denied: 'D:\\lehuynhthuan\\Cam\\bida_ai_system\\clips\\live_1.jpg.tmp.jpg' -> 'D:\\lehuynhthuan\\Cam\\bida_ai_system\\clips\\live_1.jpg'
[2026-07-15 14:16:04] Loi rename live image: [WinError 5] Access is denied: 'D:\\lehuynhthuan\\Cam\\bida_ai_system\\clips\\live_1.jpg.tmp.jpg' -> 'D:\\lehuynhthuan\\Cam\\bida_ai_system\\clips\\live_1.jpg'
[2026-07-15 14:16:04] Loi rename live image: [WinError 5] Access is denied: 'D:\\lehuynhthuan\\Cam\\bida_ai_system\\clips\\live_1.jpg.tmp.jpg' -> 'D:\\lehuynhthuan\\Cam\\bida_ai_system\\clips\\live_1.jpg'
[2026-07-15 14:16:05] Loi rename live image: [WinError 5] Access is denied: 'D:\\lehuynhthuan\\Cam\\bida_ai_system\\clips\\live_1.jpg.tmp.jpg' -> 'D:\\lehuynhthuan\\Cam\\bida_ai_system\\clips\\live_1.jpg'
[2026-07-15 14:16:05] Loi rename live image: [WinError 5] Access is denied: 'D:\\lehuynhthuan\\Cam\\bida_ai_system\\clips\\live_1.jpg.tmp.jpg' -> 'D:\\lehuynhthuan\\Cam\\bida_ai_system\\clips\\live_1.jpg'
[2026-07-15 14:16:05] Loi rename live image: [WinError 5] Access is denied: 'D:\\lehuynhthuan\\Cam\\bida_ai_system\\clips\\live_1.jpg.tmp.jpg' -> 'D:\\lehuynhthuan\\Cam\\bida_ai_system\\clips\\live_1.jpg'
[2026-07-15 14:16:05] Loi rename live image: [WinError 5] Access is denied: 'D:\\lehuynhthuan\\Cam\\bida_ai_system\\clips\\live_1.jpg.tmp.jpg' -> 'D:\\lehuynhthuan\\Cam\\bida_ai_system\\clips\\live_1.jpg'
[2026-07-15 14:16:06] Loi rename live image: [WinError 5] Access is denied: 'D:\\lehuynhthuan\\Cam\\bida_ai_system\\clips\\live_1.jpg.tmp.jpg' -> 'D:\\lehuynhthuan\\Cam\\bida_ai_system\\clips\\live_1.jpg'
[2026-07-15 14:16:06] Loi rename live image: [WinError 5] Access is denied: 'D:\\lehuynhthuan\\Cam\\bida_ai_system\\clips\\live_1.jpg.tmp.jpg' -> 'D:\\lehuynhthuan\\Cam\\bida_ai_system\\clips\\live_1.jpg'
[2026-07-15 14:16:06] Loi rename live image: [WinError 5] Access is denied: 'D:\\lehuynhthuan\\Cam\\bida_ai_system\\clips\\live_1.jpg.tmp.jpg' -> 'D:\\lehuynhthuan\\Cam\\bida_ai_system\\clips\\live_1.jpg'
[2026-07-15 14:16:06] Loi rename live image: [WinError 5] Access is denied: 'D:\\lehuynhthuan\\Cam\\bida_ai_system\\clips\\live_1.jpg.tmp.jpg' -> 'D:\\lehuynhthuan\\Cam\\bida_ai_system\\clips\\live_1.jpg'
[2026-07-15 14:16:06] Loi rename live image: [WinError 5] Access is denied: 'D:\\lehuynhthuan\\Cam\\bida_ai_system\\clips\\live_1.jpg.tmp.jpg' -> 'D:\\lehuynhthuan\\Cam\\bida_ai_system\\clips\\live_1.jpg'
[2026-07-15 14:16:06] Loi rename live image: [WinError 5] Access is denied: 'D:\\lehuynhthuan\\Cam\\bida_ai_system\\clips\\live_1.jpg.tmp.jpg' -> 'D:\\lehuynhthuan\\Cam\\bida_ai_system\\clips\\live_1.jpg'
[2026-07-15 14:16:07] Loi rename live image: [WinError 5] Access is denied: 'D:\\lehuynhthuan\\Cam\\bida_ai_system\\clips\\live_1.jpg.tmp.jpg' -> 'D:\\lehuynhthuan\\Cam\\bida_ai_system\\clips\\live_1.jpg'
[2026-07-15 14:16:07] Loi rename live image: [WinError 5] Access is denied: 'D:\\lehuynhthuan\\Cam\\bida_ai_system\\clips\\live_1.jpg.tmp.jpg' -> 'D:\\lehuynhthuan\\Cam\\bida_ai_system\\clips\\live_1.jpg'
[2026-07-15 14:16:07] Loi rename live image: [WinError 5] Access is denied: 'D:\\lehuynhthuan\\Cam\\bida_ai_system\\clips\\live_1.jpg.tmp.jpg' -> 'D:\\lehuynhthuan\\Cam\\bida_ai_system\\clips\\live_1.jpg'
[2026-07-15 14:16:07] Loi rename live image: [WinError 5] Access is denied: 'D:\\lehuynhthuan\\Cam\\bida_ai_system\\clips\\live_1.jpg.tmp.jpg' -> 'D:\\lehuynhthuan\\Cam\\bida_ai_system\\clips\\live_1.jpg'
[2026-07-15 14:16:08] Loi rename live image: [WinError 5] Access is denied: 'D:\\lehuynhthuan\\Cam\\bida_ai_system\\clips\\live_1.jpg.tmp.jpg' -> 'D:\\lehuynhthuan\\Cam\\bida_ai_system\\clips\\live_1.jpg'
[2026-07-15 14:16:08] Loi rename live image: [WinError 5] Access is denied: 'D:\\lehuynhthuan\\Cam\\bida_ai_system\\clips\\live_1.jpg.tmp.jpg' -> 'D:\\lehuynhthuan\\Cam\\bida_ai_system\\clips\\live_1.jpg'
[2026-07-15 14:16:08] Loi rename live image: [WinError 5] Access is denied: 'D:\\lehuynhthuan\\Cam\\bida_ai_system\\clips\\live_1.jpg.tmp.jpg' -> 'D:\\lehuynhthuan\\Cam\\bida_ai_system\\clips\\live_1.jpg'
[2026-07-15 14:16:08] Loi rename live image: [WinError 5] Access is denied: 'D:\\lehuynhthuan\\Cam\\bida_ai_system\\clips\\live_1.jpg.tmp.jpg' -> 'D:\\lehuynhthuan\\Cam\\bida_ai_system\\clips\\live_1.jpg'
[2026-07-15 14:16:08] Loi rename live image: [WinError 5] Access is denied: 'D:\\lehuynhthuan\\Cam\\bida_ai_system\\clips\\live_1.jpg.tmp.jpg' -> 'D:\\lehuynhthuan\\Cam\\bida_ai_system\\clips\\live_1.jpg'
[2026-07-15 14:16:09] Loi rename live image: [WinError 5] Access is denied: 'D:\\lehuynhthuan\\Cam\\bida_ai_system\\clips\\live_1.jpg.tmp.jpg' -> 'D:\\lehuynhthuan\\Cam\\bida_ai_system\\clips\\live_1.jpg'
[2026-07-15 14:16:09] Loi rename live image: [WinError 5] Access is denied: 'D:\\lehuynhthuan\\Cam\\bida_ai_system\\clips\\live_1.jpg.tmp.jpg' -> 'D:\\lehuynhthuan\\Cam\\bida_ai_system\\clips\\live_1.jpg'
[2026-07-15 14:16:09] Loi rename live image: [WinError 5] Access is denied: 'D:\\lehuynhthuan\\Cam\\bida_ai_system\\clips\\live_1.jpg.tmp.jpg' -> 'D:\\lehuynhthuan\\Cam\\bida_ai_system\\clips\\live_1.jpg'
[2026-07-15 14:16:09] Loi rename live image: [WinError 5] Access is denied: 'D:\\lehuynhthuan\\Cam\\bida_ai_system\\clips\\live_1.jpg.tmp.jpg' -> 'D:\\lehuynhthuan\\Cam\\bida_ai_system\\clips\\live_1.jpg'
[2026-07-15 14:16:09] Loi rename live image: [WinError 5] Access is denied: 'D:\\lehuynhthuan\\Cam\\bida_ai_system\\clips\\live_1.jpg.tmp.jpg' -> 'D:\\lehuynhthuan\\Cam\\bida_ai_system\\clips\\live_1.jpg'
[2026-07-15 14:16:10] Loi rename live image: [WinError 5] Access is denied: 'D:\\lehuynhthuan\\Cam\\bida_ai_system\\clips\\live_1.jpg.tmp.jpg' -> 'D:\\lehuynhthuan\\Cam\\bida_ai_system\\clips\\live_1.jpg'
[2026-07-15 14:16:10] Loi rename live image: [WinError 5] Access is denied: 'D:\\lehuynhthuan\\Cam\\bida_ai_system\\clips\\live_1.jpg.tmp.jpg' -> 'D:\\lehuynhthuan\\Cam\\bida_ai_system\\clips\\live_1.jpg'
[2026-07-15 14:16:10] Loi rename live image: [WinError 5] Access is denied: 'D:\\lehuynhthuan\\Cam\\bida_ai_system\\clips\\live_1.jpg.tmp.jpg' -> 'D:\\lehuynhthuan\\Cam\\bida_ai_system\\clips\\live_1.jpg'
[2026-07-15 14:16:10] Loi rename live image: [WinError 5] Access is denied: 'D:\\lehuynhthuan\\Cam\\bida_ai_system\\clips\\live_1.jpg.tmp.jpg' -> 'D:\\lehuynhthuan\\Cam\\bida_ai_system\\clips\\live_1.jpg'
[2026-07-15 14:16:10] Loi rename live image: [WinError 5] Access is denied: 'D:\\lehuynhthuan\\Cam\\bida_ai_system\\clips\\live_1.jpg.tmp.jpg' -> 'D:\\lehuynhthuan\\Cam\\bida_ai_system\\clips\\live_1.jpg'
[2026-07-15 14:16:11] Loi rename live image: [WinError 5] Access is denied: 'D:\\lehuynhthuan\\Cam\\bida_ai_system\\clips\\live_1.jpg.tmp.jpg' -> 'D:\\lehuynhthuan\\Cam\\bida_ai_system\\clips\\live_1.jpg'
[2026-07-15 14:16:11] Loi rename live image: [WinError 5] Access is denied: 'D:\\lehuynhthuan\\Cam\\bida_ai_system\\clips\\live_1.jpg.tmp.jpg' -> 'D:\\lehuynhthuan\\Cam\\bida_ai_system\\clips\\live_1.jpg'
[2026-07-15 14:16:11] Loi rename live image: [WinError 5] Access is denied: 'D:\\lehuynhthuan\\Cam\\bida_ai_system\\clips\\live_1.jpg.tmp.jpg' -> 'D:\\lehuynhthuan\\Cam\\bida_ai_system\\clips\\live_1.jpg'
[2026-07-15 14:16:11] Loi rename live image: [WinError 5] Access is denied: 'D:\\lehuynhthuan\\Cam\\bida_ai_system\\clips\\live_1.jpg.tmp.jpg' -> 'D:\\lehuynhthuan\\Cam\\bida_ai_system\\clips\\live_1.jpg'
[2026-07-15 14:16:11] Loi rename live image: [WinError 5] Access is denied: 'D:\\lehuynhthuan\\Cam\\bida_ai_system\\clips\\live_1.jpg.tmp.jpg' -> 'D:\\lehuynhthuan\\Cam\\bida_ai_system\\clips\\live_1.jpg'
[2026-07-15 14:16:12] Loi rename live image: [WinError 5] Access is denied: 'D:\\lehuynhthuan\\Cam\\bida_ai_system\\clips\\live_1.jpg.tmp.jpg' -> 'D:\\lehuynhthuan\\Cam\\bida_ai_system\\clips\\live_1.jpg'
[2026-07-15 14:16:12] Loi rename live image: [WinError 5] Access is denied: 'D:\\lehuynhthuan\\Cam\\bida_ai_system\\clips\\live_1.jpg.tmp.jpg' -> 'D:\\lehuynhthuan\\Cam\\bida_ai_system\\clips\\live_1.jpg'
[2026-07-15 14:16:12] Loi rename live image: [WinError 5] Access is denied: 'D:\\lehuynhthuan\\Cam\\bida_ai_system\\clips\\live_1.jpg.tmp.jpg' -> 'D:\\lehuynhthuan\\Cam\\bida_ai_system\\clips\\live_1.jpg'
[2026-07-15 14:16:13] Loi rename live image: [WinError 5] Access is denied: 'D:\\lehuynhthuan\\Cam\\bida_ai_system\\clips\\live_1.jpg.tmp.jpg' -> 'D:\\lehuynhthuan\\Cam\\bida_ai_system\\clips\\live_1.jpg'
[2026-07-15 14:16:13] Loi rename live image: [WinError 5] Access is denied: 'D:\\lehuynhthuan\\Cam\\bida_ai_system\\clips\\live_1.jpg.tmp.jpg' -> 'D:\\lehuynhthuan\\Cam\\bida_ai_system\\clips\\live_1.jpg'
[2026-07-15 14:16:14] Loi rename live image: [WinError 5] Access is denied: 'D:\\lehuynhthuan\\Cam\\bida_ai_system\\clips\\live_1.jpg.tmp.jpg' -> 'D:\\lehuynhthuan\\Cam\\bida_ai_system\\clips\\live_1.jpg'
[2026-07-15 14:16:14] Loi rename live image: [WinError 5] Access is denied: 'D:\\lehuynhthuan\\Cam\\bida_ai_system\\clips\\live_1.jpg.tmp.jpg' -> 'D:\\lehuynhthuan\\Cam\\bida_ai_system\\clips\\live_1.jpg'
[2026-07-15 14:16:14] Loi rename live image: [WinError 5] Access is denied: 'D:\\lehuynhthuan\\Cam\\bida_ai_system\\clips\\live_1.jpg.tmp.jpg' -> 'D:\\lehuynhthuan\\Cam\\bida_ai_system\\clips\\live_1.jpg'
[2026-07-15 14:16:15] Loi rename live image: [WinError 5] Access is denied: 'D:\\lehuynhthuan\\Cam\\bida_ai_system\\clips\\live_1.jpg.tmp.jpg' -> 'D:\\lehuynhthuan\\Cam\\bida_ai_system\\clips\\live_1.jpg'
[2026-07-15 14:16:15] Loi rename live image: [WinError 5] Access is denied: 'D:\\lehuynhthuan\\Cam\\bida_ai_system\\clips\\live_1.jpg.tmp.jpg' -> 'D:\\lehuynhthuan\\Cam\\bida_ai_system\\clips\\live_1.jpg'
[2026-07-15 14:16:15] Loi rename live image: [WinError 5] Access is denied: 'D:\\lehuynhthuan\\Cam\\bida_ai_system\\clips\\live_1.jpg.tmp.jpg' -> 'D:\\lehuynhthuan\\Cam\\bida_ai_system\\clips\\live_1.jpg'
[2026-07-15 14:16:16] Loi rename live image: [WinError 5] Access is denied: 'D:\\lehuynhthuan\\Cam\\bida_ai_system\\clips\\live_1.jpg.tmp.jpg' -> 'D:\\lehuynhthuan\\Cam\\bida_ai_system\\clips\\live_1.jpg'
[2026-07-15 14:16:16] Loi rename live image: [WinError 5] Access is denied: 'D:\\lehuynhthuan\\Cam\\bida_ai_system\\clips\\live_1.jpg.tmp.jpg' -> 'D:\\lehuynhthuan\\Cam\\bida_ai_system\\clips\\live_1.jpg'
[2026-07-15 14:16:16] Loi rename live image: [WinError 5] Access is denied: 'D:\\lehuynhthuan\\Cam\\bida_ai_system\\clips\\live_1.jpg.tmp.jpg' -> 'D:\\lehuynhthuan\\Cam\\bida_ai_system\\clips\\live_1.jpg'
[2026-07-15 14:16:17] Loi rename live image: [WinError 5] Access is denied: 'D:\\lehuynhthuan\\Cam\\bida_ai_system\\clips\\live_1.jpg.tmp.jpg' -> 'D:\\lehuynhthuan\\Cam\\bida_ai_system\\clips\\live_1.jpg'
[2026-07-15 14:16:17] Loi rename live image: [WinError 5] Access is denied: 'D:\\lehuynhthuan\\Cam\\bida_ai_system\\clips\\live_1.jpg.tmp.jpg' -> 'D:\\lehuynhthuan\\Cam\\bida_ai_system\\clips\\live_1.jpg'
[2026-07-15 14:16:18] Loi rename live image: [WinError 5] Access is denied: 'D:\\lehuynhthuan\\Cam\\bida_ai_system\\clips\\live_1.jpg.tmp.jpg' -> 'D:\\lehuynhthuan\\Cam\\bida_ai_system\\clips\\live_1.jpg'
[2026-07-15 14:16:18] Loi rename live image: [WinError 5] Access is denied: 'D:\\lehuynhthuan\\Cam\\bida_ai_system\\clips\\live_1.jpg.tmp.jpg' -> 'D:\\lehuynhthuan\\Cam\\bida_ai_system\\clips\\live_1.jpg'
[2026-07-15 14:16:18] Loi rename live image: [WinError 5] Access is denied: 'D:\\lehuynhthuan\\Cam\\bida_ai_system\\clips\\live_1.jpg.tmp.jpg' -> 'D:\\lehuynhthuan\\Cam\\bida_ai_system\\clips\\live_1.jpg'
[2026-07-15 14:16:18] Loi rename live image: [WinError 5] Access is denied: 'D:\\lehuynhthuan\\Cam\\bida_ai_system\\clips\\live_1.jpg.tmp.jpg' -> 'D:\\lehuynhthuan\\Cam\\bida_ai_system\\clips\\live_1.jpg'
[2026-07-15 14:16:19] Loi rename live image: [WinError 5] Access is denied: 'D:\\lehuynhthuan\\Cam\\bida_ai_system\\clips\\live_1.jpg.tmp.jpg' -> 'D:\\lehuynhthuan\\Cam\\bida_ai_system\\clips\\live_1.jpg'
[2026-07-15 14:16:19] Loi rename live image: [WinError 5] Access is denied: 'D:\\lehuynhthuan\\Cam\\bida_ai_system\\clips\\live_1.jpg.tmp.jpg' -> 'D:\\lehuynhthuan\\Cam\\bida_ai_system\\clips\\live_1.jpg'
[2026-07-15 14:16:20] Loi rename live image: [WinError 5] Access is denied: 'D:\\lehuynhthuan\\Cam\\bida_ai_system\\clips\\live_1.jpg.tmp.jpg' -> 'D:\\lehuynhthuan\\Cam\\bida_ai_system\\clips\\live_1.jpg'
[2026-07-15 14:16:20] Loi rename live image: [WinError 5] Access is denied: 'D:\\lehuynhthuan\\Cam\\bida_ai_system\\clips\\live_1.jpg.tmp.jpg' -> 'D:\\lehuynhthuan\\Cam\\bida_ai_system\\clips\\live_1.jpg'
[2026-07-15 14:16:20] Loi rename live image: [WinError 5] Access is denied: 'D:\\lehuynhthuan\\Cam\\bida_ai_system\\clips\\live_1.jpg.tmp.jpg' -> 'D:\\lehuynhthuan\\Cam\\bida_ai_system\\clips\\live_1.jpg'
[2026-07-15 14:16:20] Loi rename live image: [WinError 5] Access is denied: 'D:\\lehuynhthuan\\Cam\\bida_ai_system\\clips\\live_1.jpg.tmp.jpg' -> 'D:\\lehuynhthuan\\Cam\\bida_ai_system\\clips\\live_1.jpg'
[2026-07-15 14:16:21] Loi rename live image: [WinError 5] Access is denied: 'D:\\lehuynhthuan\\Cam\\bida_ai_system\\clips\\live_1.jpg.tmp.jpg' -> 'D:\\lehuynhthuan\\Cam\\bida_ai_system\\clips\\live_1.jpg'
[2026-07-15 14:16:21] Loi rename live image: [WinError 5] Access is denied: 'D:\\lehuynhthuan\\Cam\\bida_ai_system\\clips\\live_1.jpg.tmp.jpg' -> 'D:\\lehuynhthuan\\Cam\\bida_ai_system\\clips\\live_1.jpg'
[2026-07-15 14:16:22] Loi rename live image: [WinError 5] Access is denied: 'D:\\lehuynhthuan\\Cam\\bida_ai_system\\clips\\live_1.jpg.tmp.jpg' -> 'D:\\lehuynhthuan\\Cam\\bida_ai_system\\clips\\live_1.jpg'
[2026-07-15 14:16:22] Loi rename live image: [WinError 5] Access is denied: 'D:\\lehuynhthuan\\Cam\\bida_ai_system\\clips\\live_1.jpg.tmp.jpg' -> 'D:\\lehuynhthuan\\Cam\\bida_ai_system\\clips\\live_1.jpg'
[2026-07-15 14:16:23] Loi: Khong the doc tu camera
[2026-07-15 14:16:23] Loi rename live image: [WinError 5] Access is denied: 'D:\\lehuynhthuan\\Cam\\bida_ai_system\\clips\\live_1.jpg.tmp.jpg' -> 'D:\\lehuynhthuan\\Cam\\bida_ai_system\\clips\\live_1.jpg'
[2026-07-15 14:16:24] Loi rename live image: [WinError 5] Access is denied: 'D:\\lehuynhthuan\\Cam\\bida_ai_system\\clips\\live_1.jpg.tmp.jpg' -> 'D:\\lehuynhthuan\\Cam\\bida_ai_system\\clips\\live_1.jpg'
[2026-07-15 14:16:25] Loi rename live image: [WinError 5] Access is denied: 'D:\\lehuynhthuan\\Cam\\bida_ai_system\\clips\\live_1.jpg.tmp.jpg' -> 'D:\\lehuynhthuan\\Cam\\bida_ai_system\\clips\\live_1.jpg'
[2026-07-15 14:16:25] Loi rename live image: [WinError 5] Access is denied: 'D:\\lehuynhthuan\\Cam\\bida_ai_system\\clips\\live_1.jpg.tmp.jpg' -> 'D:\\lehuynhthuan\\Cam\\bida_ai_system\\clips\\live_1.jpg'
[2026-07-15 14:16:26] Loi rename live image: [WinError 5] Access is denied: 'D:\\lehuynhthuan\\Cam\\bida_ai_system\\clips\\live_1.jpg.tmp.jpg' -> 'D:\\lehuynhthuan\\Cam\\bida_ai_system\\clips\\live_1.jpg'
[2026-07-15 14:16:26] --- Bat dau khoi dong AI stream ---
[2026-07-15 14:16:27] Loi rename live image: [WinError 5] Access is denied: 'D:\\lehuynhthuan\\Cam\\bida_ai_system\\clips\\live_1.jpg.tmp.jpg' -> 'D:\\lehuynhthuan\\Cam\\bida_ai_system\\clips\\live_1.jpg'
[2026-07-15 14:16:27] Loi rename live image: [WinError 5] Access is denied: 'D:\\lehuynhthuan\\Cam\\bida_ai_system\\clips\\live_1.jpg.tmp.jpg' -> 'D:\\lehuynhthuan\\Cam\\bida_ai_system\\clips\\live_1.jpg'
[2026-07-15 14:16:28] Loi rename live image: [WinError 5] Access is denied: 'D:\\lehuynhthuan\\Cam\\bida_ai_system\\clips\\live_1.jpg.tmp.jpg' -> 'D:\\lehuynhthuan\\Cam\\bida_ai_system\\clips\\live_1.jpg'
[2026-07-15 14:16:28] Loi rename live image: [WinError 5] Access is denied: 'D:\\lehuynhthuan\\Cam\\bida_ai_system\\clips\\live_1.jpg.tmp.jpg' -> 'D:\\lehuynhthuan\\Cam\\bida_ai_system\\clips\\live_1.jpg'
[2026-07-15 14:16:28] Loi rename live image: [WinError 5] Access is denied: 'D:\\lehuynhthuan\\Cam\\bida_ai_system\\clips\\live_1.jpg.tmp.jpg' -> 'D:\\lehuynhthuan\\Cam\\bida_ai_system\\clips\\live_1.jpg'
[2026-07-15 14:16:30] Loi rename live image: [WinError 5] Access is denied: 'D:\\lehuynhthuan\\Cam\\bida_ai_system\\clips\\live_1.jpg.tmp.jpg' -> 'D:\\lehuynhthuan\\Cam\\bida_ai_system\\clips\\live_1.jpg'
[2026-07-15 14:16:31] Loi rename live image: [WinError 5] Access is denied: 'D:\\lehuynhthuan\\Cam\\bida_ai_system\\clips\\live_1.jpg.tmp.jpg' -> 'D:\\lehuynhthuan\\Cam\\bida_ai_system\\clips\\live_1.jpg'
[2026-07-15 14:16:31] Loi rename live image: [WinError 5] Access is denied: 'D:\\lehuynhthuan\\Cam\\bida_ai_system\\clips\\live_1.jpg.tmp.jpg' -> 'D:\\lehuynhthuan\\Cam\\bida_ai_system\\clips\\live_1.jpg'
[2026-07-15 14:16:31] Loi rename live image: [WinError 5] Access is denied: 'D:\\lehuynhthuan\\Cam\\bida_ai_system\\clips\\live_1.jpg.tmp.jpg' -> 'D:\\lehuynhthuan\\Cam\\bida_ai_system\\clips\\live_1.jpg'
[2026-07-15 14:16:32] Loi rename live image: [WinError 5] Access is denied: 'D:\\lehuynhthuan\\Cam\\bida_ai_system\\clips\\live_1.jpg.tmp.jpg' -> 'D:\\lehuynhthuan\\Cam\\bida_ai_system\\clips\\live_1.jpg'
[2026-07-15 14:16:32] Loi rename live image: [WinError 5] Access is denied: 'D:\\lehuynhthuan\\Cam\\bida_ai_system\\clips\\live_1.jpg.tmp.jpg' -> 'D:\\lehuynhthuan\\Cam\\bida_ai_system\\clips\\live_1.jpg'
[2026-07-15 14:16:34] Loi rename live image: [WinError 5] Access is denied: 'D:\\lehuynhthuan\\Cam\\bida_ai_system\\clips\\live_1.jpg.tmp.jpg' -> 'D:\\lehuynhthuan\\Cam\\bida_ai_system\\clips\\live_1.jpg'
[2026-07-15 14:16:34] Loi rename live image: [WinError 5] Access is denied: 'D:\\lehuynhthuan\\Cam\\bida_ai_system\\clips\\live_1.jpg.tmp.jpg' -> 'D:\\lehuynhthuan\\Cam\\bida_ai_system\\clips\\live_1.jpg'
[2026-07-15 14:16:35] Loi rename live image: [WinError 5] Access is denied: 'D:\\lehuynhthuan\\Cam\\bida_ai_system\\clips\\live_1.jpg.tmp.jpg' -> 'D:\\lehuynhthuan\\Cam\\bida_ai_system\\clips\\live_1.jpg'
[2026-07-15 14:16:36] Loi rename live image: [WinError 5] Access is denied: 'D:\\lehuynhthuan\\Cam\\bida_ai_system\\clips\\live_1.jpg.tmp.jpg' -> 'D:\\lehuynhthuan\\Cam\\bida_ai_system\\clips\\live_1.jpg'
[2026-07-15 14:16:36] Loi rename live image: [WinError 5] Access is denied: 'D:\\lehuynhthuan\\Cam\\bida_ai_system\\clips\\live_1.jpg.tmp.jpg' -> 'D:\\lehuynhthuan\\Cam\\bida_ai_system\\clips\\live_1.jpg'
[2026-07-15 14:16:36] Loi rename live image: [WinError 5] Access is denied: 'D:\\lehuynhthuan\\Cam\\bida_ai_system\\clips\\live_1.jpg.tmp.jpg' -> 'D:\\lehuynhthuan\\Cam\\bida_ai_system\\clips\\live_1.jpg'
[2026-07-15 14:16:37] Loi rename live image: [WinError 5] Access is denied: 'D:\\lehuynhthuan\\Cam\\bida_ai_system\\clips\\live_1.jpg.tmp.jpg' -> 'D:\\lehuynhthuan\\Cam\\bida_ai_system\\clips\\live_1.jpg'
[2026-07-15 14:16:39] Loi rename live image: [WinError 5] Access is denied: 'D:\\lehuynhthuan\\Cam\\bida_ai_system\\clips\\live_1.jpg.tmp.jpg' -> 'D:\\lehuynhthuan\\Cam\\bida_ai_system\\clips\\live_1.jpg'
[2026-07-15 14:16:40] Loi rename live image: [WinError 5] Access is denied: 'D:\\lehuynhthuan\\Cam\\bida_ai_system\\clips\\live_1.jpg.tmp.jpg' -> 'D:\\lehuynhthuan\\Cam\\bida_ai_system\\clips\\live_1.jpg'
[2026-07-15 14:16:41] Loi rename live image: [WinError 5] Access is denied: 'D:\\lehuynhthuan\\Cam\\bida_ai_system\\clips\\live_1.jpg.tmp.jpg' -> 'D:\\lehuynhthuan\\Cam\\bida_ai_system\\clips\\live_1.jpg'
[2026-07-15 14:16:44] Loi rename live image: [WinError 5] Access is denied: 'D:\\lehuynhthuan\\Cam\\bida_ai_system\\clips\\live_1.jpg.tmp.jpg' -> 'D:\\lehuynhthuan\\Cam\\bida_ai_system\\clips\\live_1.jpg'
[2026-07-15 14:16:45] Loi rename live image: [WinError 5] Access is denied: 'D:\\lehuynhthuan\\Cam\\bida_ai_system\\clips\\live_1.jpg.tmp.jpg' -> 'D:\\lehuynhthuan\\Cam\\bida_ai_system\\clips\\live_1.jpg'
[2026-07-15 14:16:46] Loi: Khong the doc tu camera
[2026-07-15 14:16:46] Loi rename live image: [WinError 5] Access is denied: 'D:\\lehuynhthuan\\Cam\\bida_ai_system\\clips\\live_1.jpg.tmp.jpg' -> 'D:\\lehuynhthuan\\Cam\\bida_ai_system\\clips\\live_1.jpg'
[2026-07-15 14:16:47] Loi rename live image: [WinError 5] Access is denied: 'D:\\lehuynhthuan\\Cam\\bida_ai_system\\clips\\live_1.jpg.tmp.jpg' -> 'D:\\lehuynhthuan\\Cam\\bida_ai_system\\clips\\live_1.jpg'
[2026-07-15 14:16:48] Loi rename live image: [WinError 5] Access is denied: 'D:\\lehuynhthuan\\Cam\\bida_ai_system\\clips\\live_1.jpg.tmp.jpg' -> 'D:\\lehuynhthuan\\Cam\\bida_ai_system\\clips\\live_1.jpg'
[2026-07-15 14:16:49] Loi rename live image: [WinError 5] Access is denied: 'D:\\lehuynhthuan\\Cam\\bida_ai_system\\clips\\live_1.jpg.tmp.jpg' -> 'D:\\lehuynhthuan\\Cam\\bida_ai_system\\clips\\live_1.jpg'
[2026-07-15 14:16:51] --- Bat dau khoi dong AI stream ---
[2026-07-15 14:16:54] Loi rename live image: [WinError 5] Access is denied: 'D:\\lehuynhthuan\\Cam\\bida_ai_system\\clips\\live_1.jpg.tmp.jpg' -> 'D:\\lehuynhthuan\\Cam\\bida_ai_system\\clips\\live_1.jpg'
[2026-07-15 14:16:56] Loi rename live image: [WinError 5] Access is denied: 'D:\\lehuynhthuan\\Cam\\bida_ai_system\\clips\\live_1.jpg.tmp.jpg' -> 'D:\\lehuynhthuan\\Cam\\bida_ai_system\\clips\\live_1.jpg'
[2026-07-15 14:16:57] Loi rename live image: [WinError 5] Access is denied: 'D:\\lehuynhthuan\\Cam\\bida_ai_system\\clips\\live_1.jpg.tmp.jpg' -> 'D:\\lehuynhthuan\\Cam\\bida_ai_system\\clips\\live_1.jpg'
[2026-07-15 14:16:58] Loi rename live image: [WinError 5] Access is denied: 'D:\\lehuynhthuan\\Cam\\bida_ai_system\\clips\\live_1.jpg.tmp.jpg' -> 'D:\\lehuynhthuan\\Cam\\bida_ai_system\\clips\\live_1.jpg'
[2026-07-15 14:16:59] Loi rename live image: [WinError 5] Access is denied: 'D:\\lehuynhthuan\\Cam\\bida_ai_system\\clips\\live_1.jpg.tmp.jpg' -> 'D:\\lehuynhthuan\\Cam\\bida_ai_system\\clips\\live_1.jpg'
[2026-07-15 14:17:00] Da dong archive phut: 1416
[2026-07-15 14:17:00] Mo archive moi: D:\lehuynhthuan\Cam\bida_ai_system\archive\ban1_1417.mp4
[2026-07-15 14:17:00] Loi rename live image: [WinError 5] Access is denied: 'D:\\lehuynhthuan\\Cam\\bida_ai_system\\clips\\live_1.jpg.tmp.jpg' -> 'D:\\lehuynhthuan\\Cam\\bida_ai_system\\clips\\live_1.jpg'
[2026-07-15 14:17:01] Loi rename live image: [WinError 5] Access is denied: 'D:\\lehuynhthuan\\Cam\\bida_ai_system\\clips\\live_1.jpg.tmp.jpg' -> 'D:\\lehuynhthuan\\Cam\\bida_ai_system\\clips\\live_1.jpg'
[2026-07-15 14:17:03] KHACH GIO TAY ORDER!
[2026-07-15 14:17:04] Loi rename live image: [WinError 5] Access is denied: 'D:\\lehuynhthuan\\Cam\\bida_ai_system\\clips\\live_1.jpg.tmp.jpg' -> 'D:\\lehuynhthuan\\Cam\\bida_ai_system\\clips\\live_1.jpg'
[2026-07-15 14:17:06] Loi rename live image: [WinError 5] Access is denied: 'D:\\lehuynhthuan\\Cam\\bida_ai_system\\clips\\live_1.jpg.tmp.jpg' -> 'D:\\lehuynhthuan\\Cam\\bida_ai_system\\clips\\live_1.jpg'
[2026-07-15 14:17:06] Loi rename live image: [WinError 5] Access is denied: 'D:\\lehuynhthuan\\Cam\\bida_ai_system\\clips\\live_1.jpg.tmp.jpg' -> 'D:\\lehuynhthuan\\Cam\\bida_ai_system\\clips\\live_1.jpg'
[2026-07-15 14:17:07] Loi rename live image: [WinError 5] Access is denied: 'D:\\lehuynhthuan\\Cam\\bida_ai_system\\clips\\live_1.jpg.tmp.jpg' -> 'D:\\lehuynhthuan\\Cam\\bida_ai_system\\clips\\live_1.jpg'
[2026-07-15 14:17:08] Loi rename live image: [WinError 5] Access is denied: 'D:\\lehuynhthuan\\Cam\\bida_ai_system\\clips\\live_1.jpg.tmp.jpg' -> 'D:\\lehuynhthuan\\Cam\\bida_ai_system\\clips\\live_1.jpg'
[2026-07-15 14:17:08] Loi rename live image: [WinError 5] Access is denied: 'D:\\lehuynhthuan\\Cam\\bida_ai_system\\clips\\live_1.jpg.tmp.jpg' -> 'D:\\lehuynhthuan\\Cam\\bida_ai_system\\clips\\live_1.jpg'
[2026-07-15 14:17:08] Loi rename live image: [WinError 5] Access is denied: 'D:\\lehuynhthuan\\Cam\\bida_ai_system\\clips\\live_1.jpg.tmp.jpg' -> 'D:\\lehuynhthuan\\Cam\\bida_ai_system\\clips\\live_1.jpg'
[2026-07-15 14:17:08] Loi rename live image: [WinError 5] Access is denied: 'D:\\lehuynhthuan\\Cam\\bida_ai_system\\clips\\live_1.jpg.tmp.jpg' -> 'D:\\lehuynhthuan\\Cam\\bida_ai_system\\clips\\live_1.jpg'
[2026-07-15 14:17:08] Loi rename live image: [WinError 5] Access is denied: 'D:\\lehuynhthuan\\Cam\\bida_ai_system\\clips\\live_1.jpg.tmp.jpg' -> 'D:\\lehuynhthuan\\Cam\\bida_ai_system\\clips\\live_1.jpg'
[2026-07-15 14:17:09] Loi rename live image: [WinError 5] Access is denied: 'D:\\lehuynhthuan\\Cam\\bida_ai_system\\clips\\live_1.jpg.tmp.jpg' -> 'D:\\lehuynhthuan\\Cam\\bida_ai_system\\clips\\live_1.jpg'
[2026-07-15 14:17:09] Loi rename live image: [WinError 5] Access is denied: 'D:\\lehuynhthuan\\Cam\\bida_ai_system\\clips\\live_1.jpg.tmp.jpg' -> 'D:\\lehuynhthuan\\Cam\\bida_ai_system\\clips\\live_1.jpg'
[2026-07-15 14:17:09] Loi rename live image: [WinError 5] Access is denied: 'D:\\lehuynhthuan\\Cam\\bida_ai_system\\clips\\live_1.jpg.tmp.jpg' -> 'D:\\lehuynhthuan\\Cam\\bida_ai_system\\clips\\live_1.jpg'
[2026-07-15 14:17:10] Loi rename live image: [WinError 5] Access is denied: 'D:\\lehuynhthuan\\Cam\\bida_ai_system\\clips\\live_1.jpg.tmp.jpg' -> 'D:\\lehuynhthuan\\Cam\\bida_ai_system\\clips\\live_1.jpg'
[2026-07-15 14:17:10] Loi rename live image: [WinError 5] Access is denied: 'D:\\lehuynhthuan\\Cam\\bida_ai_system\\clips\\live_1.jpg.tmp.jpg' -> 'D:\\lehuynhthuan\\Cam\\bida_ai_system\\clips\\live_1.jpg'
[2026-07-15 14:17:10] Loi rename live image: [WinError 5] Access is denied: 'D:\\lehuynhthuan\\Cam\\bida_ai_system\\clips\\live_1.jpg.tmp.jpg' -> 'D:\\lehuynhthuan\\Cam\\bida_ai_system\\clips\\live_1.jpg'
[2026-07-15 14:17:11] Loi rename live image: [WinError 5] Access is denied: 'D:\\lehuynhthuan\\Cam\\bida_ai_system\\clips\\live_1.jpg.tmp.jpg' -> 'D:\\lehuynhthuan\\Cam\\bida_ai_system\\clips\\live_1.jpg'
[2026-07-15 14:17:11] Loi rename live image: [WinError 5] Access is denied: 'D:\\lehuynhthuan\\Cam\\bida_ai_system\\clips\\live_1.jpg.tmp.jpg' -> 'D:\\lehuynhthuan\\Cam\\bida_ai_system\\clips\\live_1.jpg'
[2026-07-15 14:17:11] Loi rename live image: [WinError 5] Access is denied: 'D:\\lehuynhthuan\\Cam\\bida_ai_system\\clips\\live_1.jpg.tmp.jpg' -> 'D:\\lehuynhthuan\\Cam\\bida_ai_system\\clips\\live_1.jpg'
[2026-07-15 14:17:11] Loi rename live image: [WinError 5] Access is denied: 'D:\\lehuynhthuan\\Cam\\bida_ai_system\\clips\\live_1.jpg.tmp.jpg' -> 'D:\\lehuynhthuan\\Cam\\bida_ai_system\\clips\\live_1.jpg'
[2026-07-15 14:17:12] Loi rename live image: [WinError 5] Access is denied: 'D:\\lehuynhthuan\\Cam\\bida_ai_system\\clips\\live_1.jpg.tmp.jpg' -> 'D:\\lehuynhthuan\\Cam\\bida_ai_system\\clips\\live_1.jpg'
[2026-07-15 14:17:12] Loi rename live image: [WinError 5] Access is denied: 'D:\\lehuynhthuan\\Cam\\bida_ai_system\\clips\\live_1.jpg.tmp.jpg' -> 'D:\\lehuynhthuan\\Cam\\bida_ai_system\\clips\\live_1.jpg'
[2026-07-15 14:17:12] Loi rename live image: [WinError 5] Access is denied: 'D:\\lehuynhthuan\\Cam\\bida_ai_system\\clips\\live_1.jpg.tmp.jpg' -> 'D:\\lehuynhthuan\\Cam\\bida_ai_system\\clips\\live_1.jpg'
[2026-07-15 14:17:13] Loi rename live image: [WinError 5] Access is denied: 'D:\\lehuynhthuan\\Cam\\bida_ai_system\\clips\\live_1.jpg.tmp.jpg' -> 'D:\\lehuynhthuan\\Cam\\bida_ai_system\\clips\\live_1.jpg'
[2026-07-15 14:17:13] Loi: Khong the doc tu camera
[2026-07-15 14:17:13] Loi rename live image: [WinError 5] Access is denied: 'D:\\lehuynhthuan\\Cam\\bida_ai_system\\clips\\live_1.jpg.tmp.jpg' -> 'D:\\lehuynhthuan\\Cam\\bida_ai_system\\clips\\live_1.jpg'
[2026-07-15 14:17:14] Loi rename live image: [WinError 5] Access is denied: 'D:\\lehuynhthuan\\Cam\\bida_ai_system\\clips\\live_1.jpg.tmp.jpg' -> 'D:\\lehuynhthuan\\Cam\\bida_ai_system\\clips\\live_1.jpg'
[2026-07-15 14:17:16] Loi rename live image: [WinError 5] Access is denied: 'D:\\lehuynhthuan\\Cam\\bida_ai_system\\clips\\live_1.jpg.tmp.jpg' -> 'D:\\lehuynhthuan\\Cam\\bida_ai_system\\clips\\live_1.jpg'
[2026-07-15 14:17:16] Loi rename live image: [WinError 5] Access is denied: 'D:\\lehuynhthuan\\Cam\\bida_ai_system\\clips\\live_1.jpg.tmp.jpg' -> 'D:\\lehuynhthuan\\Cam\\bida_ai_system\\clips\\live_1.jpg'
[2026-07-15 14:17:16] --- Bat dau khoi dong AI stream ---
[2026-07-15 14:17:17] Loi rename live image: [WinError 5] Access is denied: 'D:\\lehuynhthuan\\Cam\\bida_ai_system\\clips\\live_1.jpg.tmp.jpg' -> 'D:\\lehuynhthuan\\Cam\\bida_ai_system\\clips\\live_1.jpg'
[2026-07-15 14:17:17] Loi rename live image: [WinError 5] Access is denied: 'D:\\lehuynhthuan\\Cam\\bida_ai_system\\clips\\live_1.jpg.tmp.jpg' -> 'D:\\lehuynhthuan\\Cam\\bida_ai_system\\clips\\live_1.jpg'
[2026-07-15 14:17:18] Loi rename live image: [WinError 5] Access is denied: 'D:\\lehuynhthuan\\Cam\\bida_ai_system\\clips\\live_1.jpg.tmp.jpg' -> 'D:\\lehuynhthuan\\Cam\\bida_ai_system\\clips\\live_1.jpg'
[2026-07-15 14:17:18] Loi rename live image: [WinError 5] Access is denied: 'D:\\lehuynhthuan\\Cam\\bida_ai_system\\clips\\live_1.jpg.tmp.jpg' -> 'D:\\lehuynhthuan\\Cam\\bida_ai_system\\clips\\live_1.jpg'
[2026-07-15 14:17:18] Loi rename live image: [WinError 5] Access is denied: 'D:\\lehuynhthuan\\Cam\\bida_ai_system\\clips\\live_1.jpg.tmp.jpg' -> 'D:\\lehuynhthuan\\Cam\\bida_ai_system\\clips\\live_1.jpg'
[2026-07-15 14:17:18] Loi rename live image: [WinError 5] Access is denied: 'D:\\lehuynhthuan\\Cam\\bida_ai_system\\clips\\live_1.jpg.tmp.jpg' -> 'D:\\lehuynhthuan\\Cam\\bida_ai_system\\clips\\live_1.jpg'
[2026-07-15 14:17:19] Loi rename live image: [WinError 5] Access is denied: 'D:\\lehuynhthuan\\Cam\\bida_ai_system\\clips\\live_1.jpg.tmp.jpg' -> 'D:\\lehuynhthuan\\Cam\\bida_ai_system\\clips\\live_1.jpg'
[2026-07-15 14:17:19] Loi rename live image: [WinError 5] Access is denied: 'D:\\lehuynhthuan\\Cam\\bida_ai_system\\clips\\live_1.jpg.tmp.jpg' -> 'D:\\lehuynhthuan\\Cam\\bida_ai_system\\clips\\live_1.jpg'
[2026-07-15 14:17:20] Loi rename live image: [WinError 5] Access is denied: 'D:\\lehuynhthuan\\Cam\\bida_ai_system\\clips\\live_1.jpg.tmp.jpg' -> 'D:\\lehuynhthuan\\Cam\\bida_ai_system\\clips\\live_1.jpg'
[2026-07-15 14:17:21] Loi rename live image: [WinError 5] Access is denied: 'D:\\lehuynhthuan\\Cam\\bida_ai_system\\clips\\live_1.jpg.tmp.jpg' -> 'D:\\lehuynhthuan\\Cam\\bida_ai_system\\clips\\live_1.jpg'
[2026-07-15 14:17:21] Loi rename live image: [WinError 5] Access is denied: 'D:\\lehuynhthuan\\Cam\\bida_ai_system\\clips\\live_1.jpg.tmp.jpg' -> 'D:\\lehuynhthuan\\Cam\\bida_ai_system\\clips\\live_1.jpg'
[2026-07-15 14:17:22] Loi rename live image: [WinError 5] Access is denied: 'D:\\lehuynhthuan\\Cam\\bida_ai_system\\clips\\live_1.jpg.tmp.jpg' -> 'D:\\lehuynhthuan\\Cam\\bida_ai_system\\clips\\live_1.jpg'
[2026-07-15 14:17:23] Loi rename live image: [WinError 5] Access is denied: 'D:\\lehuynhthuan\\Cam\\bida_ai_system\\clips\\live_1.jpg.tmp.jpg' -> 'D:\\lehuynhthuan\\Cam\\bida_ai_system\\clips\\live_1.jpg'
[2026-07-15 14:17:23] Loi rename live image: [WinError 5] Access is denied: 'D:\\lehuynhthuan\\Cam\\bida_ai_system\\clips\\live_1.jpg.tmp.jpg' -> 'D:\\lehuynhthuan\\Cam\\bida_ai_system\\clips\\live_1.jpg'
[2026-07-15 14:17:23] Loi rename live image: [WinError 5] Access is denied: 'D:\\lehuynhthuan\\Cam\\bida_ai_system\\clips\\live_1.jpg.tmp.jpg' -> 'D:\\lehuynhthuan\\Cam\\bida_ai_system\\clips\\live_1.jpg'
[2026-07-15 14:17:24] Loi rename live image: [WinError 5] Access is denied: 'D:\\lehuynhthuan\\Cam\\bida_ai_system\\clips\\live_1.jpg.tmp.jpg' -> 'D:\\lehuynhthuan\\Cam\\bida_ai_system\\clips\\live_1.jpg'
[2026-07-15 14:17:24] Loi rename live image: [WinError 5] Access is denied: 'D:\\lehuynhthuan\\Cam\\bida_ai_system\\clips\\live_1.jpg.tmp.jpg' -> 'D:\\lehuynhthuan\\Cam\\bida_ai_system\\clips\\live_1.jpg'
[2026-07-15 14:17:25] Loi rename live image: [WinError 5] Access is denied: 'D:\\lehuynhthuan\\Cam\\bida_ai_system\\clips\\live_1.jpg.tmp.jpg' -> 'D:\\lehuynhthuan\\Cam\\bida_ai_system\\clips\\live_1.jpg'
[2026-07-15 14:17:25] Loi rename live image: [WinError 5] Access is denied: 'D:\\lehuynhthuan\\Cam\\bida_ai_system\\clips\\live_1.jpg.tmp.jpg' -> 'D:\\lehuynhthuan\\Cam\\bida_ai_system\\clips\\live_1.jpg'
[2026-07-15 14:17:25] Loi rename live image: [WinError 5] Access is denied: 'D:\\lehuynhthuan\\Cam\\bida_ai_system\\clips\\live_1.jpg.tmp.jpg' -> 'D:\\lehuynhthuan\\Cam\\bida_ai_system\\clips\\live_1.jpg'
[2026-07-15 14:17:26] Loi rename live image: [WinError 5] Access is denied: 'D:\\lehuynhthuan\\Cam\\bida_ai_system\\clips\\live_1.jpg.tmp.jpg' -> 'D:\\lehuynhthuan\\Cam\\bida_ai_system\\clips\\live_1.jpg'
[2026-07-15 14:17:27] Loi rename live image: [WinError 5] Access is denied: 'D:\\lehuynhthuan\\Cam\\bida_ai_system\\clips\\live_1.jpg.tmp.jpg' -> 'D:\\lehuynhthuan\\Cam\\bida_ai_system\\clips\\live_1.jpg'
[2026-07-15 14:17:27] Loi rename live image: [WinError 5] Access is denied: 'D:\\lehuynhthuan\\Cam\\bida_ai_system\\clips\\live_1.jpg.tmp.jpg' -> 'D:\\lehuynhthuan\\Cam\\bida_ai_system\\clips\\live_1.jpg'
[2026-07-15 14:17:28] Loi rename live image: [WinError 5] Access is denied: 'D:\\lehuynhthuan\\Cam\\bida_ai_system\\clips\\live_1.jpg.tmp.jpg' -> 'D:\\lehuynhthuan\\Cam\\bida_ai_system\\clips\\live_1.jpg'
[2026-07-15 14:17:28] Loi rename live image: [WinError 5] Access is denied: 'D:\\lehuynhthuan\\Cam\\bida_ai_system\\clips\\live_1.jpg.tmp.jpg' -> 'D:\\lehuynhthuan\\Cam\\bida_ai_system\\clips\\live_1.jpg'
[2026-07-15 14:17:30] Loi rename live image: [WinError 5] Access is denied: 'D:\\lehuynhthuan\\Cam\\bida_ai_system\\clips\\live_1.jpg.tmp.jpg' -> 'D:\\lehuynhthuan\\Cam\\bida_ai_system\\clips\\live_1.jpg'
[2026-07-15 14:17:31] Loi rename live image: [WinError 5] Access is denied: 'D:\\lehuynhthuan\\Cam\\bida_ai_system\\clips\\live_1.jpg.tmp.jpg' -> 'D:\\lehuynhthuan\\Cam\\bida_ai_system\\clips\\live_1.jpg'
[2026-07-15 14:17:31] Loi rename live image: [WinError 5] Access is denied: 'D:\\lehuynhthuan\\Cam\\bida_ai_system\\clips\\live_1.jpg.tmp.jpg' -> 'D:\\lehuynhthuan\\Cam\\bida_ai_system\\clips\\live_1.jpg'
[2026-07-15 14:17:32] Loi rename live image: [WinError 5] Access is denied: 'D:\\lehuynhthuan\\Cam\\bida_ai_system\\clips\\live_1.jpg.tmp.jpg' -> 'D:\\lehuynhthuan\\Cam\\bida_ai_system\\clips\\live_1.jpg'
[2026-07-15 14:17:32] Loi rename live image: [WinError 5] Access is denied: 'D:\\lehuynhthuan\\Cam\\bida_ai_system\\clips\\live_1.jpg.tmp.jpg' -> 'D:\\lehuynhthuan\\Cam\\bida_ai_system\\clips\\live_1.jpg'
[2026-07-15 14:17:32] Loi rename live image: [WinError 5] Access is denied: 'D:\\lehuynhthuan\\Cam\\bida_ai_system\\clips\\live_1.jpg.tmp.jpg' -> 'D:\\lehuynhthuan\\Cam\\bida_ai_system\\clips\\live_1.jpg'
[2026-07-15 14:17:32] Loi rename live image: [WinError 5] Access is denied: 'D:\\lehuynhthuan\\Cam\\bida_ai_system\\clips\\live_1.jpg.tmp.jpg' -> 'D:\\lehuynhthuan\\Cam\\bida_ai_system\\clips\\live_1.jpg'
[2026-07-15 14:17:33] Loi rename live image: [WinError 5] Access is denied: 'D:\\lehuynhthuan\\Cam\\bida_ai_system\\clips\\live_1.jpg.tmp.jpg' -> 'D:\\lehuynhthuan\\Cam\\bida_ai_system\\clips\\live_1.jpg'
[2026-07-15 14:17:33] Loi rename live image: [WinError 5] Access is denied: 'D:\\lehuynhthuan\\Cam\\bida_ai_system\\clips\\live_1.jpg.tmp.jpg' -> 'D:\\lehuynhthuan\\Cam\\bida_ai_system\\clips\\live_1.jpg'
[2026-07-15 14:17:34] Loi rename live image: [WinError 5] Access is denied: 'D:\\lehuynhthuan\\Cam\\bida_ai_system\\clips\\live_1.jpg.tmp.jpg' -> 'D:\\lehuynhthuan\\Cam\\bida_ai_system\\clips\\live_1.jpg'
[2026-07-15 14:17:34] Loi rename live image: [WinError 5] Access is denied: 'D:\\lehuynhthuan\\Cam\\bida_ai_system\\clips\\live_1.jpg.tmp.jpg' -> 'D:\\lehuynhthuan\\Cam\\bida_ai_system\\clips\\live_1.jpg'
[2026-07-15 14:17:34] Loi rename live image: [WinError 5] Access is denied: 'D:\\lehuynhthuan\\Cam\\bida_ai_system\\clips\\live_1.jpg.tmp.jpg' -> 'D:\\lehuynhthuan\\Cam\\bida_ai_system\\clips\\live_1.jpg'
[2026-07-15 14:17:35] Loi rename live image: [WinError 5] Access is denied: 'D:\\lehuynhthuan\\Cam\\bida_ai_system\\clips\\live_1.jpg.tmp.jpg' -> 'D:\\lehuynhthuan\\Cam\\bida_ai_system\\clips\\live_1.jpg'
[2026-07-15 14:17:35] Loi rename live image: [WinError 5] Access is denied: 'D:\\lehuynhthuan\\Cam\\bida_ai_system\\clips\\live_1.jpg.tmp.jpg' -> 'D:\\lehuynhthuan\\Cam\\bida_ai_system\\clips\\live_1.jpg'
[2026-07-15 14:17:36] Loi rename live image: [WinError 5] Access is denied: 'D:\\lehuynhthuan\\Cam\\bida_ai_system\\clips\\live_1.jpg.tmp.jpg' -> 'D:\\lehuynhthuan\\Cam\\bida_ai_system\\clips\\live_1.jpg'
[2026-07-15 14:17:36] Loi rename live image: [WinError 5] Access is denied: 'D:\\lehuynhthuan\\Cam\\bida_ai_system\\clips\\live_1.jpg.tmp.jpg' -> 'D:\\lehuynhthuan\\Cam\\bida_ai_system\\clips\\live_1.jpg'
[2026-07-15 14:17:36] Loi: Khong the doc tu camera
[2026-07-15 14:17:37] Loi rename live image: [WinError 5] Access is denied: 'D:\\lehuynhthuan\\Cam\\bida_ai_system\\clips\\live_1.jpg.tmp.jpg' -> 'D:\\lehuynhthuan\\Cam\\bida_ai_system\\clips\\live_1.jpg'
[2026-07-15 14:17:38] Loi rename live image: [WinError 5] Access is denied: 'D:\\lehuynhthuan\\Cam\\bida_ai_system\\clips\\live_1.jpg.tmp.jpg' -> 'D:\\lehuynhthuan\\Cam\\bida_ai_system\\clips\\live_1.jpg'
[2026-07-15 14:17:39] Loi rename live image: [WinError 5] Access is denied: 'D:\\lehuynhthuan\\Cam\\bida_ai_system\\clips\\live_1.jpg.tmp.jpg' -> 'D:\\lehuynhthuan\\Cam\\bida_ai_system\\clips\\live_1.jpg'
[2026-07-15 14:17:40] Loi rename live image: [WinError 5] Access is denied: 'D:\\lehuynhthuan\\Cam\\bida_ai_system\\clips\\live_1.jpg.tmp.jpg' -> 'D:\\lehuynhthuan\\Cam\\bida_ai_system\\clips\\live_1.jpg'
[2026-07-15 14:17:41] --- Bat dau khoi dong AI stream ---
[2026-07-15 14:17:41] Loi rename live image: [WinError 5] Access is denied: 'D:\\lehuynhthuan\\Cam\\bida_ai_system\\clips\\live_1.jpg.tmp.jpg' -> 'D:\\lehuynhthuan\\Cam\\bida_ai_system\\clips\\live_1.jpg'
[2026-07-15 14:17:42] Loi rename live image: [WinError 5] Access is denied: 'D:\\lehuynhthuan\\Cam\\bida_ai_system\\clips\\live_1.jpg.tmp.jpg' -> 'D:\\lehuynhthuan\\Cam\\bida_ai_system\\clips\\live_1.jpg'
[2026-07-15 14:17:46] Loi rename live image: [WinError 5] Access is denied: 'D:\\lehuynhthuan\\Cam\\bida_ai_system\\clips\\live_1.jpg.tmp.jpg' -> 'D:\\lehuynhthuan\\Cam\\bida_ai_system\\clips\\live_1.jpg'
[2026-07-15 14:17:47] Loi rename live image: [WinError 5] Access is denied: 'D:\\lehuynhthuan\\Cam\\bida_ai_system\\clips\\live_1.jpg.tmp.jpg' -> 'D:\\lehuynhthuan\\Cam\\bida_ai_system\\clips\\live_1.jpg'
[2026-07-15 14:17:49] Loi rename live image: [WinError 5] Access is denied: 'D:\\lehuynhthuan\\Cam\\bida_ai_system\\clips\\live_1.jpg.tmp.jpg' -> 'D:\\lehuynhthuan\\Cam\\bida_ai_system\\clips\\live_1.jpg'
[2026-07-15 14:17:54] Loi rename live image: [WinError 5] Access is denied: 'D:\\lehuynhthuan\\Cam\\bida_ai_system\\clips\\live_1.jpg.tmp.jpg' -> 'D:\\lehuynhthuan\\Cam\\bida_ai_system\\clips\\live_1.jpg'
[2026-07-15 14:17:55] Loi rename live image: [WinError 5] Access is denied: 'D:\\lehuynhthuan\\Cam\\bida_ai_system\\clips\\live_1.jpg.tmp.jpg' -> 'D:\\lehuynhthuan\\Cam\\bida_ai_system\\clips\\live_1.jpg'
[2026-07-15 14:17:56] Loi rename live image: [WinError 5] Access is denied: 'D:\\lehuynhthuan\\Cam\\bida_ai_system\\clips\\live_1.jpg.tmp.jpg' -> 'D:\\lehuynhthuan\\Cam\\bida_ai_system\\clips\\live_1.jpg'
[2026-07-15 14:17:59] Loi rename live image: [WinError 5] Access is denied: 'D:\\lehuynhthuan\\Cam\\bida_ai_system\\clips\\live_1.jpg.tmp.jpg' -> 'D:\\lehuynhthuan\\Cam\\bida_ai_system\\clips\\live_1.jpg'
[2026-07-15 14:18:00] Da dong archive phut: 1417
[2026-07-15 14:18:00] Mo archive moi: D:\lehuynhthuan\Cam\bida_ai_system\archive\ban1_1418.mp4
[2026-07-15 14:18:00] Loi rename live image: [WinError 5] Access is denied: 'D:\\lehuynhthuan\\Cam\\bida_ai_system\\clips\\live_1.jpg.tmp.jpg' -> 'D:\\lehuynhthuan\\Cam\\bida_ai_system\\clips\\live_1.jpg'
[2026-07-15 14:18:01] Loi: Khong the doc tu camera
[2026-07-15 14:18:03] Loi rename live image: [WinError 5] Access is denied: 'D:\\lehuynhthuan\\Cam\\bida_ai_system\\clips\\live_1.jpg.tmp.jpg' -> 'D:\\lehuynhthuan\\Cam\\bida_ai_system\\clips\\live_1.jpg'
[2026-07-15 14:18:05] Loi rename live image: [WinError 5] Access is denied: 'D:\\lehuynhthuan\\Cam\\bida_ai_system\\clips\\live_1.jpg.tmp.jpg' -> 'D:\\lehuynhthuan\\Cam\\bida_ai_system\\clips\\live_1.jpg'
[2026-07-15 14:18:06] --- Bat dau khoi dong AI stream ---
[2026-07-15 14:18:06] Loi rename live image: [WinError 5] Access is denied: 'D:\\lehuynhthuan\\Cam\\bida_ai_system\\clips\\live_1.jpg.tmp.jpg' -> 'D:\\lehuynhthuan\\Cam\\bida_ai_system\\clips\\live_1.jpg'
[2026-07-15 14:18:07] Loi rename live image: [WinError 5] Access is denied: 'D:\\lehuynhthuan\\Cam\\bida_ai_system\\clips\\live_1.jpg.tmp.jpg' -> 'D:\\lehuynhthuan\\Cam\\bida_ai_system\\clips\\live_1.jpg'
[2026-07-15 14:18:11] Loi rename live image: [WinError 5] Access is denied: 'D:\\lehuynhthuan\\Cam\\bida_ai_system\\clips\\live_1.jpg.tmp.jpg' -> 'D:\\lehuynhthuan\\Cam\\bida_ai_system\\clips\\live_1.jpg'
[2026-07-15 14:18:12] Loi rename live image: [WinError 5] Access is denied: 'D:\\lehuynhthuan\\Cam\\bida_ai_system\\clips\\live_1.jpg.tmp.jpg' -> 'D:\\lehuynhthuan\\Cam\\bida_ai_system\\clips\\live_1.jpg'
[2026-07-15 14:18:13] Loi rename live image: [WinError 5] Access is denied: 'D:\\lehuynhthuan\\Cam\\bida_ai_system\\clips\\live_1.jpg.tmp.jpg' -> 'D:\\lehuynhthuan\\Cam\\bida_ai_system\\clips\\live_1.jpg'
[2026-07-15 14:18:22] --- Bat dau khoi dong AI stream (Loc cuon menu) ---
[2026-07-15 14:18:42] Webcam bat thanh cong. Size: 640x480
[2026-07-15 14:18:42] Mo archive moi: D:\lehuynhthuan\Cam\bida_ai_system\archive\ban1_1418.mp4
[2026-07-15 14:19:00] Da dong archive phut: 1418
[2026-07-15 14:19:00] Mo archive moi: D:\lehuynhthuan\Cam\bida_ai_system\archive\ban1_1419.mp4
[2026-07-15 14:20:00] Da dong archive phut: 1419
[2026-07-15 14:20:00] Mo archive moi: D:\lehuynhthuan\Cam\bida_ai_system\archive\ban1_1420.mp4
[2026-07-15 14:20:51] Phat hien chuyen dong cam Menu (So pixel mau: 975)
[2026-07-15 14:20:51] Phat hien chuyen dong cam Menu (So pixel mau: 2405)
[2026-07-15 14:20:51] Phat hien chuyen dong cam Menu (So pixel mau: 258)
[2026-07-15 14:20:51] XAC NHAN: KHACH CAM MENU VAY TAY ORDER! (3 lan/4s)
[2026-07-15 14:20:57] Phat hien chuyen dong cam Menu (So pixel mau: 254)
[2026-07-15 14:20:57] Phat hien chuyen dong cam Menu (So pixel mau: 195)
[2026-07-15 14:20:57] Phat hien chuyen dong cam Menu (So pixel mau: 2731)
[2026-07-15 14:20:57] Phat hien chuyen dong cam Menu (So pixel mau: 2239)
[2026-07-15 14:20:57] Phat hien chuyen dong cam Menu (So pixel mau: 1895)
[2026-07-15 14:20:57] Phat hien chuyen dong cam Menu (So pixel mau: 3288)
[2026-07-15 14:20:57] Phat hien chuyen dong cam Menu (So pixel mau: 2152)
[2026-07-15 14:20:57] Phat hien chuyen dong cam Menu (So pixel mau: 1406)
[2026-07-15 14:21:00] Da dong archive phut: 1420
[2026-07-15 14:21:00] Mo archive moi: D:\lehuynhthuan\Cam\bida_ai_system\archive\ban1_1421.mp4
[2026-07-15 14:21:09] Loi rename live image: [WinError 5] Access is denied: 'D:\\lehuynhthuan\\Cam\\bida_ai_system\\clips\\live_1.jpg.tmp.jpg' -> 'D:\\lehuynhthuan\\Cam\\bida_ai_system\\clips\\live_1.jpg'
[2026-07-15 14:21:09] Loi rename live image: [WinError 5] Access is denied: 'D:\\lehuynhthuan\\Cam\\bida_ai_system\\clips\\live_1.jpg.tmp.jpg' -> 'D:\\lehuynhthuan\\Cam\\bida_ai_system\\clips\\live_1.jpg'
[2026-07-15 14:21:09] Loi rename live image: [WinError 5] Access is denied: 'D:\\lehuynhthuan\\Cam\\bida_ai_system\\clips\\live_1.jpg.tmp.jpg' -> 'D:\\lehuynhthuan\\Cam\\bida_ai_system\\clips\\live_1.jpg'
[2026-07-15 14:21:09] Loi rename live image: [WinError 5] Access is denied: 'D:\\lehuynhthuan\\Cam\\bida_ai_system\\clips\\live_1.jpg.tmp.jpg' -> 'D:\\lehuynhthuan\\Cam\\bida_ai_system\\clips\\live_1.jpg'
[2026-07-15 14:21:09] Loi rename live image: [WinError 5] Access is denied: 'D:\\lehuynhthuan\\Cam\\bida_ai_system\\clips\\live_1.jpg.tmp.jpg' -> 'D:\\lehuynhthuan\\Cam\\bida_ai_system\\clips\\live_1.jpg'
[2026-07-15 14:21:09] Loi rename live image: [WinError 5] Access is denied: 'D:\\lehuynhthuan\\Cam\\bida_ai_system\\clips\\live_1.jpg.tmp.jpg' -> 'D:\\lehuynhthuan\\Cam\\bida_ai_system\\clips\\live_1.jpg'
[2026-07-15 14:21:09] Loi rename live image: [WinError 5] Access is denied: 'D:\\lehuynhthuan\\Cam\\bida_ai_system\\clips\\live_1.jpg.tmp.jpg' -> 'D:\\lehuynhthuan\\Cam\\bida_ai_system\\clips\\live_1.jpg'
[2026-07-15 14:21:09] Loi rename live image: [WinError 5] Access is denied: 'D:\\lehuynhthuan\\Cam\\bida_ai_system\\clips\\live_1.jpg.tmp.jpg' -> 'D:\\lehuynhthuan\\Cam\\bida_ai_system\\clips\\live_1.jpg'
[2026-07-15 14:21:09] Loi rename live image: [WinError 5] Access is denied: 'D:\\lehuynhthuan\\Cam\\bida_ai_system\\clips\\live_1.jpg.tmp.jpg' -> 'D:\\lehuynhthuan\\Cam\\bida_ai_system\\clips\\live_1.jpg'
[2026-07-15 14:21:09] Loi rename live image: [WinError 5] Access is denied: 'D:\\lehuynhthuan\\Cam\\bida_ai_system\\clips\\live_1.jpg.tmp.jpg' -> 'D:\\lehuynhthuan\\Cam\\bida_ai_system\\clips\\live_1.jpg'
[2026-07-15 14:21:09] Loi rename live image: [WinError 5] Access is denied: 'D:\\lehuynhthuan\\Cam\\bida_ai_system\\clips\\live_1.jpg.tmp.jpg' -> 'D:\\lehuynhthuan\\Cam\\bida_ai_system\\clips\\live_1.jpg'
[2026-07-15 14:21:09] Loi rename live image: [WinError 5] Access is denied: 'D:\\lehuynhthuan\\Cam\\bida_ai_system\\clips\\live_1.jpg.tmp.jpg' -> 'D:\\lehuynhthuan\\Cam\\bida_ai_system\\clips\\live_1.jpg'
[2026-07-15 14:21:09] Loi rename live image: [WinError 5] Access is denied: 'D:\\lehuynhthuan\\Cam\\bida_ai_system\\clips\\live_1.jpg.tmp.jpg' -> 'D:\\lehuynhthuan\\Cam\\bida_ai_system\\clips\\live_1.jpg'
[2026-07-15 14:21:09] Loi rename live image: [WinError 5] Access is denied: 'D:\\lehuynhthuan\\Cam\\bida_ai_system\\clips\\live_1.jpg.tmp.jpg' -> 'D:\\lehuynhthuan\\Cam\\bida_ai_system\\clips\\live_1.jpg'
[2026-07-15 14:21:09] Loi rename live image: [WinError 5] Access is denied: 'D:\\lehuynhthuan\\Cam\\bida_ai_system\\clips\\live_1.jpg.tmp.jpg' -> 'D:\\lehuynhthuan\\Cam\\bida_ai_system\\clips\\live_1.jpg'
[2026-07-15 14:21:09] Loi rename live image: [WinError 5] Access is denied: 'D:\\lehuynhthuan\\Cam\\bida_ai_system\\clips\\live_1.jpg.tmp.jpg' -> 'D:\\lehuynhthuan\\Cam\\bida_ai_system\\clips\\live_1.jpg'
[2026-07-15 14:21:10] Loi rename live image: [WinError 5] Access is denied: 'D:\\lehuynhthuan\\Cam\\bida_ai_system\\clips\\live_1.jpg.tmp.jpg' -> 'D:\\lehuynhthuan\\Cam\\bida_ai_system\\clips\\live_1.jpg'
[2026-07-15 14:21:10] Loi rename live image: [WinError 5] Access is denied: 'D:\\lehuynhthuan\\Cam\\bida_ai_system\\clips\\live_1.jpg.tmp.jpg' -> 'D:\\lehuynhthuan\\Cam\\bida_ai_system\\clips\\live_1.jpg'
[2026-07-15 14:21:10] Loi rename live image: [WinError 5] Access is denied: 'D:\\lehuynhthuan\\Cam\\bida_ai_system\\clips\\live_1.jpg.tmp.jpg' -> 'D:\\lehuynhthuan\\Cam\\bida_ai_system\\clips\\live_1.jpg'
[2026-07-15 14:21:10] Loi rename live image: [WinError 5] Access is denied: 'D:\\lehuynhthuan\\Cam\\bida_ai_system\\clips\\live_1.jpg.tmp.jpg' -> 'D:\\lehuynhthuan\\Cam\\bida_ai_system\\clips\\live_1.jpg'
[2026-07-15 14:21:10] Loi rename live image: [WinError 5] Access is denied: 'D:\\lehuynhthuan\\Cam\\bida_ai_system\\clips\\live_1.jpg.tmp.jpg' -> 'D:\\lehuynhthuan\\Cam\\bida_ai_system\\clips\\live_1.jpg'
[2026-07-15 14:21:11] Loi rename live image: [WinError 5] Access is denied: 'D:\\lehuynhthuan\\Cam\\bida_ai_system\\clips\\live_1.jpg.tmp.jpg' -> 'D:\\lehuynhthuan\\Cam\\bida_ai_system\\clips\\live_1.jpg'
[2026-07-15 14:21:11] Phat hien chuyen dong cam Menu (So pixel mau: 448)
[2026-07-15 14:21:11] Phat hien chuyen dong cam Menu (So pixel mau: 1775)
[2026-07-15 14:21:11] Phat hien chuyen dong cam Menu (So pixel mau: 1228)
[2026-07-15 14:21:11] Phat hien chuyen dong cam Menu (So pixel mau: 1271)
[2026-07-15 14:21:11] Phat hien chuyen dong cam Menu (So pixel mau: 870)
[2026-07-15 14:21:11] Loi rename live image: [WinError 5] Access is denied: 'D:\\lehuynhthuan\\Cam\\bida_ai_system\\clips\\live_1.jpg.tmp.jpg' -> 'D:\\lehuynhthuan\\Cam\\bida_ai_system\\clips\\live_1.jpg'
[2026-07-15 14:21:12] Loi rename live image: [WinError 5] Access is denied: 'D:\\lehuynhthuan\\Cam\\bida_ai_system\\clips\\live_1.jpg.tmp.jpg' -> 'D:\\lehuynhthuan\\Cam\\bida_ai_system\\clips\\live_1.jpg'
[2026-07-15 14:21:12] Loi rename live image: [WinError 5] Access is denied: 'D:\\lehuynhthuan\\Cam\\bida_ai_system\\clips\\live_1.jpg.tmp.jpg' -> 'D:\\lehuynhthuan\\Cam\\bida_ai_system\\clips\\live_1.jpg'
[2026-07-15 14:21:12] Loi rename live image: [WinError 5] Access is denied: 'D:\\lehuynhthuan\\Cam\\bida_ai_system\\clips\\live_1.jpg.tmp.jpg' -> 'D:\\lehuynhthuan\\Cam\\bida_ai_system\\clips\\live_1.jpg'
[2026-07-15 14:21:12] Loi rename live image: [WinError 5] Access is denied: 'D:\\lehuynhthuan\\Cam\\bida_ai_system\\clips\\live_1.jpg.tmp.jpg' -> 'D:\\lehuynhthuan\\Cam\\bida_ai_system\\clips\\live_1.jpg'
[2026-07-15 14:21:13] Loi rename live image: [WinError 5] Access is denied: 'D:\\lehuynhthuan\\Cam\\bida_ai_system\\clips\\live_1.jpg.tmp.jpg' -> 'D:\\lehuynhthuan\\Cam\\bida_ai_system\\clips\\live_1.jpg'
[2026-07-15 14:21:14] Loi rename live image: [WinError 5] Access is denied: 'D:\\lehuynhthuan\\Cam\\bida_ai_system\\clips\\live_1.jpg.tmp.jpg' -> 'D:\\lehuynhthuan\\Cam\\bida_ai_system\\clips\\live_1.jpg'
[2026-07-15 14:21:14] Loi rename live image: [WinError 5] Access is denied: 'D:\\lehuynhthuan\\Cam\\bida_ai_system\\clips\\live_1.jpg.tmp.jpg' -> 'D:\\lehuynhthuan\\Cam\\bida_ai_system\\clips\\live_1.jpg'
[2026-07-15 14:21:14] Loi rename live image: [WinError 5] Access is denied: 'D:\\lehuynhthuan\\Cam\\bida_ai_system\\clips\\live_1.jpg.tmp.jpg' -> 'D:\\lehuynhthuan\\Cam\\bida_ai_system\\clips\\live_1.jpg'
[2026-07-15 14:21:15] Loi rename live image: [WinError 5] Access is denied: 'D:\\lehuynhthuan\\Cam\\bida_ai_system\\clips\\live_1.jpg.tmp.jpg' -> 'D:\\lehuynhthuan\\Cam\\bida_ai_system\\clips\\live_1.jpg'
[2026-07-15 14:21:15] Loi rename live image: [WinError 5] Access is denied: 'D:\\lehuynhthuan\\Cam\\bida_ai_system\\clips\\live_1.jpg.tmp.jpg' -> 'D:\\lehuynhthuan\\Cam\\bida_ai_system\\clips\\live_1.jpg'
[2026-07-15 14:21:15] Loi rename live image: [WinError 5] Access is denied: 'D:\\lehuynhthuan\\Cam\\bida_ai_system\\clips\\live_1.jpg.tmp.jpg' -> 'D:\\lehuynhthuan\\Cam\\bida_ai_system\\clips\\live_1.jpg'
[2026-07-15 14:21:16] Loi rename live image: [WinError 5] Access is denied: 'D:\\lehuynhthuan\\Cam\\bida_ai_system\\clips\\live_1.jpg.tmp.jpg' -> 'D:\\lehuynhthuan\\Cam\\bida_ai_system\\clips\\live_1.jpg'
[2026-07-15 14:21:16] Loi rename live image: [WinError 5] Access is denied: 'D:\\lehuynhthuan\\Cam\\bida_ai_system\\clips\\live_1.jpg.tmp.jpg' -> 'D:\\lehuynhthuan\\Cam\\bida_ai_system\\clips\\live_1.jpg'
[2026-07-15 14:21:16] Loi rename live image: [WinError 5] Access is denied: 'D:\\lehuynhthuan\\Cam\\bida_ai_system\\clips\\live_1.jpg.tmp.jpg' -> 'D:\\lehuynhthuan\\Cam\\bida_ai_system\\clips\\live_1.jpg'
[2026-07-15 14:21:17] Loi rename live image: [WinError 5] Access is denied: 'D:\\lehuynhthuan\\Cam\\bida_ai_system\\clips\\live_1.jpg.tmp.jpg' -> 'D:\\lehuynhthuan\\Cam\\bida_ai_system\\clips\\live_1.jpg'
[2026-07-15 14:21:17] Loi rename live image: [WinError 5] Access is denied: 'D:\\lehuynhthuan\\Cam\\bida_ai_system\\clips\\live_1.jpg.tmp.jpg' -> 'D:\\lehuynhthuan\\Cam\\bida_ai_system\\clips\\live_1.jpg'
[2026-07-15 14:21:18] Loi rename live image: [WinError 5] Access is denied: 'D:\\lehuynhthuan\\Cam\\bida_ai_system\\clips\\live_1.jpg.tmp.jpg' -> 'D:\\lehuynhthuan\\Cam\\bida_ai_system\\clips\\live_1.jpg'
[2026-07-15 14:21:18] Loi rename live image: [WinError 5] Access is denied: 'D:\\lehuynhthuan\\Cam\\bida_ai_system\\clips\\live_1.jpg.tmp.jpg' -> 'D:\\lehuynhthuan\\Cam\\bida_ai_system\\clips\\live_1.jpg'
[2026-07-15 14:21:18] Loi rename live image: [WinError 5] Access is denied: 'D:\\lehuynhthuan\\Cam\\bida_ai_system\\clips\\live_1.jpg.tmp.jpg' -> 'D:\\lehuynhthuan\\Cam\\bida_ai_system\\clips\\live_1.jpg'
[2026-07-15 14:21:19] Loi rename live image: [WinError 5] Access is denied: 'D:\\lehuynhthuan\\Cam\\bida_ai_system\\clips\\live_1.jpg.tmp.jpg' -> 'D:\\lehuynhthuan\\Cam\\bida_ai_system\\clips\\live_1.jpg'
[2026-07-15 14:21:19] Loi rename live image: [WinError 5] Access is denied: 'D:\\lehuynhthuan\\Cam\\bida_ai_system\\clips\\live_1.jpg.tmp.jpg' -> 'D:\\lehuynhthuan\\Cam\\bida_ai_system\\clips\\live_1.jpg'
[2026-07-15 14:21:19] Loi rename live image: [WinError 5] Access is denied: 'D:\\lehuynhthuan\\Cam\\bida_ai_system\\clips\\live_1.jpg.tmp.jpg' -> 'D:\\lehuynhthuan\\Cam\\bida_ai_system\\clips\\live_1.jpg'
[2026-07-15 14:21:19] Loi rename live image: [WinError 5] Access is denied: 'D:\\lehuynhthuan\\Cam\\bida_ai_system\\clips\\live_1.jpg.tmp.jpg' -> 'D:\\lehuynhthuan\\Cam\\bida_ai_system\\clips\\live_1.jpg'
[2026-07-15 14:21:19] Loi rename live image: [WinError 5] Access is denied: 'D:\\lehuynhthuan\\Cam\\bida_ai_system\\clips\\live_1.jpg.tmp.jpg' -> 'D:\\lehuynhthuan\\Cam\\bida_ai_system\\clips\\live_1.jpg'
[2026-07-15 14:21:20] Loi rename live image: [WinError 5] Access is denied: 'D:\\lehuynhthuan\\Cam\\bida_ai_system\\clips\\live_1.jpg.tmp.jpg' -> 'D:\\lehuynhthuan\\Cam\\bida_ai_system\\clips\\live_1.jpg'
[2026-07-15 14:21:20] Loi rename live image: [WinError 5] Access is denied: 'D:\\lehuynhthuan\\Cam\\bida_ai_system\\clips\\live_1.jpg.tmp.jpg' -> 'D:\\lehuynhthuan\\Cam\\bida_ai_system\\clips\\live_1.jpg'
[2026-07-15 14:21:21] Loi rename live image: [WinError 5] Access is denied: 'D:\\lehuynhthuan\\Cam\\bida_ai_system\\clips\\live_1.jpg.tmp.jpg' -> 'D:\\lehuynhthuan\\Cam\\bida_ai_system\\clips\\live_1.jpg'
[2026-07-15 14:21:21] Loi rename live image: [WinError 5] Access is denied: 'D:\\lehuynhthuan\\Cam\\bida_ai_system\\clips\\live_1.jpg.tmp.jpg' -> 'D:\\lehuynhthuan\\Cam\\bida_ai_system\\clips\\live_1.jpg'
[2026-07-15 14:21:21] Loi rename live image: [WinError 5] Access is denied: 'D:\\lehuynhthuan\\Cam\\bida_ai_system\\clips\\live_1.jpg.tmp.jpg' -> 'D:\\lehuynhthuan\\Cam\\bida_ai_system\\clips\\live_1.jpg'
[2026-07-15 14:21:22] Loi rename live image: [WinError 5] Access is denied: 'D:\\lehuynhthuan\\Cam\\bida_ai_system\\clips\\live_1.jpg.tmp.jpg' -> 'D:\\lehuynhthuan\\Cam\\bida_ai_system\\clips\\live_1.jpg'
[2026-07-15 14:21:22] Loi rename live image: [WinError 5] Access is denied: 'D:\\lehuynhthuan\\Cam\\bida_ai_system\\clips\\live_1.jpg.tmp.jpg' -> 'D:\\lehuynhthuan\\Cam\\bida_ai_system\\clips\\live_1.jpg'
[2026-07-15 14:21:22] Loi rename live image: [WinError 5] Access is denied: 'D:\\lehuynhthuan\\Cam\\bida_ai_system\\clips\\live_1.jpg.tmp.jpg' -> 'D:\\lehuynhthuan\\Cam\\bida_ai_system\\clips\\live_1.jpg'
[2026-07-15 14:21:22] Loi rename live image: [WinError 5] Access is denied: 'D:\\lehuynhthuan\\Cam\\bida_ai_system\\clips\\live_1.jpg.tmp.jpg' -> 'D:\\lehuynhthuan\\Cam\\bida_ai_system\\clips\\live_1.jpg'
[2026-07-15 14:21:22] Loi rename live image: [WinError 5] Access is denied: 'D:\\lehuynhthuan\\Cam\\bida_ai_system\\clips\\live_1.jpg.tmp.jpg' -> 'D:\\lehuynhthuan\\Cam\\bida_ai_system\\clips\\live_1.jpg'
[2026-07-15 14:21:23] Loi rename live image: [WinError 5] Access is denied: 'D:\\lehuynhthuan\\Cam\\bida_ai_system\\clips\\live_1.jpg.tmp.jpg' -> 'D:\\lehuynhthuan\\Cam\\bida_ai_system\\clips\\live_1.jpg'
[2026-07-15 14:21:23] Loi rename live image: [WinError 5] Access is denied: 'D:\\lehuynhthuan\\Cam\\bida_ai_system\\clips\\live_1.jpg.tmp.jpg' -> 'D:\\lehuynhthuan\\Cam\\bida_ai_system\\clips\\live_1.jpg'
[2026-07-15 14:21:23] Loi rename live image: [WinError 5] Access is denied: 'D:\\lehuynhthuan\\Cam\\bida_ai_system\\clips\\live_1.jpg.tmp.jpg' -> 'D:\\lehuynhthuan\\Cam\\bida_ai_system\\clips\\live_1.jpg'
[2026-07-15 14:21:23] Loi rename live image: [WinError 5] Access is denied: 'D:\\lehuynhthuan\\Cam\\bida_ai_system\\clips\\live_1.jpg.tmp.jpg' -> 'D:\\lehuynhthuan\\Cam\\bida_ai_system\\clips\\live_1.jpg'
[2026-07-15 14:21:24] Loi rename live image: [WinError 5] Access is denied: 'D:\\lehuynhthuan\\Cam\\bida_ai_system\\clips\\live_1.jpg.tmp.jpg' -> 'D:\\lehuynhthuan\\Cam\\bida_ai_system\\clips\\live_1.jpg'
[2026-07-15 14:21:24] Loi rename live image: [WinError 5] Access is denied: 'D:\\lehuynhthuan\\Cam\\bida_ai_system\\clips\\live_1.jpg.tmp.jpg' -> 'D:\\lehuynhthuan\\Cam\\bida_ai_system\\clips\\live_1.jpg'
[2026-07-15 14:21:24] Loi rename live image: [WinError 5] Access is denied: 'D:\\lehuynhthuan\\Cam\\bida_ai_system\\clips\\live_1.jpg.tmp.jpg' -> 'D:\\lehuynhthuan\\Cam\\bida_ai_system\\clips\\live_1.jpg'
[2026-07-15 14:21:25] Loi rename live image: [WinError 5] Access is denied: 'D:\\lehuynhthuan\\Cam\\bida_ai_system\\clips\\live_1.jpg.tmp.jpg' -> 'D:\\lehuynhthuan\\Cam\\bida_ai_system\\clips\\live_1.jpg'
[2026-07-15 14:21:25] Loi rename live image: [WinError 5] Access is denied: 'D:\\lehuynhthuan\\Cam\\bida_ai_system\\clips\\live_1.jpg.tmp.jpg' -> 'D:\\lehuynhthuan\\Cam\\bida_ai_system\\clips\\live_1.jpg'
[2026-07-15 14:21:26] Loi rename live image: [WinError 5] Access is denied: 'D:\\lehuynhthuan\\Cam\\bida_ai_system\\clips\\live_1.jpg.tmp.jpg' -> 'D:\\lehuynhthuan\\Cam\\bida_ai_system\\clips\\live_1.jpg'
[2026-07-15 14:21:26] Loi rename live image: [WinError 5] Access is denied: 'D:\\lehuynhthuan\\Cam\\bida_ai_system\\clips\\live_1.jpg.tmp.jpg' -> 'D:\\lehuynhthuan\\Cam\\bida_ai_system\\clips\\live_1.jpg'
[2026-07-15 14:21:26] Loi rename live image: [WinError 5] Access is denied: 'D:\\lehuynhthuan\\Cam\\bida_ai_system\\clips\\live_1.jpg.tmp.jpg' -> 'D:\\lehuynhthuan\\Cam\\bida_ai_system\\clips\\live_1.jpg'
[2026-07-15 14:21:27] Loi rename live image: [WinError 5] Access is denied: 'D:\\lehuynhthuan\\Cam\\bida_ai_system\\clips\\live_1.jpg.tmp.jpg' -> 'D:\\lehuynhthuan\\Cam\\bida_ai_system\\clips\\live_1.jpg'
[2026-07-15 14:21:27] Loi rename live image: [WinError 5] Access is denied: 'D:\\lehuynhthuan\\Cam\\bida_ai_system\\clips\\live_1.jpg.tmp.jpg' -> 'D:\\lehuynhthuan\\Cam\\bida_ai_system\\clips\\live_1.jpg'
[2026-07-15 14:21:27] Loi rename live image: [WinError 5] Access is denied: 'D:\\lehuynhthuan\\Cam\\bida_ai_system\\clips\\live_1.jpg.tmp.jpg' -> 'D:\\lehuynhthuan\\Cam\\bida_ai_system\\clips\\live_1.jpg'
[2026-07-15 14:21:28] Loi rename live image: [WinError 5] Access is denied: 'D:\\lehuynhthuan\\Cam\\bida_ai_system\\clips\\live_1.jpg.tmp.jpg' -> 'D:\\lehuynhthuan\\Cam\\bida_ai_system\\clips\\live_1.jpg'
[2026-07-15 14:21:28] Loi rename live image: [WinError 5] Access is denied: 'D:\\lehuynhthuan\\Cam\\bida_ai_system\\clips\\live_1.jpg.tmp.jpg' -> 'D:\\lehuynhthuan\\Cam\\bida_ai_system\\clips\\live_1.jpg'
[2026-07-15 14:21:28] Loi rename live image: [WinError 5] Access is denied: 'D:\\lehuynhthuan\\Cam\\bida_ai_system\\clips\\live_1.jpg.tmp.jpg' -> 'D:\\lehuynhthuan\\Cam\\bida_ai_system\\clips\\live_1.jpg'
[2026-07-15 14:21:29] Loi rename live image: [WinError 5] Access is denied: 'D:\\lehuynhthuan\\Cam\\bida_ai_system\\clips\\live_1.jpg.tmp.jpg' -> 'D:\\lehuynhthuan\\Cam\\bida_ai_system\\clips\\live_1.jpg'
[2026-07-15 14:21:29] Loi rename live image: [WinError 5] Access is denied: 'D:\\lehuynhthuan\\Cam\\bida_ai_system\\clips\\live_1.jpg.tmp.jpg' -> 'D:\\lehuynhthuan\\Cam\\bida_ai_system\\clips\\live_1.jpg'
[2026-07-15 14:21:29] Loi rename live image: [WinError 5] Access is denied: 'D:\\lehuynhthuan\\Cam\\bida_ai_system\\clips\\live_1.jpg.tmp.jpg' -> 'D:\\lehuynhthuan\\Cam\\bida_ai_system\\clips\\live_1.jpg'
[2026-07-15 14:21:30] Loi rename live image: [WinError 5] Access is denied: 'D:\\lehuynhthuan\\Cam\\bida_ai_system\\clips\\live_1.jpg.tmp.jpg' -> 'D:\\lehuynhthuan\\Cam\\bida_ai_system\\clips\\live_1.jpg'
[2026-07-15 14:21:30] Loi rename live image: [WinError 5] Access is denied: 'D:\\lehuynhthuan\\Cam\\bida_ai_system\\clips\\live_1.jpg.tmp.jpg' -> 'D:\\lehuynhthuan\\Cam\\bida_ai_system\\clips\\live_1.jpg'
[2026-07-15 14:21:31] Loi rename live image: [WinError 5] Access is denied: 'D:\\lehuynhthuan\\Cam\\bida_ai_system\\clips\\live_1.jpg.tmp.jpg' -> 'D:\\lehuynhthuan\\Cam\\bida_ai_system\\clips\\live_1.jpg'
[2026-07-15 14:21:31] Loi rename live image: [WinError 5] Access is denied: 'D:\\lehuynhthuan\\Cam\\bida_ai_system\\clips\\live_1.jpg.tmp.jpg' -> 'D:\\lehuynhthuan\\Cam\\bida_ai_system\\clips\\live_1.jpg'
[2026-07-15 14:21:32] Loi rename live image: [WinError 5] Access is denied: 'D:\\lehuynhthuan\\Cam\\bida_ai_system\\clips\\live_1.jpg.tmp.jpg' -> 'D:\\lehuynhthuan\\Cam\\bida_ai_system\\clips\\live_1.jpg'
[2026-07-15 14:21:32] Loi rename live image: [WinError 5] Access is denied: 'D:\\lehuynhthuan\\Cam\\bida_ai_system\\clips\\live_1.jpg.tmp.jpg' -> 'D:\\lehuynhthuan\\Cam\\bida_ai_system\\clips\\live_1.jpg'
[2026-07-15 14:21:32] Loi rename live image: [WinError 5] Access is denied: 'D:\\lehuynhthuan\\Cam\\bida_ai_system\\clips\\live_1.jpg.tmp.jpg' -> 'D:\\lehuynhthuan\\Cam\\bida_ai_system\\clips\\live_1.jpg'
[2026-07-15 14:21:32] Loi rename live image: [WinError 5] Access is denied: 'D:\\lehuynhthuan\\Cam\\bida_ai_system\\clips\\live_1.jpg.tmp.jpg' -> 'D:\\lehuynhthuan\\Cam\\bida_ai_system\\clips\\live_1.jpg'
[2026-07-15 14:21:32] Loi rename live image: [WinError 5] Access is denied: 'D:\\lehuynhthuan\\Cam\\bida_ai_system\\clips\\live_1.jpg.tmp.jpg' -> 'D:\\lehuynhthuan\\Cam\\bida_ai_system\\clips\\live_1.jpg'
[2026-07-15 14:21:33] Loi rename live image: [WinError 5] Access is denied: 'D:\\lehuynhthuan\\Cam\\bida_ai_system\\clips\\live_1.jpg.tmp.jpg' -> 'D:\\lehuynhthuan\\Cam\\bida_ai_system\\clips\\live_1.jpg'
[2026-07-15 14:21:34] Loi rename live image: [WinError 5] Access is denied: 'D:\\lehuynhthuan\\Cam\\bida_ai_system\\clips\\live_1.jpg.tmp.jpg' -> 'D:\\lehuynhthuan\\Cam\\bida_ai_system\\clips\\live_1.jpg'
[2026-07-15 14:21:35] Loi rename live image: [WinError 5] Access is denied: 'D:\\lehuynhthuan\\Cam\\bida_ai_system\\clips\\live_1.jpg.tmp.jpg' -> 'D:\\lehuynhthuan\\Cam\\bida_ai_system\\clips\\live_1.jpg'
[2026-07-15 14:21:35] Loi rename live image: [WinError 5] Access is denied: 'D:\\lehuynhthuan\\Cam\\bida_ai_system\\clips\\live_1.jpg.tmp.jpg' -> 'D:\\lehuynhthuan\\Cam\\bida_ai_system\\clips\\live_1.jpg'
[2026-07-15 14:21:36] Loi rename live image: [WinError 5] Access is denied: 'D:\\lehuynhthuan\\Cam\\bida_ai_system\\clips\\live_1.jpg.tmp.jpg' -> 'D:\\lehuynhthuan\\Cam\\bida_ai_system\\clips\\live_1.jpg'
[2026-07-15 14:21:36] Loi rename live image: [WinError 5] Access is denied: 'D:\\lehuynhthuan\\Cam\\bida_ai_system\\clips\\live_1.jpg.tmp.jpg' -> 'D:\\lehuynhthuan\\Cam\\bida_ai_system\\clips\\live_1.jpg'
[2026-07-15 14:21:36] Loi rename live image: [WinError 5] Access is denied: 'D:\\lehuynhthuan\\Cam\\bida_ai_system\\clips\\live_1.jpg.tmp.jpg' -> 'D:\\lehuynhthuan\\Cam\\bida_ai_system\\clips\\live_1.jpg'
[2026-07-15 14:21:36] Loi rename live image: [WinError 5] Access is denied: 'D:\\lehuynhthuan\\Cam\\bida_ai_system\\clips\\live_1.jpg.tmp.jpg' -> 'D:\\lehuynhthuan\\Cam\\bida_ai_system\\clips\\live_1.jpg'
[2026-07-15 14:21:37] Loi rename live image: [WinError 5] Access is denied: 'D:\\lehuynhthuan\\Cam\\bida_ai_system\\clips\\live_1.jpg.tmp.jpg' -> 'D:\\lehuynhthuan\\Cam\\bida_ai_system\\clips\\live_1.jpg'
[2026-07-15 14:21:37] Loi rename live image: [WinError 5] Access is denied: 'D:\\lehuynhthuan\\Cam\\bida_ai_system\\clips\\live_1.jpg.tmp.jpg' -> 'D:\\lehuynhthuan\\Cam\\bida_ai_system\\clips\\live_1.jpg'
[2026-07-15 14:21:38] Loi rename live image: [WinError 5] Access is denied: 'D:\\lehuynhthuan\\Cam\\bida_ai_system\\clips\\live_1.jpg.tmp.jpg' -> 'D:\\lehuynhthuan\\Cam\\bida_ai_system\\clips\\live_1.jpg'
[2026-07-15 14:21:38] Loi rename live image: [WinError 5] Access is denied: 'D:\\lehuynhthuan\\Cam\\bida_ai_system\\clips\\live_1.jpg.tmp.jpg' -> 'D:\\lehuynhthuan\\Cam\\bida_ai_system\\clips\\live_1.jpg'
[2026-07-15 14:21:39] Loi rename live image: [WinError 5] Access is denied: 'D:\\lehuynhthuan\\Cam\\bida_ai_system\\clips\\live_1.jpg.tmp.jpg' -> 'D:\\lehuynhthuan\\Cam\\bida_ai_system\\clips\\live_1.jpg'
[2026-07-15 14:21:39] Loi rename live image: [WinError 5] Access is denied: 'D:\\lehuynhthuan\\Cam\\bida_ai_system\\clips\\live_1.jpg.tmp.jpg' -> 'D:\\lehuynhthuan\\Cam\\bida_ai_system\\clips\\live_1.jpg'
[2026-07-15 14:21:39] Loi rename live image: [WinError 5] Access is denied: 'D:\\lehuynhthuan\\Cam\\bida_ai_system\\clips\\live_1.jpg.tmp.jpg' -> 'D:\\lehuynhthuan\\Cam\\bida_ai_system\\clips\\live_1.jpg'
[2026-07-15 14:21:39] Loi rename live image: [WinError 5] Access is denied: 'D:\\lehuynhthuan\\Cam\\bida_ai_system\\clips\\live_1.jpg.tmp.jpg' -> 'D:\\lehuynhthuan\\Cam\\bida_ai_system\\clips\\live_1.jpg'
[2026-07-15 14:21:40] Loi rename live image: [WinError 5] Access is denied: 'D:\\lehuynhthuan\\Cam\\bida_ai_system\\clips\\live_1.jpg.tmp.jpg' -> 'D:\\lehuynhthuan\\Cam\\bida_ai_system\\clips\\live_1.jpg'
[2026-07-15 14:21:40] Loi rename live image: [WinError 5] Access is denied: 'D:\\lehuynhthuan\\Cam\\bida_ai_system\\clips\\live_1.jpg.tmp.jpg' -> 'D:\\lehuynhthuan\\Cam\\bida_ai_system\\clips\\live_1.jpg'
[2026-07-15 14:22:00] Da dong archive phut: 1421
[2026-07-15 14:22:00] Mo archive moi: D:\lehuynhthuan\Cam\bida_ai_system\archive\ban1_1422.mp4
[2026-07-15 14:22:00] Da xoa archive cu: ban1_1350.mp4
[2026-07-15 14:22:06] --- Bat dau khoi dong AI stream ---
[2026-07-15 14:22:26] Webcam bat thanh cong. Size: 640x480
[2026-07-15 14:22:26] Mo archive moi: D:\lehuynhthuan\Cam\bida_ai_system\archive\ban1_1422.mp4
[2026-07-15 14:22:34] Phat hien chuyen dong cam Menu (So pixel mau: 177)
[2026-07-15 14:22:34] Phat hien chuyen dong cam Menu (So pixel mau: 272)
[2026-07-15 14:22:34] Phat hien chuyen dong cam Menu (So pixel mau: 1722)
[2026-07-15 14:22:34] XAC NHAN: KHACH CAM MENU VAY TAY ORDER! (3 lan/4s)
[2026-07-15 14:22:34] Phat hien chuyen dong cam Menu (So pixel mau: 1953)
[2026-07-15 14:22:34] Phat hien chuyen dong cam Menu (So pixel mau: 2269)
[2026-07-15 14:22:34] Phat hien chuyen dong cam Menu (So pixel mau: 2433)
[2026-07-15 14:22:34] Phat hien chuyen dong cam Menu (So pixel mau: 2097)
[2026-07-15 14:23:00] Da dong archive phut: 1422
[2026-07-15 14:23:00] Mo archive moi: D:\lehuynhthuan\Cam\bida_ai_system\archive\ban1_1423.mp4
[2026-07-15 14:23:00] Da xoa archive cu: ban1_1351.mp4
[2026-07-15 14:23:08] Phat hien chuyen dong cam Menu (So pixel mau: 229)
[2026-07-15 14:23:08] Phat hien chuyen dong cam Menu (So pixel mau: 329)
[2026-07-15 14:23:08] Phat hien chuyen dong cam Menu (So pixel mau: 572)
[2026-07-15 14:23:08] XAC NHAN: KHACH CAM MENU VAY TAY ORDER! (3 lan/4s)
[2026-07-15 14:23:08] Phat hien chuyen dong cam Menu (So pixel mau: 632)
[2026-07-15 14:23:08] Phat hien chuyen dong cam Menu (So pixel mau: 624)
[2026-07-15 14:23:08] Phat hien chuyen dong cam Menu (So pixel mau: 623)
[2026-07-15 14:23:08] Phat hien chuyen dong cam Menu (So pixel mau: 178)
[2026-07-15 14:23:09] Phat hien chuyen dong cam Menu (So pixel mau: 1024)
[2026-07-15 14:23:09] Phat hien chuyen dong cam Menu (So pixel mau: 5180)
[2026-07-15 14:23:09] Phat hien chuyen dong cam Menu (So pixel mau: 5789)
[2026-07-15 14:23:09] Phat hien chuyen dong cam Menu (So pixel mau: 192)
[2026-07-15 14:23:09] Phat hien chuyen dong cam Menu (So pixel mau: 242)
[2026-07-15 14:23:09] Phat hien chuyen dong cam Menu (So pixel mau: 221)
[2026-07-15 14:23:09] Phat hien chuyen dong cam Menu (So pixel mau: 159)
[2026-07-15 14:23:30] Phat hien chuyen dong cam Menu (So pixel mau: 214)
[2026-07-15 14:23:30] Phat hien chuyen dong cam Menu (So pixel mau: 361)
[2026-07-15 14:23:30] Phat hien chuyen dong cam Menu (So pixel mau: 2683)
[2026-07-15 14:23:30] Phat hien chuyen dong cam Menu (So pixel mau: 2877)
[2026-07-15 14:23:30] Phat hien chuyen dong cam Menu (So pixel mau: 2485)
[2026-07-15 14:23:30] Phat hien chuyen dong cam Menu (So pixel mau: 2121)
[2026-07-15 14:23:39] Phat hien chuyen dong cam Menu (So pixel mau: 2664)
[2026-07-15 14:23:39] Phat hien chuyen dong cam Menu (So pixel mau: 3021)
[2026-07-15 14:23:39] Phat hien chuyen dong cam Menu (So pixel mau: 245)
[2026-07-15 14:23:39] XAC NHAN: KHACH CAM MENU VAY TAY ORDER! (3 lan/4s)
[2026-07-15 14:23:39] Phat hien chuyen dong cam Menu (So pixel mau: 194)
[2026-07-15 14:23:39] Phat hien chuyen dong cam Menu (So pixel mau: 2538)
[2026-07-15 14:23:39] Phat hien chuyen dong cam Menu (So pixel mau: 2193)
[2026-07-15 14:24:00] Da dong archive phut: 1423
[2026-07-15 14:24:00] Mo archive moi: D:\lehuynhthuan\Cam\bida_ai_system\archive\ban1_1424.mp4
[2026-07-15 14:24:00] Da xoa archive cu: ban1_1352.mp4
[2026-07-15 14:24:07] --- Bat dau khoi dong AI stream ---
[2026-07-15 14:24:28] Loi: Khong the doc tu camera
[2026-07-15 14:24:32] --- Bat dau khoi dong AI stream ---
[2026-07-15 14:24:57] Loi: Khong the doc tu camera
[2026-07-15 14:24:57] Phat hien chuyen dong cam Menu (So pixel mau: 1963)
[2026-07-15 14:24:58] Phat hien chuyen dong cam Menu (So pixel mau: 238)
[2026-07-15 14:25:00] Da dong archive phut: 1424
[2026-07-15 14:25:00] Mo archive moi: D:\lehuynhthuan\Cam\bida_ai_system\archive\ban1_1425.mp4
[2026-07-15 14:25:00] Da xoa archive cu: ban1_1353.mp4
[2026-07-15 14:25:00] Phat hien chuyen dong cam Menu (So pixel mau: 19840)
[2026-07-15 14:25:00] XAC NHAN: KHACH CAM MENU VAY TAY ORDER! (3 lan/4s)
[2026-07-15 14:25:00] Phat hien chuyen dong cam Menu (So pixel mau: 21338)
[2026-07-15 14:25:00] Phat hien chuyen dong cam Menu (So pixel mau: 24514)
[2026-07-15 14:25:00] Phat hien chuyen dong cam Menu (So pixel mau: 25759)
[2026-07-15 14:25:00] Phat hien chuyen dong cam Menu (So pixel mau: 28858)
[2026-07-15 14:25:00] Phat hien chuyen dong cam Menu (So pixel mau: 32267)
[2026-07-15 14:25:00] Phat hien chuyen dong cam Menu (So pixel mau: 36262)
[2026-07-15 14:25:00] Phat hien chuyen dong cam Menu (So pixel mau: 39170)
[2026-07-15 14:25:00] Phat hien chuyen dong cam Menu (So pixel mau: 40549)
[2026-07-15 14:25:00] Phat hien chuyen dong cam Menu (So pixel mau: 43722)
[2026-07-15 14:25:00] Phat hien chuyen dong cam Menu (So pixel mau: 47174)
[2026-07-15 14:25:00] Phat hien chuyen dong cam Menu (So pixel mau: 51883)
[2026-07-15 14:25:00] Phat hien chuyen dong cam Menu (So pixel mau: 53164)
[2026-07-15 14:25:00] Phat hien chuyen dong cam Menu (So pixel mau: 53368)
[2026-07-15 14:25:00] Phat hien chuyen dong cam Menu (So pixel mau: 1599)
[2026-07-15 14:25:00] Phat hien chuyen dong cam Menu (So pixel mau: 54086)
[2026-07-15 14:25:00] Phat hien chuyen dong cam Menu (So pixel mau: 1037)
[2026-07-15 14:25:00] Phat hien chuyen dong cam Menu (So pixel mau: 27311)
[2026-07-15 14:25:00] Phat hien chuyen dong cam Menu (So pixel mau: 2555)
[2026-07-15 14:25:00] Phat hien chuyen dong cam Menu (So pixel mau: 1400)
[2026-07-15 14:25:00] Phat hien chuyen dong cam Menu (So pixel mau: 9382)
[2026-07-15 14:25:00] Phat hien chuyen dong cam Menu (So pixel mau: 41288)
[2026-07-15 14:25:01] Phat hien chuyen dong cam Menu (So pixel mau: 35072)
[2026-07-15 14:25:01] Phat hien chuyen dong cam Menu (So pixel mau: 459)
[2026-07-15 14:25:01] Phat hien chuyen dong cam Menu (So pixel mau: 1470)
[2026-07-15 14:25:01] Phat hien chuyen dong cam Menu (So pixel mau: 558)
[2026-07-15 14:25:01] Phat hien chuyen dong cam Menu (So pixel mau: 43387)
[2026-07-15 14:25:01] Phat hien chuyen dong cam Menu (So pixel mau: 42540)
[2026-07-15 14:25:01] Phat hien chuyen dong cam Menu (So pixel mau: 41094)
[2026-07-15 14:25:01] Phat hien chuyen dong cam Menu (So pixel mau: 41337)
[2026-07-15 14:25:01] Phat hien chuyen dong cam Menu (So pixel mau: 38477)
[2026-07-15 14:25:01] Phat hien chuyen dong cam Menu (So pixel mau: 35508)
[2026-07-15 14:25:01] Phat hien chuyen dong cam Menu (So pixel mau: 27402)
[2026-07-15 14:25:01] Phat hien chuyen dong cam Menu (So pixel mau: 19979)
[2026-07-15 14:25:01] Phat hien chuyen dong cam Menu (So pixel mau: 11673)
[2026-07-15 14:25:01] Phat hien chuyen dong cam Menu (So pixel mau: 10960)
[2026-07-15 14:25:01] Phat hien chuyen dong cam Menu (So pixel mau: 8488)
[2026-07-15 14:25:02] --- Bat dau khoi dong AI stream ---
[2026-07-15 14:25:17] Phat hien chuyen dong cam Menu (So pixel mau: 330)
[2026-07-15 14:25:19] Phat hien chuyen dong cam Menu (So pixel mau: 812)
[2026-07-15 14:25:19] Phat hien chuyen dong cam Menu (So pixel mau: 708)
[2026-07-15 14:25:19] Phat hien chuyen dong cam Menu (So pixel mau: 969)
[2026-07-15 14:25:19] Phat hien chuyen dong cam Menu (So pixel mau: 1500)
[2026-07-15 14:25:19] Phat hien chuyen dong cam Menu (So pixel mau: 1964)
[2026-07-15 14:25:19] Phat hien chuyen dong cam Menu (So pixel mau: 2074)
[2026-07-15 14:25:24] Phat hien chuyen dong cam Menu (So pixel mau: 4477)
[2026-07-15 14:25:24] Phat hien chuyen dong cam Menu (So pixel mau: 1309)
[2026-07-15 14:25:24] Phat hien chuyen dong cam Menu (So pixel mau: 3048)
[2026-07-15 14:25:24] Phat hien chuyen dong cam Menu (So pixel mau: 11469)
[2026-07-15 14:25:24] Phat hien chuyen dong cam Menu (So pixel mau: 375)
[2026-07-15 14:25:24] Phat hien chuyen dong cam Menu (So pixel mau: 4105)
[2026-07-15 14:25:24] Phat hien chuyen dong cam Menu (So pixel mau: 7587)
[2026-07-15 14:25:24] Phat hien chuyen dong cam Menu (So pixel mau: 2996)
[2026-07-15 14:25:24] Phat hien chuyen dong cam Menu (So pixel mau: 2716)
[2026-07-15 14:25:24] Phat hien chuyen dong cam Menu (So pixel mau: 522)
[2026-07-15 14:25:24] Phat hien chuyen dong cam Menu (So pixel mau: 272)
[2026-07-15 14:25:24] Phat hien chuyen dong cam Menu (So pixel mau: 2854)
[2026-07-15 14:25:24] Phat hien chuyen dong cam Menu (So pixel mau: 324)
[2026-07-15 14:25:24] Phat hien chuyen dong cam Menu (So pixel mau: 225)
[2026-07-15 14:25:24] Phat hien chuyen dong cam Menu (So pixel mau: 513)
[2026-07-15 14:25:24] Phat hien chuyen dong cam Menu (So pixel mau: 785)
[2026-07-15 14:25:26] Phat hien chuyen dong cam Menu (So pixel mau: 6587)
[2026-07-15 14:25:26] Phat hien chuyen dong cam Menu (So pixel mau: 8239)
[2026-07-15 14:25:26] Phat hien chuyen dong cam Menu (So pixel mau: 8769)
[2026-07-15 14:25:26] Phat hien chuyen dong cam Menu (So pixel mau: 8899)
[2026-07-15 14:25:26] Phat hien chuyen dong cam Menu (So pixel mau: 8842)
[2026-07-15 14:25:26] Phat hien chuyen dong cam Menu (So pixel mau: 4770)
[2026-07-15 14:25:26] Phat hien chuyen dong cam Menu (So pixel mau: 3238)
[2026-07-15 14:25:28] Loi: Khong the doc tu camera
[2026-07-15 14:25:29] Phat hien chuyen dong cam Menu (So pixel mau: 10209)
[2026-07-15 14:25:30] XAC NHAN: KHACH CAM MENU VAY TAY ORDER! (8 lan/4s)
[2026-07-15 14:25:30] Phat hien chuyen dong cam Menu (So pixel mau: 14324)
[2026-07-15 14:25:30] Phat hien chuyen dong cam Menu (So pixel mau: 9715)
[2026-07-15 14:25:30] Phat hien chuyen dong cam Menu (So pixel mau: 12392)
[2026-07-15 14:25:30] Phat hien chuyen dong cam Menu (So pixel mau: 7897)
[2026-07-15 14:25:31] Phat hien chuyen dong cam Menu (So pixel mau: 7326)
[2026-07-15 14:25:31] Phat hien chuyen dong cam Menu (So pixel mau: 7552)
[2026-07-15 14:25:31] Phat hien chuyen dong cam Menu (So pixel mau: 7534)
[2026-07-15 14:25:31] Phat hien chuyen dong cam Menu (So pixel mau: 7247)
[2026-07-15 14:25:31] Phat hien chuyen dong cam Menu (So pixel mau: 6768)
[2026-07-15 14:25:31] Phat hien chuyen dong cam Menu (So pixel mau: 10399)
[2026-07-15 14:25:32] Phat hien chuyen dong cam Menu (So pixel mau: 5223)
[2026-07-15 14:25:32] Phat hien chuyen dong cam Menu (So pixel mau: 5584)
[2026-07-15 14:25:32] Phat hien chuyen dong cam Menu (So pixel mau: 7093)
[2026-07-15 14:25:32] Phat hien chuyen dong cam Menu (So pixel mau: 7361)
[2026-07-15 14:25:32] Phat hien chuyen dong cam Menu (So pixel mau: 8044)
[2026-07-15 14:25:32] Phat hien chuyen dong cam Menu (So pixel mau: 11779)
[2026-07-15 14:25:32] Phat hien chuyen dong cam Menu (So pixel mau: 7095)
[2026-07-15 14:25:32] Phat hien chuyen dong cam Menu (So pixel mau: 12338)
[2026-07-15 14:25:32] Phat hien chuyen dong cam Menu (So pixel mau: 14164)
[2026-07-15 14:25:32] Phat hien chuyen dong cam Menu (So pixel mau: 16209)
[2026-07-15 14:25:32] Phat hien chuyen dong cam Menu (So pixel mau: 15950)
[2026-07-15 14:25:32] --- Bat dau khoi dong AI stream ---
[2026-07-15 14:25:39] Phat hien chuyen dong cam Menu (So pixel mau: 10222)
[2026-07-15 14:25:40] Phat hien chuyen dong cam Menu (So pixel mau: 9631)
[2026-07-15 14:25:40] Phat hien chuyen dong cam Menu (So pixel mau: 6154)
[2026-07-15 14:25:40] Phat hien chuyen dong cam Menu (So pixel mau: 5405)
[2026-07-15 14:25:40] Phat hien chuyen dong cam Menu (So pixel mau: 5166)
[2026-07-15 14:25:40] Phat hien chuyen dong cam Menu (So pixel mau: 7110)
[2026-07-15 14:25:40] Phat hien chuyen dong cam Menu (So pixel mau: 10225)
[2026-07-15 14:25:40] Phat hien chuyen dong cam Menu (So pixel mau: 5863)
[2026-07-15 14:25:40] Phat hien chuyen dong cam Menu (So pixel mau: 3117)
[2026-07-15 14:25:40] Phat hien chuyen dong cam Menu (So pixel mau: 7755)
[2026-07-15 14:25:40] Phat hien chuyen dong cam Menu (So pixel mau: 8018)
[2026-07-15 14:25:40] Phat hien chuyen dong cam Menu (So pixel mau: 7305)
[2026-07-15 14:25:41] Phat hien chuyen dong cam Menu (So pixel mau: 3607)
[2026-07-15 14:25:41] Phat hien chuyen dong cam Menu (So pixel mau: 3661)
[2026-07-15 14:25:41] Phat hien chuyen dong cam Menu (So pixel mau: 5595)
[2026-07-15 14:25:41] Phat hien chuyen dong cam Menu (So pixel mau: 6240)
[2026-07-15 14:25:41] Phat hien chuyen dong cam Menu (So pixel mau: 7211)
[2026-07-15 14:25:41] Phat hien chuyen dong cam Menu (So pixel mau: 6326)
[2026-07-15 14:25:41] Phat hien chuyen dong cam Menu (So pixel mau: 6426)
[2026-07-15 14:25:41] Phat hien chuyen dong cam Menu (So pixel mau: 4456)
[2026-07-15 14:25:41] Phat hien chuyen dong cam Menu (So pixel mau: 4512)
[2026-07-15 14:25:43] Phat hien chuyen dong cam Menu (So pixel mau: 9879)
[2026-07-15 14:25:50] Phat hien chuyen dong cam Menu (So pixel mau: 10074)
[2026-07-15 14:25:50] Phat hien chuyen dong cam Menu (So pixel mau: 10929)
[2026-07-15 14:25:50] Phat hien chuyen dong cam Menu (So pixel mau: 11577)
[2026-07-15 14:25:50] Phat hien chuyen dong cam Menu (So pixel mau: 10648)
[2026-07-15 14:25:50] Phat hien chuyen dong cam Menu (So pixel mau: 10190)
[2026-07-15 14:25:50] Phat hien chuyen dong cam Menu (So pixel mau: 9089)
[2026-07-15 14:25:50] Phat hien chuyen dong cam Menu (So pixel mau: 8908)
[2026-07-15 14:25:50] Phat hien chuyen dong cam Menu (So pixel mau: 9145)
[2026-07-15 14:25:50] Phat hien chuyen dong cam Menu (So pixel mau: 9181)
[2026-07-15 14:25:50] Phat hien chuyen dong cam Menu (So pixel mau: 8739)
[2026-07-15 14:25:50] Phat hien chuyen dong cam Menu (So pixel mau: 9718)
[2026-07-15 14:25:50] Phat hien chuyen dong cam Menu (So pixel mau: 9356)
[2026-07-15 14:25:51] Phat hien chuyen dong cam Menu (So pixel mau: 8989)
[2026-07-15 14:25:51] Phat hien chuyen dong cam Menu (So pixel mau: 8177)
[2026-07-15 14:25:51] Phat hien chuyen dong cam Menu (So pixel mau: 5365)
[2026-07-15 14:25:51] Phat hien chuyen dong cam Menu (So pixel mau: 5126)
[2026-07-15 14:25:51] Phat hien chuyen dong cam Menu (So pixel mau: 5438)
[2026-07-15 14:25:51] Phat hien chuyen dong cam Menu (So pixel mau: 4717)
[2026-07-15 14:25:51] Phat hien chuyen dong cam Menu (So pixel mau: 3806)
[2026-07-15 14:25:51] Phat hien chuyen dong cam Menu (So pixel mau: 4515)
[2026-07-15 14:25:51] Phat hien chuyen dong cam Menu (So pixel mau: 8975)
[2026-07-15 14:25:51] Phat hien chuyen dong cam Menu (So pixel mau: 9401)
[2026-07-15 14:25:51] Phat hien chuyen dong cam Menu (So pixel mau: 9882)
[2026-07-15 14:25:51] Phat hien chuyen dong cam Menu (So pixel mau: 10289)
[2026-07-15 14:25:51] Phat hien chuyen dong cam Menu (So pixel mau: 10213)
[2026-07-15 14:25:51] Phat hien chuyen dong cam Menu (So pixel mau: 10379)
[2026-07-15 14:25:51] Phat hien chuyen dong cam Menu (So pixel mau: 10359)
[2026-07-15 14:25:51] Phat hien chuyen dong cam Menu (So pixel mau: 10940)
[2026-07-15 14:25:51] Phat hien chuyen dong cam Menu (So pixel mau: 10585)
[2026-07-15 14:25:51] Phat hien chuyen dong cam Menu (So pixel mau: 11601)
[2026-07-15 14:25:51] Phat hien chuyen dong cam Menu (So pixel mau: 10772)
[2026-07-15 14:25:51] Phat hien chuyen dong cam Menu (So pixel mau: 10917)
[2026-07-15 14:25:51] Phat hien chuyen dong cam Menu (So pixel mau: 7620)
[2026-07-15 14:25:51] Phat hien chuyen dong cam Menu (So pixel mau: 7187)
[2026-07-15 14:25:51] Phat hien chuyen dong cam Menu (So pixel mau: 2476)
[2026-07-15 14:25:52] Phat hien chuyen dong cam Menu (So pixel mau: 5489)
[2026-07-15 14:25:52] Phat hien chuyen dong cam Menu (So pixel mau: 6154)
[2026-07-15 14:25:52] Phat hien chuyen dong cam Menu (So pixel mau: 6364)
[2026-07-15 14:25:52] Phat hien chuyen dong cam Menu (So pixel mau: 3893)
[2026-07-15 14:25:52] Phat hien chuyen dong cam Menu (So pixel mau: 8915)
[2026-07-15 14:25:52] Phat hien chuyen dong cam Menu (So pixel mau: 10303)
[2026-07-15 14:25:52] Phat hien chuyen dong cam Menu (So pixel mau: 10070)
[2026-07-15 14:25:52] Phat hien chuyen dong cam Menu (So pixel mau: 6786)
[2026-07-15 14:25:52] Phat hien chuyen dong cam Menu (So pixel mau: 3425)
[2026-07-15 14:25:52] Phat hien chuyen dong cam Menu (So pixel mau: 10136)
[2026-07-15 14:25:52] Phat hien chuyen dong cam Menu (So pixel mau: 11452)
[2026-07-15 14:25:52] Phat hien chuyen dong cam Menu (So pixel mau: 12286)
[2026-07-15 14:25:52] Phat hien chuyen dong cam Menu (So pixel mau: 12311)
[2026-07-15 14:25:52] Phat hien chuyen dong cam Menu (So pixel mau: 12456)
[2026-07-15 14:25:52] Phat hien chuyen dong cam Menu (So pixel mau: 8964)
[2026-07-15 14:25:52] Phat hien chuyen dong cam Menu (So pixel mau: 12339)
[2026-07-15 14:25:52] Phat hien chuyen dong cam Menu (So pixel mau: 12431)
[2026-07-15 14:25:52] Phat hien chuyen dong cam Menu (So pixel mau: 11436)
[2026-07-15 14:25:52] Phat hien chuyen dong cam Menu (So pixel mau: 7729)
[2026-07-15 14:25:52] Phat hien chuyen dong cam Menu (So pixel mau: 11866)
[2026-07-15 14:25:53] Phat hien chuyen dong cam Menu (So pixel mau: 312)
[2026-07-15 14:25:53] Phat hien chuyen dong cam Menu (So pixel mau: 163)
[2026-07-15 14:25:53] Phat hien chuyen dong cam Menu (So pixel mau: 236)
[2026-07-15 14:25:53] Phat hien chuyen dong cam Menu (So pixel mau: 1180)
[2026-07-15 14:25:53] Phat hien chuyen dong cam Menu (So pixel mau: 1771)
[2026-07-15 14:25:54] Phat hien chuyen dong cam Menu (So pixel mau: 464)
[2026-07-15 14:25:54] Phat hien chuyen dong cam Menu (So pixel mau: 510)
[2026-07-15 14:25:54] Phat hien chuyen dong cam Menu (So pixel mau: 727)
[2026-07-15 14:25:54] Phat hien chuyen dong cam Menu (So pixel mau: 1053)
[2026-07-15 14:25:54] Phat hien chuyen dong cam Menu (So pixel mau: 778)
[2026-07-15 14:25:54] Phat hien chuyen dong cam Menu (So pixel mau: 465)
[2026-07-15 14:25:54] Phat hien chuyen dong cam Menu (So pixel mau: 233)
[2026-07-15 14:25:54] Phat hien chuyen dong cam Menu (So pixel mau: 310)
[2026-07-15 14:25:54] Phat hien chuyen dong cam Menu (So pixel mau: 810)
[2026-07-15 14:25:54] Phat hien chuyen dong cam Menu (So pixel mau: 675)
[2026-07-15 14:25:54] Phat hien chuyen dong cam Menu (So pixel mau: 1207)
[2026-07-15 14:25:54] Phat hien chuyen dong cam Menu (So pixel mau: 1071)
[2026-07-15 14:25:54] Phat hien chuyen dong cam Menu (So pixel mau: 1619)
[2026-07-15 14:25:54] Phat hien chuyen dong cam Menu (So pixel mau: 1711)
[2026-07-15 14:25:54] Phat hien chuyen dong cam Menu (So pixel mau: 1672)
[2026-07-15 14:25:54] Phat hien chuyen dong cam Menu (So pixel mau: 2113)
[2026-07-15 14:25:55] Phat hien chuyen dong cam Menu (So pixel mau: 586)
[2026-07-15 14:25:55] Phat hien chuyen dong cam Menu (So pixel mau: 525)
[2026-07-15 14:25:55] Phat hien chuyen dong cam Menu (So pixel mau: 2061)
[2026-07-15 14:25:55] Phat hien chuyen dong cam Menu (So pixel mau: 1892)
[2026-07-15 14:25:56] Phat hien chuyen dong cam Menu (So pixel mau: 500)
[2026-07-15 14:25:56] Phat hien chuyen dong cam Menu (So pixel mau: 281)
[2026-07-15 14:25:56] Phat hien chuyen dong cam Menu (So pixel mau: 4678)
[2026-07-15 14:25:56] Phat hien chuyen dong cam Menu (So pixel mau: 4450)
[2026-07-15 14:25:56] Phat hien chuyen dong cam Menu (So pixel mau: 630)
[2026-07-15 14:25:56] Phat hien chuyen dong cam Menu (So pixel mau: 745)
[2026-07-15 14:25:56] Phat hien chuyen dong cam Menu (So pixel mau: 725)
[2026-07-15 14:25:58] Loi: Khong the doc tu camera
[2026-07-15 14:26:00] Da dong archive phut: 1425
[2026-07-15 14:26:00] Mo archive moi: D:\lehuynhthuan\Cam\bida_ai_system\archive\ban1_1426.mp4
[2026-07-15 14:26:00] Da xoa archive cu: ban1_1354.mp4
[2026-07-15 14:26:00] XAC NHAN: KHACH CAM MENU VAY TAY ORDER! (3 lan/4s)
[2026-07-15 14:26:02] --- Bat dau khoi dong AI stream ---
[2026-07-15 14:26:20] Phat hien chuyen dong cam Menu (So pixel mau: 580)
[2026-07-15 14:26:22] Phat hien chuyen dong cam Menu (So pixel mau: 15103)
[2026-07-15 14:26:22] Phat hien chuyen dong cam Menu (So pixel mau: 16486)
[2026-07-15 14:26:22] Phat hien chuyen dong cam Menu (So pixel mau: 18268)
[2026-07-15 14:26:22] Phat hien chuyen dong cam Menu (So pixel mau: 6383)
[2026-07-15 14:26:22] Phat hien chuyen dong cam Menu (So pixel mau: 16873)
[2026-07-15 14:26:22] Phat hien chuyen dong cam Menu (So pixel mau: 20224)
[2026-07-15 14:26:23] Phat hien chuyen dong cam Menu (So pixel mau: 22384)
[2026-07-15 14:26:23] Phat hien chuyen dong cam Menu (So pixel mau: 20815)
[2026-07-15 14:26:23] Phat hien chuyen dong cam Menu (So pixel mau: 17815)
[2026-07-15 14:26:23] Phat hien chuyen dong cam Menu (So pixel mau: 17982)
[2026-07-15 14:26:23] Phat hien chuyen dong cam Menu (So pixel mau: 22147)
[2026-07-15 14:26:23] Phat hien chuyen dong cam Menu (So pixel mau: 22580)
[2026-07-15 14:26:23] Phat hien chuyen dong cam Menu (So pixel mau: 23218)
[2026-07-15 14:26:23] Phat hien chuyen dong cam Menu (So pixel mau: 22091)
[2026-07-15 14:26:23] Phat hien chuyen dong cam Menu (So pixel mau: 19607)
[2026-07-15 14:26:25] Phat hien chuyen dong cam Menu (So pixel mau: 21569)
[2026-07-15 14:26:25] Phat hien chuyen dong cam Menu (So pixel mau: 28338)
[2026-07-15 14:26:25] Phat hien chuyen dong cam Menu (So pixel mau: 30176)
[2026-07-15 14:26:25] Phat hien chuyen dong cam Menu (So pixel mau: 31205)
[2026-07-15 14:26:25] Phat hien chuyen dong cam Menu (So pixel mau: 32110)
[2026-07-15 14:26:25] Phat hien chuyen dong cam Menu (So pixel mau: 33573)
[2026-07-15 14:26:25] Phat hien chuyen dong cam Menu (So pixel mau: 32918)
[2026-07-15 14:26:25] Phat hien chuyen dong cam Menu (So pixel mau: 31765)
[2026-07-15 14:26:25] Phat hien chuyen dong cam Menu (So pixel mau: 30508)
[2026-07-15 14:26:25] Phat hien chuyen dong cam Menu (So pixel mau: 30248)
[2026-07-15 14:26:25] Phat hien chuyen dong cam Menu (So pixel mau: 29184)
[2026-07-15 14:26:25] Phat hien chuyen dong cam Menu (So pixel mau: 27083)
[2026-07-15 14:26:25] Phat hien chuyen dong cam Menu (So pixel mau: 24829)
[2026-07-15 14:26:25] Phat hien chuyen dong cam Menu (So pixel mau: 23061)
[2026-07-15 14:26:25] Phat hien chuyen dong cam Menu (So pixel mau: 22809)
[2026-07-15 14:26:25] Phat hien chuyen dong cam Menu (So pixel mau: 20827)
[2026-07-15 14:26:25] Phat hien chuyen dong cam Menu (So pixel mau: 22756)
[2026-07-15 14:26:25] Phat hien chuyen dong cam Menu (So pixel mau: 27617)
[2026-07-15 14:26:25] Phat hien chuyen dong cam Menu (So pixel mau: 28551)
[2026-07-15 14:26:25] Phat hien chuyen dong cam Menu (So pixel mau: 31434)
[2026-07-15 14:26:25] Phat hien chuyen dong cam Menu (So pixel mau: 34151)
[2026-07-15 14:26:25] Phat hien chuyen dong cam Menu (So pixel mau: 35210)
[2026-07-15 14:26:25] Phat hien chuyen dong cam Menu (So pixel mau: 35132)
[2026-07-15 14:26:25] Phat hien chuyen dong cam Menu (So pixel mau: 34941)
[2026-07-15 14:26:25] Phat hien chuyen dong cam Menu (So pixel mau: 35000)
[2026-07-15 14:26:25] Phat hien chuyen dong cam Menu (So pixel mau: 34714)
[2026-07-15 14:26:25] Phat hien chuyen dong cam Menu (So pixel mau: 33592)
[2026-07-15 14:26:25] Phat hien chuyen dong cam Menu (So pixel mau: 33763)
[2026-07-15 14:26:25] Phat hien chuyen dong cam Menu (So pixel mau: 32295)
[2026-07-15 14:26:26] Phat hien chuyen dong cam Menu (So pixel mau: 30817)
[2026-07-15 14:26:26] Phat hien chuyen dong cam Menu (So pixel mau: 31984)
[2026-07-15 14:26:26] Phat hien chuyen dong cam Menu (So pixel mau: 1877)
[2026-07-15 14:26:26] Phat hien chuyen dong cam Menu (So pixel mau: 555)
[2026-07-15 14:26:26] Phat hien chuyen dong cam Menu (So pixel mau: 1463)
[2026-07-15 14:26:26] Phat hien chuyen dong cam Menu (So pixel mau: 2040)
[2026-07-15 14:26:26] Phat hien chuyen dong cam Menu (So pixel mau: 553)
[2026-07-15 14:26:26] Phat hien chuyen dong cam Menu (So pixel mau: 3858)
[2026-07-15 14:26:26] Phat hien chuyen dong cam Menu (So pixel mau: 35448)
[2026-07-15 14:26:26] Phat hien chuyen dong cam Menu (So pixel mau: 36267)
[2026-07-15 14:26:26] Phat hien chuyen dong cam Menu (So pixel mau: 36391)
[2026-07-15 14:26:26] Phat hien chuyen dong cam Menu (So pixel mau: 35464)
[2026-07-15 14:26:26] Phat hien chuyen dong cam Menu (So pixel mau: 37023)
[2026-07-15 14:26:26] Phat hien chuyen dong cam Menu (So pixel mau: 37805)
[2026-07-15 14:26:26] Phat hien chuyen dong cam Menu (So pixel mau: 36629)
[2026-07-15 14:26:26] Phat hien chuyen dong cam Menu (So pixel mau: 34824)
[2026-07-15 14:26:26] Phat hien chuyen dong cam Menu (So pixel mau: 32542)
[2026-07-15 14:26:26] Phat hien chuyen dong cam Menu (So pixel mau: 30266)
[2026-07-15 14:26:26] Phat hien chuyen dong cam Menu (So pixel mau: 28684)
[2026-07-15 14:26:26] Phat hien chuyen dong cam Menu (So pixel mau: 23884)
[2026-07-15 14:26:26] Phat hien chuyen dong cam Menu (So pixel mau: 23613)
[2026-07-15 14:26:27] Phat hien chuyen dong cam Menu (So pixel mau: 1509)
[2026-07-15 14:26:28] Loi: Khong the doc tu camera
[2026-07-15 14:26:28] Phat hien chuyen dong cam Menu (So pixel mau: 9472)
[2026-07-15 14:26:28] Phat hien chuyen dong cam Menu (So pixel mau: 9841)
[2026-07-15 14:26:28] Phat hien chuyen dong cam Menu (So pixel mau: 10890)
[2026-07-15 14:26:28] Phat hien chuyen dong cam Menu (So pixel mau: 11981)
[2026-07-15 14:26:28] Phat hien chuyen dong cam Menu (So pixel mau: 12951)
[2026-07-15 14:26:28] Phat hien chuyen dong cam Menu (So pixel mau: 13555)
[2026-07-15 14:26:28] Phat hien chuyen dong cam Menu (So pixel mau: 12953)
[2026-07-15 14:26:28] Phat hien chuyen dong cam Menu (So pixel mau: 11437)
[2026-07-15 14:26:28] Phat hien chuyen dong cam Menu (So pixel mau: 7803)
[2026-07-15 14:26:28] Phat hien chuyen dong cam Menu (So pixel mau: 6094)
[2026-07-15 14:26:28] Phat hien chuyen dong cam Menu (So pixel mau: 5657)
[2026-07-15 14:26:29] Phat hien chuyen dong cam Menu (So pixel mau: 6696)
[2026-07-15 14:26:29] Phat hien chuyen dong cam Menu (So pixel mau: 1504)
[2026-07-15 14:26:29] Phat hien chuyen dong cam Menu (So pixel mau: 1161)
[2026-07-15 14:26:29] Phat hien chuyen dong cam Menu (So pixel mau: 6318)
[2026-07-15 14:26:29] Phat hien chuyen dong cam Menu (So pixel mau: 2375)
[2026-07-15 14:26:29] Phat hien chuyen dong cam Menu (So pixel mau: 5314)
[2026-07-15 14:26:29] Phat hien chuyen dong cam Menu (So pixel mau: 520)
[2026-07-15 14:26:29] Phat hien chuyen dong cam Menu (So pixel mau: 6424)
[2026-07-15 14:26:29] Phat hien chuyen dong cam Menu (So pixel mau: 2076)
[2026-07-15 14:26:29] Phat hien chuyen dong cam Menu (So pixel mau: 10632)
[2026-07-15 14:26:29] Phat hien chuyen dong cam Menu (So pixel mau: 13175)
[2026-07-15 14:26:29] Phat hien chuyen dong cam Menu (So pixel mau: 16067)
[2026-07-15 14:26:29] Phat hien chuyen dong cam Menu (So pixel mau: 10673)
[2026-07-15 14:26:29] Phat hien chuyen dong cam Menu (So pixel mau: 20632)
[2026-07-15 14:26:29] Phat hien chuyen dong cam Menu (So pixel mau: 24659)
[2026-07-15 14:26:29] Phat hien chuyen dong cam Menu (So pixel mau: 23878)
[2026-07-15 14:26:29] Phat hien chuyen dong cam Menu (So pixel mau: 18768)
[2026-07-15 14:26:29] Phat hien chuyen dong cam Menu (So pixel mau: 11038)
[2026-07-15 14:26:29] Phat hien chuyen dong cam Menu (So pixel mau: 14858)
[2026-07-15 14:26:29] Phat hien chuyen dong cam Menu (So pixel mau: 21007)
[2026-07-15 14:26:29] Phat hien chuyen dong cam Menu (So pixel mau: 26021)
[2026-07-15 14:26:29] Phat hien chuyen dong cam Menu (So pixel mau: 28603)
[2026-07-15 14:26:29] Phat hien chuyen dong cam Menu (So pixel mau: 29473)
[2026-07-15 14:26:29] Phat hien chuyen dong cam Menu (So pixel mau: 31998)
[2026-07-15 14:26:29] Phat hien chuyen dong cam Menu (So pixel mau: 32219)
[2026-07-15 14:26:29] Phat hien chuyen dong cam Menu (So pixel mau: 36664)
[2026-07-15 14:26:29] Phat hien chuyen dong cam Menu (So pixel mau: 42727)
[2026-07-15 14:26:30] Phat hien chuyen dong cam Menu (So pixel mau: 42723)
[2026-07-15 14:26:30] Phat hien chuyen dong cam Menu (So pixel mau: 43638)
[2026-07-15 14:26:30] Phat hien chuyen dong cam Menu (So pixel mau: 45071)
[2026-07-15 14:26:30] Phat hien chuyen dong cam Menu (So pixel mau: 37988)
[2026-07-15 14:26:30] Phat hien chuyen dong cam Menu (So pixel mau: 51937)
[2026-07-15 14:26:30] Phat hien chuyen dong cam Menu (So pixel mau: 53603)
[2026-07-15 14:26:30] Phat hien chuyen dong cam Menu (So pixel mau: 51608)
[2026-07-15 14:26:30] Phat hien chuyen dong cam Menu (So pixel mau: 22048)
[2026-07-15 14:26:30] XAC NHAN: KHACH CAM MENU VAY TAY ORDER! (20 lan/4s)
[2026-07-15 14:26:30] Phat hien chuyen dong cam Menu (So pixel mau: 14153)
[2026-07-15 14:26:30] Phat hien chuyen dong cam Menu (So pixel mau: 48636)
[2026-07-15 14:26:30] Phat hien chuyen dong cam Menu (So pixel mau: 3820)
[2026-07-15 14:26:30] Phat hien chuyen dong cam Menu (So pixel mau: 3844)
[2026-07-15 14:26:30] Phat hien chuyen dong cam Menu (So pixel mau: 39108)
[2026-07-15 14:26:30] Phat hien chuyen dong cam Menu (So pixel mau: 34318)
[2026-07-15 14:26:30] Phat hien chuyen dong cam Menu (So pixel mau: 35149)
[2026-07-15 14:26:30] Phat hien chuyen dong cam Menu (So pixel mau: 21901)
[2026-07-15 14:26:30] Phat hien chuyen dong cam Menu (So pixel mau: 8728)
[2026-07-15 14:26:30] Phat hien chuyen dong cam Menu (So pixel mau: 7499)
[2026-07-15 14:26:30] Phat hien chuyen dong cam Menu (So pixel mau: 14845)
[2026-07-15 14:26:30] Phat hien chuyen dong cam Menu (So pixel mau: 11120)
[2026-07-15 14:26:30] Phat hien chuyen dong cam Menu (So pixel mau: 945)
[2026-07-15 14:26:30] Phat hien chuyen dong cam Menu (So pixel mau: 1062)
[2026-07-15 14:26:30] Phat hien chuyen dong cam Menu (So pixel mau: 10576)
[2026-07-15 14:26:30] Phat hien chuyen dong cam Menu (So pixel mau: 9647)
[2026-07-15 14:26:31] Phat hien chuyen dong cam Menu (So pixel mau: 753)
[2026-07-15 14:26:31] Phat hien chuyen dong cam Menu (So pixel mau: 2122)
[2026-07-15 14:26:31] Phat hien chuyen dong cam Menu (So pixel mau: 4399)
[2026-07-15 14:26:31] Phat hien chuyen dong cam Menu (So pixel mau: 9203)
[2026-07-15 14:26:31] Phat hien chuyen dong cam Menu (So pixel mau: 16158)
[2026-07-15 14:26:31] Phat hien chuyen dong cam Menu (So pixel mau: 24550)
[2026-07-15 14:26:31] Phat hien chuyen dong cam Menu (So pixel mau: 23446)
[2026-07-15 14:26:31] Phat hien chuyen dong cam Menu (So pixel mau: 23054)
[2026-07-15 14:26:31] Phat hien chuyen dong cam Menu (So pixel mau: 21777)
[2026-07-15 14:26:31] Phat hien chuyen dong cam Menu (So pixel mau: 19020)
[2026-07-15 14:26:31] Phat hien chuyen dong cam Menu (So pixel mau: 18205)
[2026-07-15 14:26:31] Phat hien chuyen dong cam Menu (So pixel mau: 15084)
[2026-07-15 14:26:31] Phat hien chuyen dong cam Menu (So pixel mau: 16010)
[2026-07-15 14:26:31] Phat hien chuyen dong cam Menu (So pixel mau: 2143)
[2026-07-15 14:26:31] Phat hien chuyen dong cam Menu (So pixel mau: 14870)
[2026-07-15 14:26:31] Phat hien chuyen dong cam Menu (So pixel mau: 14419)
[2026-07-15 14:26:31] Phat hien chuyen dong cam Menu (So pixel mau: 12963)
[2026-07-15 14:26:31] Phat hien chuyen dong cam Menu (So pixel mau: 547)
[2026-07-15 14:26:31] Phat hien chuyen dong cam Menu (So pixel mau: 13374)
[2026-07-15 14:26:31] Phat hien chuyen dong cam Menu (So pixel mau: 13241)
[2026-07-15 14:26:31] Phat hien chuyen dong cam Menu (So pixel mau: 14091)
[2026-07-15 14:26:31] Phat hien chuyen dong cam Menu (So pixel mau: 13996)
[2026-07-15 14:26:31] Phat hien chuyen dong cam Menu (So pixel mau: 10929)
[2026-07-15 14:26:31] Phat hien chuyen dong cam Menu (So pixel mau: 8706)
[2026-07-15 14:26:31] Phat hien chuyen dong cam Menu (So pixel mau: 3999)
[2026-07-15 14:26:31] Phat hien chuyen dong cam Menu (So pixel mau: 2329)
[2026-07-15 14:26:31] Phat hien chuyen dong cam Menu (So pixel mau: 599)
[2026-07-15 14:26:31] Phat hien chuyen dong cam Menu (So pixel mau: 777)
[2026-07-15 14:26:31] Phat hien chuyen dong cam Menu (So pixel mau: 352)
[2026-07-15 14:26:31] Phat hien chuyen dong cam Menu (So pixel mau: 230)
[2026-07-15 14:26:32] Phat hien chuyen dong cam Menu (So pixel mau: 692)
[2026-07-15 14:26:32] Phat hien chuyen dong cam Menu (So pixel mau: 1467)
[2026-07-15 14:26:32] Phat hien chuyen dong cam Menu (So pixel mau: 2042)
[2026-07-15 14:26:32] Phat hien chuyen dong cam Menu (So pixel mau: 4718)
[2026-07-15 14:26:32] Phat hien chuyen dong cam Menu (So pixel mau: 1184)
[2026-07-15 14:26:32] Phat hien chuyen dong cam Menu (So pixel mau: 9598)
[2026-07-15 14:26:32] Phat hien chuyen dong cam Menu (So pixel mau: 8440)
[2026-07-15 14:26:32] Phat hien chuyen dong cam Menu (So pixel mau: 9085)
[2026-07-15 14:26:32] Phat hien chuyen dong cam Menu (So pixel mau: 10408)
[2026-07-15 14:26:32] Phat hien chuyen dong cam Menu (So pixel mau: 11091)
[2026-07-15 14:26:32] Phat hien chuyen dong cam Menu (So pixel mau: 14462)
[2026-07-15 14:26:32] Phat hien chuyen dong cam Menu (So pixel mau: 16122)
[2026-07-15 14:26:32] Phat hien chuyen dong cam Menu (So pixel mau: 18999)
[2026-07-15 14:26:32] Phat hien chuyen dong cam Menu (So pixel mau: 18511)
[2026-07-15 14:26:32] Phat hien chuyen dong cam Menu (So pixel mau: 18484)
[2026-07-15 14:26:32] Phat hien chuyen dong cam Menu (So pixel mau: 19113)
[2026-07-15 14:26:32] Phat hien chuyen dong cam Menu (So pixel mau: 20911)
[2026-07-15 14:26:32] Phat hien chuyen dong cam Menu (So pixel mau: 22047)
[2026-07-15 14:26:32] Phat hien chuyen dong cam Menu (So pixel mau: 16826)
[2026-07-15 14:26:32] Phat hien chuyen dong cam Menu (So pixel mau: 6312)
[2026-07-15 14:26:32] Phat hien chuyen dong cam Menu (So pixel mau: 1807)
[2026-07-15 14:26:32] --- Bat dau khoi dong AI stream ---
[2026-07-15 14:26:38] Phat hien chuyen dong cam Menu (So pixel mau: 575)
[2026-07-15 14:26:38] Phat hien chuyen dong cam Menu (So pixel mau: 971)
[2026-07-15 14:27:00] Da dong archive phut: 1426
[2026-07-15 14:27:00] Mo archive moi: D:\lehuynhthuan\Cam\bida_ai_system\archive\ban1_1427.mp4
[2026-07-15 14:27:00] Da xoa archive cu: ban1_1355.mp4
[2026-07-15 14:27:02] Loi: Khong the doc tu camera
[2026-07-15 14:27:07] --- Bat dau khoi dong AI stream ---
[2026-07-15 14:27:17] Phat hien chuyen dong cam Menu (So pixel mau: 291)
[2026-07-15 14:27:28] Phat hien chuyen dong cam Menu (So pixel mau: 2679)
[2026-07-15 14:27:29] Phat hien chuyen dong cam Menu (So pixel mau: 7775)
[2026-07-15 14:27:29] Phat hien chuyen dong cam Menu (So pixel mau: 8142)
[2026-07-15 14:27:29] XAC NHAN: KHACH CAM MENU VAY TAY ORDER! (3 lan/4s)
[2026-07-15 14:27:29] Phat hien chuyen dong cam Menu (So pixel mau: 8172)
[2026-07-15 14:27:29] Phat hien chuyen dong cam Menu (So pixel mau: 355)
[2026-07-15 14:27:30] Phat hien chuyen dong cam Menu (So pixel mau: 14706)
[2026-07-15 14:27:31] Phat hien chuyen dong cam Menu (So pixel mau: 399)
[2026-07-15 14:27:35] Loi: Khong the doc tu camera
[2026-07-15 14:27:37] --- Bat dau khoi dong AI stream ---
[2026-07-15 14:27:40] Phat hien chuyen dong cam Menu (So pixel mau: 833)
[2026-07-15 14:27:45] Phat hien chuyen dong cam Menu (So pixel mau: 1157)
[2026-07-15 14:27:45] Phat hien chuyen dong cam Menu (So pixel mau: 1186)
[2026-07-15 14:27:45] Phat hien chuyen dong cam Menu (So pixel mau: 738)
[2026-07-15 14:27:46] Phat hien chuyen dong cam Menu (So pixel mau: 833)
[2026-07-15 14:27:46] Phat hien chuyen dong cam Menu (So pixel mau: 570)
[2026-07-15 14:28:00] Da dong archive phut: 1427
[2026-07-15 14:28:00] Mo archive moi: D:\lehuynhthuan\Cam\bida_ai_system\archive\ban1_1428.mp4
[2026-07-15 14:28:00] Da xoa archive cu: ban1_1356.mp4
[2026-07-15 14:28:05] Loi: Khong the doc tu camera
[2026-07-15 14:28:08] --- Bat dau khoi dong AI stream ---
[2026-07-15 14:28:20] Phat hien chuyen dong cam Menu (So pixel mau: 3071)
[2026-07-15 14:28:20] Phat hien chuyen dong cam Menu (So pixel mau: 425)
[2026-07-15 14:28:20] Phat hien chuyen dong cam Menu (So pixel mau: 3138)
[2026-07-15 14:28:20] XAC NHAN: KHACH CAM MENU VAY TAY ORDER! (3 lan/4s)
[2026-07-15 14:28:20] Phat hien chuyen dong cam Menu (So pixel mau: 6883)
[2026-07-15 14:28:21] Phat hien chuyen dong cam Menu (So pixel mau: 424)
[2026-07-15 14:28:34] Loi: Khong the doc tu camera
[2026-07-15 14:28:37] --- Bat dau khoi dong AI stream ---
[2026-07-15 14:28:58] Loi: Khong the doc tu camera
[2026-07-15 14:29:00] Da dong archive phut: 1428
[2026-07-15 14:29:00] Mo archive moi: D:\lehuynhthuan\Cam\bida_ai_system\archive\ban1_1429.mp4
[2026-07-15 14:29:00] Da xoa archive cu: ban1_1357.mp4
[2026-07-15 14:29:02] --- Bat dau khoi dong AI stream ---
[2026-07-15 14:29:24] Loi: Khong the doc tu camera
[2026-07-15 14:29:27] --- Bat dau khoi dong AI stream ---
[2026-07-15 14:29:48] Loi: Khong the doc tu camera
[2026-07-15 14:29:52] --- Bat dau khoi dong AI stream ---
[2026-07-15 14:30:00] Da dong archive phut: 1429
[2026-07-15 14:30:00] Mo archive moi: D:\lehuynhthuan\Cam\bida_ai_system\archive\ban1_1430.mp4
[2026-07-15 14:30:00] Da xoa archive cu: ban1_1358.mp4
[2026-07-15 14:30:13] Loi: Khong the doc tu camera
[2026-07-15 14:30:17] --- Bat dau khoi dong AI stream ---
[2026-07-15 14:30:38] Loi: Khong the doc tu camera
[2026-07-15 14:30:42] --- Bat dau khoi dong AI stream ---
[2026-07-15 14:31:00] Da dong archive phut: 1430
[2026-07-15 14:31:00] Mo archive moi: D:\lehuynhthuan\Cam\bida_ai_system\archive\ban1_1431.mp4
[2026-07-15 14:31:00] Da xoa archive cu: ban1_1359.mp4
[2026-07-15 14:31:02] Loi: Khong the doc tu camera
[2026-07-15 14:31:07] --- Bat dau khoi dong AI stream ---
[2026-07-15 14:31:27] Loi: Khong the doc tu camera
[2026-07-15 14:31:32] --- Bat dau khoi dong AI stream ---
[2026-07-15 14:31:52] Loi: Khong the doc tu camera
[2026-07-15 14:31:57] --- Bat dau khoi dong AI stream ---
[2026-07-15 14:32:00] Da dong archive phut: 1431
[2026-07-15 14:32:00] Mo archive moi: D:\lehuynhthuan\Cam\bida_ai_system\archive\ban1_1432.mp4
[2026-07-15 14:32:00] Da xoa archive cu: ban1_1400.mp4
[2026-07-15 14:32:17] Loi: Khong the doc tu camera
[2026-07-15 14:32:22] --- Bat dau khoi dong AI stream ---
[2026-07-15 14:32:42] Loi: Khong the doc tu camera
[2026-07-15 14:32:47] --- Bat dau khoi dong AI stream ---
[2026-07-15 14:33:00] Da dong archive phut: 1432
[2026-07-15 14:33:00] Mo archive moi: D:\lehuynhthuan\Cam\bida_ai_system\archive\ban1_1433.mp4
[2026-07-15 14:33:00] Da xoa archive cu: ban1_1401.mp4
[2026-07-15 14:33:07] Loi: Khong the doc tu camera
[2026-07-15 14:33:12] --- Bat dau khoi dong AI stream ---
[2026-07-15 14:33:32] Loi: Khong the doc tu camera
[2026-07-15 14:33:37] --- Bat dau khoi dong AI stream ---
[2026-07-15 14:33:57] Loi: Khong the doc tu camera
[2026-07-15 14:34:00] Da dong archive phut: 1433
[2026-07-15 14:34:00] Mo archive moi: D:\lehuynhthuan\Cam\bida_ai_system\archive\ban1_1434.mp4
[2026-07-15 14:34:00] Da xoa archive cu: ban1_1402.mp4
[2026-07-15 14:34:02] --- Bat dau khoi dong AI stream ---
[2026-07-15 14:34:22] Loi: Khong the doc tu camera
[2026-07-15 14:34:27] --- Bat dau khoi dong AI stream ---
[2026-07-15 14:34:47] Loi: Khong the doc tu camera
[2026-07-15 14:34:52] --- Bat dau khoi dong AI stream ---
[2026-07-15 14:35:00] Da dong archive phut: 1434
[2026-07-15 14:35:00] Mo archive moi: D:\lehuynhthuan\Cam\bida_ai_system\archive\ban1_1435.mp4
[2026-07-15 14:35:00] Da xoa archive cu: ban1_1403.mp4
[2026-07-15 14:35:12] Loi: Khong the doc tu camera
[2026-07-15 14:35:17] --- Bat dau khoi dong AI stream ---
[2026-07-15 14:35:37] Loi: Khong the doc tu camera
[2026-07-15 14:35:42] --- Bat dau khoi dong AI stream ---
[2026-07-15 14:36:00] Da dong archive phut: 1435
[2026-07-15 14:36:00] Mo archive moi: D:\lehuynhthuan\Cam\bida_ai_system\archive\ban1_1436.mp4
[2026-07-15 14:36:00] Da xoa archive cu: ban1_1404.mp4
[2026-07-15 14:36:02] Loi: Khong the doc tu camera
[2026-07-15 14:36:07] --- Bat dau khoi dong AI stream ---
[2026-07-15 14:36:27] Loi: Khong the doc tu camera
[2026-07-15 14:36:32] --- Bat dau khoi dong AI stream ---
[2026-07-15 14:36:52] Loi: Khong the doc tu camera
[2026-07-15 14:36:57] --- Bat dau khoi dong AI stream ---
[2026-07-15 14:37:00] Da dong archive phut: 1436
[2026-07-15 14:37:00] Mo archive moi: D:\lehuynhthuan\Cam\bida_ai_system\archive\ban1_1437.mp4
[2026-07-15 14:37:00] Da xoa archive cu: ban1_1407.mp4
[2026-07-15 14:37:17] Loi: Khong the doc tu camera
[2026-07-15 14:37:22] --- Bat dau khoi dong AI stream ---
[2026-07-15 14:37:42] Loi: Khong the doc tu camera
[2026-07-15 14:37:47] --- Bat dau khoi dong AI stream ---
[2026-07-15 14:38:00] Da dong archive phut: 1437
[2026-07-15 14:38:00] Mo archive moi: D:\lehuynhthuan\Cam\bida_ai_system\archive\ban1_1438.mp4
[2026-07-15 14:38:00] Da xoa archive cu: ban1_1408.mp4
[2026-07-15 14:38:07] Loi: Khong the doc tu camera
[2026-07-15 14:38:12] --- Bat dau khoi dong AI stream ---
[2026-07-15 14:38:32] Loi: Khong the doc tu camera
[2026-07-15 14:38:37] --- Bat dau khoi dong AI stream ---
[2026-07-15 14:38:57] Loi: Khong the doc tu camera
[2026-07-15 14:39:00] Da dong archive phut: 1438
[2026-07-15 14:39:00] Mo archive moi: D:\lehuynhthuan\Cam\bida_ai_system\archive\ban1_1439.mp4
[2026-07-15 14:39:00] Da xoa archive cu: ban1_1409.mp4
[2026-07-15 14:39:02] --- Bat dau khoi dong AI stream ---
[2026-07-15 14:39:22] Loi: Khong the doc tu camera
[2026-07-15 14:39:27] --- Bat dau khoi dong AI stream ---
[2026-07-15 14:39:47] Loi: Khong the doc tu camera
[2026-07-15 14:39:52] --- Bat dau khoi dong AI stream ---
[2026-07-15 14:40:00] Da dong archive phut: 1439
[2026-07-15 14:40:00] Mo archive moi: D:\lehuynhthuan\Cam\bida_ai_system\archive\ban1_1440.mp4
[2026-07-15 14:40:00] Da xoa archive cu: ban1_1410.mp4
[2026-07-15 14:40:13] Loi: Khong the doc tu camera
[2026-07-15 14:40:17] --- Bat dau khoi dong AI stream ---
[2026-07-15 14:40:37] Loi: Khong the doc tu camera
[2026-07-15 14:40:42] --- Bat dau khoi dong AI stream ---
[2026-07-15 14:41:00] Da dong archive phut: 1440
[2026-07-15 14:41:00] Mo archive moi: D:\lehuynhthuan\Cam\bida_ai_system\archive\ban1_1441.mp4
[2026-07-15 14:41:00] Da xoa archive cu: ban1_1411.mp4
[2026-07-15 14:41:03] Loi: Khong the doc tu camera
[2026-07-15 14:41:07] --- Bat dau khoi dong AI stream ---
[2026-07-15 14:41:30] Loi: Khong the doc tu camera
[2026-07-15 14:41:32] --- Bat dau khoi dong AI stream ---
[2026-07-15 14:41:54] Loi: Khong the doc tu camera
[2026-07-15 14:41:58] --- Bat dau khoi dong AI stream ---
[2026-07-15 14:42:00] Da dong archive phut: 1441
[2026-07-15 14:42:00] Mo archive moi: D:\lehuynhthuan\Cam\bida_ai_system\archive\ban1_1442.mp4
[2026-07-15 14:42:00] Da xoa archive cu: ban1_1412.mp4
[2026-07-15 14:42:20] Loi: Khong the doc tu camera
[2026-07-15 14:42:22] --- Bat dau khoi dong AI stream ---
[2026-07-15 14:42:45] Loi: Khong the doc tu camera
[2026-07-15 14:42:48] --- Bat dau khoi dong AI stream ---
[2026-07-15 14:43:00] Da dong archive phut: 1442
[2026-07-15 14:43:00] Mo archive moi: D:\lehuynhthuan\Cam\bida_ai_system\archive\ban1_1443.mp4
[2026-07-15 14:43:00] Da xoa archive cu: ban1_1413.mp4
[2026-07-15 14:43:08] Loi: Khong the doc tu camera
[2026-07-15 14:43:13] --- Bat dau khoi dong AI stream ---
[2026-07-15 14:43:32] Loi: Khong the doc tu camera
[2026-07-15 14:43:33] Phat hien chuyen dong cam Menu (So pixel mau: 639)
[2026-07-15 14:43:33] Phat hien chuyen dong cam Menu (So pixel mau: 1139)
[2026-07-15 14:43:33] Phat hien chuyen dong cam Menu (So pixel mau: 697)
[2026-07-15 14:43:33] XAC NHAN: KHACH CAM MENU VAY TAY ORDER! (3 lan/4s)
[2026-07-15 14:43:33] Phat hien chuyen dong cam Menu (So pixel mau: 837)
[2026-07-15 14:43:33] Phat hien chuyen dong cam Menu (So pixel mau: 387)
[2026-07-15 14:43:33] Phat hien chuyen dong cam Menu (So pixel mau: 677)
[2026-07-15 14:43:33] Phat hien chuyen dong cam Menu (So pixel mau: 451)
[2026-07-15 14:43:33] Phat hien chuyen dong cam Menu (So pixel mau: 250)
[2026-07-15 14:43:33] Phat hien chuyen dong cam Menu (So pixel mau: 170)
[2026-07-15 14:43:34] Phat hien chuyen dong cam Menu (So pixel mau: 426)
[2026-07-15 14:43:34] Phat hien chuyen dong cam Menu (So pixel mau: 476)
[2026-07-15 14:43:34] Phat hien chuyen dong cam Menu (So pixel mau: 355)
[2026-07-15 14:43:34] Phat hien chuyen dong cam Menu (So pixel mau: 506)
[2026-07-15 14:43:34] Phat hien chuyen dong cam Menu (So pixel mau: 740)
[2026-07-15 14:43:35] Phat hien chuyen dong cam Menu (So pixel mau: 651)
[2026-07-15 14:43:35] Phat hien chuyen dong cam Menu (So pixel mau: 559)
[2026-07-15 14:43:35] Phat hien chuyen dong cam Menu (So pixel mau: 613)
[2026-07-15 14:43:35] Phat hien chuyen dong cam Menu (So pixel mau: 725)
[2026-07-15 14:43:35] Phat hien chuyen dong cam Menu (So pixel mau: 174)
[2026-07-15 14:43:36] Phat hien chuyen dong cam Menu (So pixel mau: 650)
[2026-07-15 14:43:36] Phat hien chuyen dong cam Menu (So pixel mau: 712)
[2026-07-15 14:43:36] Phat hien chuyen dong cam Menu (So pixel mau: 966)
[2026-07-15 14:43:37] Phat hien chuyen dong cam Menu (So pixel mau: 511)
[2026-07-15 14:43:37] Phat hien chuyen dong cam Menu (So pixel mau: 1475)
[2026-07-15 14:43:37] Phat hien chuyen dong cam Menu (So pixel mau: 3640)
[2026-07-15 14:43:38] --- Bat dau khoi dong AI stream ---
[2026-07-15 14:43:59] Loi: Khong the doc tu camera
[2026-07-15 14:44:00] Da dong archive phut: 1443
[2026-07-15 14:44:00] Mo archive moi: D:\lehuynhthuan\Cam\bida_ai_system\archive\ban1_1444.mp4
[2026-07-15 14:44:00] Da xoa archive cu: ban1_1414.mp4
[2026-07-15 14:44:03] --- Bat dau khoi dong AI stream ---
[2026-07-15 14:44:11] Phat hien chuyen dong cam Menu (So pixel mau: 184)
[2026-07-15 14:44:11] Phat hien chuyen dong cam Menu (So pixel mau: 465)
[2026-07-15 14:44:11] Phat hien chuyen dong cam Menu (So pixel mau: 397)
[2026-07-15 14:44:11] XAC NHAN: KHACH CAM MENU VAY TAY ORDER! (3 lan/4s)
[2026-07-15 14:44:11] Phat hien chuyen dong cam Menu (So pixel mau: 321)
[2026-07-15 14:44:11] Phat hien chuyen dong cam Menu (So pixel mau: 574)
[2026-07-15 14:44:24] Loi: Khong the doc tu camera
[2026-07-15 14:44:28] --- Bat dau khoi dong AI stream ---
[2026-07-15 14:44:48] Loi: Khong the doc tu camera
[2026-07-15 14:44:53] --- Bat dau khoi dong AI stream ---
[2026-07-15 14:45:00] Da dong archive phut: 1444
[2026-07-15 14:45:00] Mo archive moi: D:\lehuynhthuan\Cam\bida_ai_system\archive\ban1_1445.mp4
[2026-07-15 14:45:00] Da xoa archive cu: ban1_1415.mp4
[2026-07-15 14:45:13] Loi: Khong the doc tu camera
[2026-07-15 14:45:16] Phat hien chuyen dong cam Menu (So pixel mau: 364)
[2026-07-15 14:45:18] --- Bat dau khoi dong AI stream ---
[2026-07-15 14:45:39] Loi: Khong the doc tu camera
[2026-07-15 14:45:43] --- Bat dau khoi dong AI stream ---
[2026-07-15 14:46:00] Da dong archive phut: 1445
[2026-07-15 14:46:00] Mo archive moi: D:\lehuynhthuan\Cam\bida_ai_system\archive\ban1_1446.mp4
[2026-07-15 14:46:00] Da xoa archive cu: ban1_1416.mp4
[2026-07-15 14:46:04] Loi: Khong the doc tu camera
[2026-07-15 14:46:08] --- Bat dau khoi dong AI stream ---
[2026-07-15 14:46:32] Loi: Khong the doc tu camera
[2026-07-15 14:46:38] --- Bat dau khoi dong AI stream ---
[2026-07-15 14:46:50] Phat hien chuyen dong cam Menu (So pixel mau: 181)
[2026-07-15 14:46:50] Phat hien chuyen dong cam Menu (So pixel mau: 1960)
[2026-07-15 14:46:59] Loi: Khong the doc tu camera
[2026-07-15 14:47:00] Da dong archive phut: 1446
[2026-07-15 14:47:00] Mo archive moi: D:\lehuynhthuan\Cam\bida_ai_system\archive\ban1_1447.mp4
[2026-07-15 14:47:00] Da xoa archive cu: ban1_1417.mp4
[2026-07-15 14:47:03] --- Bat dau khoi dong AI stream ---
[2026-07-15 14:47:13] Phat hien chuyen dong cam Menu (So pixel mau: 2707)
[2026-07-15 14:47:13] --- Bat dau khoi dong AI stream ---
[2026-07-15 14:47:40] Loi: Khong the doc tu camera
[2026-07-15 14:47:43] --- Bat dau khoi dong AI stream ---
[2026-07-15 14:47:49] Phat hien chuyen dong cam Menu (So pixel mau: 266)
[2026-07-15 14:47:55] Phat hien chuyen dong cam Menu (So pixel mau: 544)
[2026-07-15 14:48:00] Da dong archive phut: 1447
[2026-07-15 14:48:00] Mo archive moi: D:\lehuynhthuan\Cam\bida_ai_system\archive\ban1_1448.mp4
[2026-07-15 14:48:00] Da xoa archive cu: ban1_1418.mp4
[2026-07-15 14:48:09] Phat hien chuyen dong cam Menu (So pixel mau: 2229)
[2026-07-15 14:48:09] Phat hien chuyen dong cam Menu (So pixel mau: 2664)
[2026-07-15 14:48:09] Phat hien chuyen dong cam Menu (So pixel mau: 250)
[2026-07-15 14:48:09] XAC NHAN: KHACH CAM MENU VAY TAY ORDER! (3 lan/4s)
[2026-07-15 14:48:09] Phat hien chuyen dong cam Menu (So pixel mau: 1517)
[2026-07-15 14:48:09] Phat hien chuyen dong cam Menu (So pixel mau: 484)
[2026-07-15 14:48:09] Phat hien chuyen dong cam Menu (So pixel mau: 1011)
[2026-07-15 14:48:11] Loi: Khong the doc tu camera
[2026-07-15 14:48:14] --- Bat dau khoi dong AI stream ---
[2026-07-15 14:48:40] Loi: Khong the doc tu camera
[2026-07-15 14:48:43] --- Bat dau khoi dong AI stream ---
[2026-07-15 14:48:59] Phat hien chuyen dong cam Menu (So pixel mau: 1212)
[2026-07-15 14:49:00] Da dong archive phut: 1448
[2026-07-15 14:49:00] Mo archive moi: D:\lehuynhthuan\Cam\bida_ai_system\archive\ban1_1449.mp4
[2026-07-15 14:49:00] Da xoa archive cu: ban1_1419.mp4
[2026-07-15 14:49:05] Loi: Khong the doc tu camera
[2026-07-15 14:49:08] --- Bat dau khoi dong AI stream ---
[2026-07-15 14:49:31] Loi: Khong the doc tu camera
[2026-07-15 14:49:33] --- Bat dau khoi dong AI stream ---
[2026-07-15 14:49:52] Loi: Khong the doc tu camera
[2026-07-15 14:49:53] --- Bat dau khoi dong AI stream ---
[2026-07-15 14:50:00] Da dong archive phut: 1449
[2026-07-15 14:50:00] Mo archive moi: D:\lehuynhthuan\Cam\bida_ai_system\archive\ban1_1450.mp4
[2026-07-15 14:50:00] Da xoa archive cu: ban1_1420.mp4
[2026-07-15 14:50:12] Loi: Khong the doc tu camera
[2026-07-15 14:50:13] --- Bat dau khoi dong AI stream ---
[2026-07-15 14:50:32] Loi: Khong the doc tu camera
[2026-07-15 14:50:33] --- Bat dau khoi dong AI stream ---
[2026-07-15 14:50:52] Loi: Khong the doc tu camera
[2026-07-15 14:50:53] --- Bat dau khoi dong AI stream ---
[2026-07-15 14:51:00] Da dong archive phut: 1450
[2026-07-15 14:51:00] Mo archive moi: D:\lehuynhthuan\Cam\bida_ai_system\archive\ban1_1451.mp4
[2026-07-15 14:51:00] Da xoa archive cu: ban1_1421.mp4
[2026-07-15 14:51:12] Loi: Khong the doc tu camera
[2026-07-15 14:51:18] --- Bat dau khoi dong AI stream ---
[2026-07-15 14:51:37] Loi: Khong the doc tu camera
[2026-07-15 14:51:43] --- Bat dau khoi dong AI stream ---
[2026-07-15 14:52:00] Da dong archive phut: 1451
[2026-07-15 14:52:00] Mo archive moi: D:\lehuynhthuan\Cam\bida_ai_system\archive\ban1_1452.mp4
[2026-07-15 14:52:00] Da xoa archive cu: ban1_1422.mp4
[2026-07-15 14:52:02] Loi: Khong the doc tu camera
[2026-07-15 14:52:03] --- Bat dau khoi dong AI stream ---
[2026-07-15 14:52:22] Loi: Khong the doc tu camera
[2026-07-15 14:52:23] --- Bat dau khoi dong AI stream ---
[2026-07-15 14:52:43] Loi: Khong the doc tu camera
[2026-07-15 14:52:48] --- Bat dau khoi dong AI stream ---
[2026-07-15 14:53:00] Da dong archive phut: 1452
[2026-07-15 14:53:00] Mo archive moi: D:\lehuynhthuan\Cam\bida_ai_system\archive\ban1_1453.mp4
[2026-07-15 14:53:00] Da xoa archive cu: ban1_1423.mp4
[2026-07-15 14:53:07] Loi: Khong the doc tu camera
[2026-07-15 14:53:08] --- Bat dau khoi dong AI stream ---
[2026-07-15 14:53:28] Loi: Khong the doc tu camera
[2026-07-15 14:53:33] --- Bat dau khoi dong AI stream ---
[2026-07-15 14:53:53] Loi: Khong the doc tu camera
[2026-07-15 14:53:58] --- Bat dau khoi dong AI stream ---
[2026-07-15 14:54:00] Da dong archive phut: 1453
[2026-07-15 14:54:00] Mo archive moi: D:\lehuynhthuan\Cam\bida_ai_system\archive\ban1_1454.mp4
[2026-07-15 14:54:00] Da xoa archive cu: ban1_1424.mp4
[2026-07-15 14:54:17] Loi: Khong the doc tu camera
[2026-07-15 14:54:18] --- Bat dau khoi dong AI stream ---
[2026-07-15 14:54:38] Loi: Khong the doc tu camera
[2026-07-15 14:54:43] --- Bat dau khoi dong AI stream ---
[2026-07-15 14:55:03] --- Bat dau khoi dong AI stream ---
[2026-07-15 14:55:22] Webcam bat thanh cong. Size: 640x480
[2026-07-15 14:55:22] Mo archive moi: D:\lehuynhthuan\Cam\bida_ai_system\archive\ban1_1455.mp4
[2026-07-15 14:55:22] Da xoa archive cu: ban1_1425.mp4
[2026-07-15 14:56:00] Da dong archive phut: 1455
[2026-07-15 14:56:00] Mo archive moi: D:\lehuynhthuan\Cam\bida_ai_system\archive\ban1_1456.mp4
[2026-07-15 14:56:00] Da xoa archive cu: ban1_1426.mp4
[2026-07-15 14:57:00] Da dong archive phut: 1456
[2026-07-15 14:57:00] Mo archive moi: D:\lehuynhthuan\Cam\bida_ai_system\archive\ban1_1457.mp4
[2026-07-15 14:57:00] Da xoa archive cu: ban1_1427.mp4
[2026-07-15 14:58:00] Da dong archive phut: 1457
[2026-07-15 14:58:00] Mo archive moi: D:\lehuynhthuan\Cam\bida_ai_system\archive\ban1_1458.mp4
[2026-07-15 14:58:00] Da xoa archive cu: ban1_1428.mp4
[2026-07-15 14:59:00] Da dong archive phut: 1458
[2026-07-15 14:59:00] Mo archive moi: D:\lehuynhthuan\Cam\bida_ai_system\archive\ban1_1459.mp4
[2026-07-15 14:59:00] Da xoa archive cu: ban1_1429.mp4
[2026-07-15 15:00:00] Da dong archive phut: 1459
[2026-07-15 15:00:00] Mo archive moi: D:\lehuynhthuan\Cam\bida_ai_system\archive\ban1_1500.mp4
[2026-07-15 15:00:00] Da xoa archive cu: ban1_1430.mp4
[2026-07-15 15:01:00] Da dong archive phut: 1500
[2026-07-15 15:01:00] Mo archive moi: D:\lehuynhthuan\Cam\bida_ai_system\archive\ban1_1501.mp4
[2026-07-15 15:01:00] Da xoa archive cu: ban1_1431.mp4
[2026-07-15 15:02:00] Da dong archive phut: 1501
[2026-07-15 15:02:00] Mo archive moi: D:\lehuynhthuan\Cam\bida_ai_system\archive\ban1_1502.mp4
[2026-07-15 15:02:00] Da xoa archive cu: ban1_1432.mp4
[2026-07-15 15:03:00] Da dong archive phut: 1502
[2026-07-15 15:03:00] Mo archive moi: D:\lehuynhthuan\Cam\bida_ai_system\archive\ban1_1503.mp4
[2026-07-15 15:03:00] Da xoa archive cu: ban1_1433.mp4
[2026-07-15 15:03:36] Phat hien chuyen dong cam Menu (So pixel mau: 204)
[2026-07-15 15:03:48] Phat hien chuyen dong cam Menu (So pixel mau: 1472)
[2026-07-15 15:03:48] Phat hien chuyen dong cam Menu (So pixel mau: 785)
[2026-07-15 15:04:00] Da dong archive phut: 1503
[2026-07-15 15:04:00] Mo archive moi: D:\lehuynhthuan\Cam\bida_ai_system\archive\ban1_1504.mp4
[2026-07-15 15:04:00] Da xoa archive cu: ban1_1434.mp4
[2026-07-15 15:04:58] Phat hien chuyen dong cam Menu (So pixel mau: 495)
[2026-07-15 15:04:59] Phat hien chuyen dong cam Menu (So pixel mau: 2824)
[2026-07-15 15:04:59] Phat hien chuyen dong cam Menu (So pixel mau: 212)
[2026-07-15 15:04:59] XAC NHAN: KHACH CAM MENU VAY TAY ORDER! (3 lan/4s)
[2026-07-15 15:05:00] Da dong archive phut: 1504
[2026-07-15 15:05:00] Mo archive moi: D:\lehuynhthuan\Cam\bida_ai_system\archive\ban1_1505.mp4
[2026-07-15 15:05:00] Da xoa archive cu: ban1_1435.mp4
[2026-07-15 15:05:08] Phat hien chuyen dong cam Menu (So pixel mau: 802)
[2026-07-15 15:05:08] Phat hien chuyen dong cam Menu (So pixel mau: 579)
[2026-07-15 15:05:08] Phat hien chuyen dong cam Menu (So pixel mau: 153)
[2026-07-15 15:05:08] Phat hien chuyen dong cam Menu (So pixel mau: 237)
[2026-07-15 15:05:09] Phat hien chuyen dong cam Menu (So pixel mau: 277)
[2026-07-15 15:05:10] Phat hien chuyen dong cam Menu (So pixel mau: 821)
[2026-07-15 15:05:11] Phat hien chuyen dong cam Menu (So pixel mau: 273)
[2026-07-15 15:05:11] Phat hien chuyen dong cam Menu (So pixel mau: 2841)
[2026-07-15 15:05:12] Phat hien chuyen dong cam Menu (So pixel mau: 2998)
[2026-07-15 15:05:38] Phat hien chuyen dong cam Menu (So pixel mau: 268)
[2026-07-15 15:05:41] Phat hien chuyen dong cam Menu (So pixel mau: 377)
[2026-07-15 15:06:00] Da dong archive phut: 1505
[2026-07-15 15:06:00] Mo archive moi: D:\lehuynhthuan\Cam\bida_ai_system\archive\ban1_1506.mp4
[2026-07-15 15:06:00] Da xoa archive cu: ban1_1436.mp4
[2026-07-15 15:06:11] Phat hien chuyen dong cam Menu (So pixel mau: 214)
[2026-07-15 15:06:30] Phat hien chuyen dong cam Menu (So pixel mau: 2244)
[2026-07-15 15:06:30] Phat hien chuyen dong cam Menu (So pixel mau: 1992)
[2026-07-15 15:06:31] Phat hien chuyen dong cam Menu (So pixel mau: 1495)
[2026-07-15 15:06:31] XAC NHAN: KHACH CAM MENU VAY TAY ORDER! (3 lan/4s)
[2026-07-15 15:06:31] Phat hien chuyen dong cam Menu (So pixel mau: 538)
[2026-07-15 15:07:00] Da dong archive phut: 1506
[2026-07-15 15:07:00] Mo archive moi: D:\lehuynhthuan\Cam\bida_ai_system\archive\ban1_1507.mp4
[2026-07-15 15:07:00] Da xoa archive cu: ban1_1437.mp4
[2026-07-15 15:07:40] Phat hien chuyen dong cam Menu (So pixel mau: 285)
[2026-07-15 15:07:40] Phat hien chuyen dong cam Menu (So pixel mau: 420)
[2026-07-15 15:07:58] Phat hien chuyen dong cam Menu (So pixel mau: 233)
[2026-07-15 15:07:58] Phat hien chuyen dong cam Menu (So pixel mau: 284)
[2026-07-15 15:08:00] Da dong archive phut: 1507
[2026-07-15 15:08:00] Mo archive moi: D:\lehuynhthuan\Cam\bida_ai_system\archive\ban1_1508.mp4
[2026-07-15 15:08:00] Da xoa archive cu: ban1_1438.mp4
[2026-07-15 15:08:52] Phat hien chuyen dong cam Menu (So pixel mau: 1247)
[2026-07-15 15:09:00] Da dong archive phut: 1508
[2026-07-15 15:09:00] Mo archive moi: D:\lehuynhthuan\Cam\bida_ai_system\archive\ban1_1509.mp4
[2026-07-15 15:09:00] Da xoa archive cu: ban1_1439.mp4
[2026-07-15 15:10:00] Da dong archive phut: 1509
[2026-07-15 15:10:00] Mo archive moi: D:\lehuynhthuan\Cam\bida_ai_system\archive\ban1_1510.mp4
[2026-07-15 15:10:00] Da xoa archive cu: ban1_1440.mp4
[2026-07-15 15:11:00] Da dong archive phut: 1510
[2026-07-15 15:11:00] Mo archive moi: D:\lehuynhthuan\Cam\bida_ai_system\archive\ban1_1511.mp4
[2026-07-15 15:11:00] Da xoa archive cu: ban1_1441.mp4
[2026-07-15 15:11:38] Phat hien chuyen dong cam Menu (So pixel mau: 169)
[2026-07-15 15:12:00] Da dong archive phut: 1511
[2026-07-15 15:12:00] Mo archive moi: D:\lehuynhthuan\Cam\bida_ai_system\archive\ban1_1512.mp4
[2026-07-15 15:12:00] Da xoa archive cu: ban1_1442.mp4
[2026-07-15 15:13:00] Da dong archive phut: 1512
[2026-07-15 15:13:00] Mo archive moi: D:\lehuynhthuan\Cam\bida_ai_system\archive\ban1_1513.mp4
[2026-07-15 15:13:00] Da xoa archive cu: ban1_1443.mp4
[2026-07-15 15:14:00] Da dong archive phut: 1513
[2026-07-15 15:14:00] Mo archive moi: D:\lehuynhthuan\Cam\bida_ai_system\archive\ban1_1514.mp4
[2026-07-15 15:14:00] Da xoa archive cu: ban1_1444.mp4
[2026-07-15 15:14:38] Phat hien chuyen dong cam Menu (So pixel mau: 2131)
[2026-07-15 15:14:38] Phat hien chuyen dong cam Menu (So pixel mau: 234)
[2026-07-15 15:15:00] Da dong archive phut: 1514
[2026-07-15 15:15:00] Mo archive moi: D:\lehuynhthuan\Cam\bida_ai_system\archive\ban1_1515.mp4
[2026-07-15 15:15:00] Da xoa archive cu: ban1_1445.mp4
[2026-07-15 15:16:00] Da dong archive phut: 1515
[2026-07-15 15:16:00] Mo archive moi: D:\lehuynhthuan\Cam\bida_ai_system\archive\ban1_1516.mp4
[2026-07-15 15:16:00] Da xoa archive cu: ban1_1446.mp4
[2026-07-15 15:16:01] Phat hien chuyen dong cam Menu (So pixel mau: 177)
[2026-07-15 15:16:02] Phat hien chuyen dong cam Menu (So pixel mau: 229)
[2026-07-15 15:16:02] Phat hien chuyen dong cam Menu (So pixel mau: 357)
[2026-07-15 15:16:02] XAC NHAN: KHACH CAM MENU VAY TAY ORDER! (3 lan/4s)
[2026-07-15 15:16:02] Phat hien chuyen dong cam Menu (So pixel mau: 1512)
[2026-07-15 15:16:02] Phat hien chuyen dong cam Menu (So pixel mau: 1287)
[2026-07-15 15:16:02] Phat hien chuyen dong cam Menu (So pixel mau: 991)
[2026-07-15 15:16:02] Phat hien chuyen dong cam Menu (So pixel mau: 235)
[2026-07-15 15:16:02] Phat hien chuyen dong cam Menu (So pixel mau: 647)
[2026-07-15 15:17:00] Da dong archive phut: 1516
[2026-07-15 15:17:00] Mo archive moi: D:\lehuynhthuan\Cam\bida_ai_system\archive\ban1_1517.mp4
[2026-07-15 15:17:00] Da xoa archive cu: ban1_1447.mp4
[2026-07-15 15:18:00] Da dong archive phut: 1517
[2026-07-15 15:18:00] Mo archive moi: D:\lehuynhthuan\Cam\bida_ai_system\archive\ban1_1518.mp4
[2026-07-15 15:18:00] Da xoa archive cu: ban1_1448.mp4
[2026-07-15 15:18:39] Phat hien chuyen dong cam Menu (So pixel mau: 278)
[2026-07-15 15:18:39] Phat hien chuyen dong cam Menu (So pixel mau: 243)
[2026-07-15 15:18:39] Phat hien chuyen dong cam Menu (So pixel mau: 178)
[2026-07-15 15:18:39] XAC NHAN: KHACH CAM MENU VAY TAY ORDER! (3 lan/4s)
[2026-07-15 15:19:00] Da dong archive phut: 1518
[2026-07-15 15:19:00] Mo archive moi: D:\lehuynhthuan\Cam\bida_ai_system\archive\ban1_1519.mp4
[2026-07-15 15:19:00] Da xoa archive cu: ban1_1449.mp4
[2026-07-15 15:20:00] Da dong archive phut: 1519
[2026-07-15 15:20:00] Mo archive moi: D:\lehuynhthuan\Cam\bida_ai_system\archive\ban1_1520.mp4
[2026-07-15 15:20:00] Da xoa archive cu: ban1_1450.mp4
[2026-07-15 15:21:00] Da dong archive phut: 1520
[2026-07-15 15:21:00] Mo archive moi: D:\lehuynhthuan\Cam\bida_ai_system\archive\ban1_1521.mp4
[2026-07-15 15:21:00] Da xoa archive cu: ban1_1451.mp4
[2026-07-15 15:22:00] Da dong archive phut: 1521
[2026-07-15 15:22:00] Mo archive moi: D:\lehuynhthuan\Cam\bida_ai_system\archive\ban1_1522.mp4
[2026-07-15 15:22:00] Da xoa archive cu: ban1_1452.mp4
[2026-07-15 15:23:00] Da dong archive phut: 1522
[2026-07-15 15:23:00] Mo archive moi: D:\lehuynhthuan\Cam\bida_ai_system\archive\ban1_1523.mp4
[2026-07-15 15:23:00] Da xoa archive cu: ban1_1453.mp4
[2026-07-15 15:24:00] Da dong archive phut: 1523
[2026-07-15 15:24:00] Mo archive moi: D:\lehuynhthuan\Cam\bida_ai_system\archive\ban1_1524.mp4
[2026-07-15 15:24:00] Da xoa archive cu: ban1_1454.mp4
[2026-07-15 15:24:57] Phat hien chuyen dong cam Menu (So pixel mau: 1074)
[2026-07-15 15:24:57] Phat hien chuyen dong cam Menu (So pixel mau: 443)
[2026-07-15 15:24:57] Phat hien chuyen dong cam Menu (So pixel mau: 201)
[2026-07-15 15:24:57] XAC NHAN: KHACH CAM MENU VAY TAY ORDER! (3 lan/4s)
[2026-07-15 15:24:59] Phat hien chuyen dong cam Menu (So pixel mau: 188)
[2026-07-15 15:25:00] Da dong archive phut: 1524
[2026-07-15 15:25:00] Mo archive moi: D:\lehuynhthuan\Cam\bida_ai_system\archive\ban1_1525.mp4
[2026-07-15 15:25:00] Da xoa archive cu: ban1_1455.mp4
[2026-07-15 15:25:01] Phat hien chuyen dong cam Menu (So pixel mau: 200)
[2026-07-15 15:26:00] Da dong archive phut: 1525
[2026-07-15 15:26:00] Mo archive moi: D:\lehuynhthuan\Cam\bida_ai_system\archive\ban1_1526.mp4
[2026-07-15 15:26:00] Da xoa archive cu: ban1_1456.mp4
[2026-07-15 15:27:00] Da dong archive phut: 1526
[2026-07-15 15:27:00] Mo archive moi: D:\lehuynhthuan\Cam\bida_ai_system\archive\ban1_1527.mp4
[2026-07-15 15:27:00] Da xoa archive cu: ban1_1457.mp4
[2026-07-15 15:28:00] Da dong archive phut: 1527
[2026-07-15 15:28:00] Mo archive moi: D:\lehuynhthuan\Cam\bida_ai_system\archive\ban1_1528.mp4
[2026-07-15 15:28:00] Da xoa archive cu: ban1_1458.mp4
[2026-07-15 15:28:10] Phat hien chuyen dong cam Menu (So pixel mau: 476)
[2026-07-15 15:28:10] Phat hien chuyen dong cam Menu (So pixel mau: 478)
[2026-07-15 15:28:10] Phat hien chuyen dong cam Menu (So pixel mau: 431)
[2026-07-15 15:28:10] XAC NHAN: KHACH CAM MENU VAY TAY ORDER! (3 lan/4s)
[2026-07-15 15:28:10] Phat hien chuyen dong cam Menu (So pixel mau: 259)
[2026-07-15 15:28:10] Phat hien chuyen dong cam Menu (So pixel mau: 178)
[2026-07-15 15:28:10] Phat hien chuyen dong cam Menu (So pixel mau: 228)
[2026-07-15 15:28:10] Phat hien chuyen dong cam Menu (So pixel mau: 642)
[2026-07-15 15:28:11] Phat hien chuyen dong cam Menu (So pixel mau: 169)
[2026-07-15 15:28:15] Phat hien chuyen dong cam Menu (So pixel mau: 650)
[2026-07-15 15:28:29] Phat hien chuyen dong cam Menu (So pixel mau: 3362)
[2026-07-15 15:28:29] Phat hien chuyen dong cam Menu (So pixel mau: 3133)
[2026-07-15 15:28:29] Phat hien chuyen dong cam Menu (So pixel mau: 407)
[2026-07-15 15:28:29] Phat hien chuyen dong cam Menu (So pixel mau: 665)
[2026-07-15 15:28:29] Phat hien chuyen dong cam Menu (So pixel mau: 754)
[2026-07-15 15:28:30] Phat hien chuyen dong cam Menu (So pixel mau: 258)
[2026-07-15 15:28:30] Phat hien chuyen dong cam Menu (So pixel mau: 348)
[2026-07-15 15:28:43] Phat hien chuyen dong cam Menu (So pixel mau: 2273)
[2026-07-15 15:28:43] Phat hien chuyen dong cam Menu (So pixel mau: 1334)
[2026-07-15 15:28:43] Phat hien chuyen dong cam Menu (So pixel mau: 1308)
[2026-07-15 15:28:43] XAC NHAN: KHACH CAM MENU VAY TAY ORDER! (3 lan/4s)
[2026-07-15 15:28:43] Phat hien chuyen dong cam Menu (So pixel mau: 475)
[2026-07-15 15:28:45] Phat hien chuyen dong cam Menu (So pixel mau: 223)
[2026-07-15 15:29:00] Da dong archive phut: 1528
[2026-07-15 15:29:00] Mo archive moi: D:\lehuynhthuan\Cam\bida_ai_system\archive\ban1_1529.mp4
[2026-07-15 15:29:00] Da xoa archive cu: ban1_1459.mp4
[2026-07-15 15:29:12] Phat hien chuyen dong cam Menu (So pixel mau: 1608)
[2026-07-15 15:29:12] Phat hien chuyen dong cam Menu (So pixel mau: 1644)
[2026-07-15 15:29:12] Phat hien chuyen dong cam Menu (So pixel mau: 1203)
[2026-07-15 15:29:12] Phat hien chuyen dong cam Menu (So pixel mau: 332)
[2026-07-15 15:29:13] Phat hien chuyen dong cam Menu (So pixel mau: 386)
[2026-07-15 15:29:13] XAC NHAN: KHACH CAM MENU VAY TAY ORDER! (5 lan/4s)
[2026-07-15 15:29:13] Phat hien chuyen dong cam Menu (So pixel mau: 378)
[2026-07-15 15:30:00] Da dong archive phut: 1529
[2026-07-15 15:30:00] Mo archive moi: D:\lehuynhthuan\Cam\bida_ai_system\archive\ban1_1530.mp4
[2026-07-15 15:30:00] Da xoa archive cu: ban1_1500.mp4
[2026-07-15 15:30:09] Phat hien chuyen dong cam Menu (So pixel mau: 260)
[2026-07-15 15:30:15] Phat hien chuyen dong cam Menu (So pixel mau: 186)
[2026-07-15 15:30:15] Phat hien chuyen dong cam Menu (So pixel mau: 453)
[2026-07-15 15:30:35] Phat hien chuyen dong cam Menu (So pixel mau: 258)
[2026-07-15 15:30:35] Phat hien chuyen dong cam Menu (So pixel mau: 162)
[2026-07-15 15:30:36] Phat hien chuyen dong cam Menu (So pixel mau: 531)
[2026-07-15 15:30:36] XAC NHAN: KHACH CAM MENU VAY TAY ORDER! (3 lan/4s)
[2026-07-15 15:30:36] Phat hien chuyen dong cam Menu (So pixel mau: 442)
[2026-07-15 15:30:36] Phat hien chuyen dong cam Menu (So pixel mau: 203)
[2026-07-15 15:30:36] Phat hien chuyen dong cam Menu (So pixel mau: 340)
[2026-07-15 15:30:36] Phat hien chuyen dong cam Menu (So pixel mau: 910)
[2026-07-15 15:30:52] Phat hien chuyen dong cam Menu (So pixel mau: 1913)
[2026-07-15 15:31:00] Da dong archive phut: 1530
[2026-07-15 15:31:00] Mo archive moi: D:\lehuynhthuan\Cam\bida_ai_system\archive\ban1_1531.mp4
[2026-07-15 15:31:00] Da xoa archive cu: ban1_1501.mp4
[2026-07-15 15:31:07] Phat hien chuyen dong cam Menu (So pixel mau: 692)
[2026-07-15 15:31:07] Phat hien chuyen dong cam Menu (So pixel mau: 249)
[2026-07-15 15:31:23] Phat hien chuyen dong cam Menu (So pixel mau: 4131)
[2026-07-15 15:32:00] Da dong archive phut: 1531
[2026-07-15 15:32:00] Mo archive moi: D:\lehuynhthuan\Cam\bida_ai_system\archive\ban1_1532.mp4
[2026-07-15 15:32:00] Da xoa archive cu: ban1_1502.mp4
[2026-07-15 15:33:00] Da dong archive phut: 1532
[2026-07-15 15:33:00] Mo archive moi: D:\lehuynhthuan\Cam\bida_ai_system\archive\ban1_1533.mp4
[2026-07-15 15:33:00] Da xoa archive cu: ban1_1503.mp4
[2026-07-15 15:33:32] Phat hien chuyen dong cam Menu (So pixel mau: 798)
[2026-07-15 15:33:36] Phat hien chuyen dong cam Menu (So pixel mau: 411)
[2026-07-15 15:33:37] Phat hien chuyen dong cam Menu (So pixel mau: 612)
[2026-07-15 15:34:00] Da dong archive phut: 1533
[2026-07-15 15:34:00] Mo archive moi: D:\lehuynhthuan\Cam\bida_ai_system\archive\ban1_1534.mp4
[2026-07-15 15:34:00] Da xoa archive cu: ban1_1504.mp4
[2026-07-15 15:35:00] Da dong archive phut: 1534
[2026-07-15 15:35:00] Mo archive moi: D:\lehuynhthuan\Cam\bida_ai_system\archive\ban1_1535.mp4
[2026-07-15 15:35:00] Da xoa archive cu: ban1_1505.mp4
[2026-07-15 15:36:00] Da dong archive phut: 1535
[2026-07-15 15:36:00] Mo archive moi: D:\lehuynhthuan\Cam\bida_ai_system\archive\ban1_1536.mp4
[2026-07-15 15:36:00] Da xoa archive cu: ban1_1506.mp4
[2026-07-15 15:37:00] Da dong archive phut: 1536
[2026-07-15 15:37:00] Mo archive moi: D:\lehuynhthuan\Cam\bida_ai_system\archive\ban1_1537.mp4
[2026-07-15 15:37:00] Da xoa archive cu: ban1_1507.mp4
[2026-07-15 15:37:05] Phat hien chuyen dong cam Menu (So pixel mau: 5802)
[2026-07-15 15:37:05] Phat hien chuyen dong cam Menu (So pixel mau: 216)
[2026-07-15 15:37:05] Phat hien chuyen dong cam Menu (So pixel mau: 3996)
[2026-07-15 15:37:05] XAC NHAN: KHACH CAM MENU VAY TAY ORDER! (3 lan/4s)
[2026-07-15 15:37:05] Phat hien chuyen dong cam Menu (So pixel mau: 4405)
[2026-07-15 15:37:05] Phat hien chuyen dong cam Menu (So pixel mau: 1210)
[2026-07-15 15:37:05] Phat hien chuyen dong cam Menu (So pixel mau: 774)
[2026-07-15 15:37:05] Phat hien chuyen dong cam Menu (So pixel mau: 734)
[2026-07-15 15:37:06] Phat hien chuyen dong cam Menu (So pixel mau: 1695)
[2026-07-15 15:37:06] Phat hien chuyen dong cam Menu (So pixel mau: 1556)
[2026-07-15 15:37:06] Phat hien chuyen dong cam Menu (So pixel mau: 454)
[2026-07-15 15:37:06] Phat hien chuyen dong cam Menu (So pixel mau: 354)
[2026-07-15 15:37:06] Phat hien chuyen dong cam Menu (So pixel mau: 282)
[2026-07-15 15:37:06] Phat hien chuyen dong cam Menu (So pixel mau: 868)
[2026-07-15 15:37:06] Phat hien chuyen dong cam Menu (So pixel mau: 999)
[2026-07-15 15:37:06] Phat hien chuyen dong cam Menu (So pixel mau: 355)
[2026-07-15 15:37:06] Phat hien chuyen dong cam Menu (So pixel mau: 2616)
[2026-07-15 15:37:06] Phat hien chuyen dong cam Menu (So pixel mau: 5079)
[2026-07-15 15:37:06] Phat hien chuyen dong cam Menu (So pixel mau: 9740)
[2026-07-15 15:37:06] Phat hien chuyen dong cam Menu (So pixel mau: 27509)
[2026-07-15 15:37:06] Phat hien chuyen dong cam Menu (So pixel mau: 8545)
[2026-07-15 15:37:06] Phat hien chuyen dong cam Menu (So pixel mau: 7693)
[2026-07-15 15:37:06] Phat hien chuyen dong cam Menu (So pixel mau: 5053)
[2026-07-15 15:37:06] Phat hien chuyen dong cam Menu (So pixel mau: 23847)
[2026-07-15 15:37:07] Phat hien chuyen dong cam Menu (So pixel mau: 2533)
[2026-07-15 15:37:07] Phat hien chuyen dong cam Menu (So pixel mau: 2551)
[2026-07-15 15:37:07] Phat hien chuyen dong cam Menu (So pixel mau: 566)
[2026-07-15 15:38:00] Da dong archive phut: 1537
[2026-07-15 15:38:00] Mo archive moi: D:\lehuynhthuan\Cam\bida_ai_system\archive\ban1_1538.mp4
[2026-07-15 15:38:00] Da xoa archive cu: ban1_1508.mp4
[2026-07-15 15:39:00] Da dong archive phut: 1538
[2026-07-15 15:39:00] Mo archive moi: D:\lehuynhthuan\Cam\bida_ai_system\archive\ban1_1539.mp4
[2026-07-15 15:39:00] Da xoa archive cu: ban1_1509.mp4
[2026-07-15 15:40:00] Da dong archive phut: 1539
[2026-07-15 15:40:00] Mo archive moi: D:\lehuynhthuan\Cam\bida_ai_system\archive\ban1_1540.mp4
[2026-07-15 15:40:00] Da xoa archive cu: ban1_1510.mp4
[2026-07-15 15:41:00] Da dong archive phut: 1540
[2026-07-15 15:41:00] Mo archive moi: D:\lehuynhthuan\Cam\bida_ai_system\archive\ban1_1541.mp4
[2026-07-15 15:41:00] Da xoa archive cu: ban1_1511.mp4
[2026-07-15 15:41:50] Phat hien chuyen dong cam Menu (So pixel mau: 665)
[2026-07-15 15:42:00] Da dong archive phut: 1541
[2026-07-15 15:42:00] Mo archive moi: D:\lehuynhthuan\Cam\bida_ai_system\archive\ban1_1542.mp4
[2026-07-15 15:42:00] Da xoa archive cu: ban1_1512.mp4
[2026-07-15 15:43:00] Da dong archive phut: 1542
[2026-07-15 15:43:00] Mo archive moi: D:\lehuynhthuan\Cam\bida_ai_system\archive\ban1_1543.mp4
[2026-07-15 15:43:00] Da xoa archive cu: ban1_1513.mp4
[2026-07-15 15:44:00] Da dong archive phut: 1543
[2026-07-15 15:44:00] Mo archive moi: D:\lehuynhthuan\Cam\bida_ai_system\archive\ban1_1544.mp4
[2026-07-15 15:44:00] Da xoa archive cu: ban1_1514.mp4
[2026-07-15 15:45:00] Da dong archive phut: 1544
[2026-07-15 15:45:00] Mo archive moi: D:\lehuynhthuan\Cam\bida_ai_system\archive\ban1_1545.mp4
[2026-07-15 15:45:00] Da xoa archive cu: ban1_1515.mp4
[2026-07-15 15:46:00] Da dong archive phut: 1545
[2026-07-15 15:46:00] Mo archive moi: D:\lehuynhthuan\Cam\bida_ai_system\archive\ban1_1546.mp4
[2026-07-15 15:46:00] Da xoa archive cu: ban1_1516.mp4
[2026-07-15 15:46:22] Phat hien chuyen dong cam Menu (So pixel mau: 678)
[2026-07-15 15:46:22] Phat hien chuyen dong cam Menu (So pixel mau: 3510)
[2026-07-15 15:46:22] Phat hien chuyen dong cam Menu (So pixel mau: 151)
[2026-07-15 15:46:22] XAC NHAN: KHACH CAM MENU VAY TAY ORDER! (3 lan/4s)
[2026-07-15 15:46:22] Phat hien chuyen dong cam Menu (So pixel mau: 8668)
[2026-07-15 15:46:22] Phat hien chuyen dong cam Menu (So pixel mau: 13087)
[2026-07-15 15:46:22] Phat hien chuyen dong cam Menu (So pixel mau: 9281)
[2026-07-15 15:46:22] Phat hien chuyen dong cam Menu (So pixel mau: 7998)
[2026-07-15 15:46:22] Phat hien chuyen dong cam Menu (So pixel mau: 8589)
[2026-07-15 15:46:22] Phat hien chuyen dong cam Menu (So pixel mau: 1066)
[2026-07-15 15:46:23] Phat hien chuyen dong cam Menu (So pixel mau: 2489)
[2026-07-15 15:46:23] Phat hien chuyen dong cam Menu (So pixel mau: 10294)
[2026-07-15 15:46:23] Phat hien chuyen dong cam Menu (So pixel mau: 12296)
[2026-07-15 15:46:23] Phat hien chuyen dong cam Menu (So pixel mau: 11412)
[2026-07-15 15:46:23] Phat hien chuyen dong cam Menu (So pixel mau: 567)
[2026-07-15 15:46:23] Phat hien chuyen dong cam Menu (So pixel mau: 8328)
[2026-07-15 15:46:23] Phat hien chuyen dong cam Menu (So pixel mau: 9769)
[2026-07-15 15:46:23] Phat hien chuyen dong cam Menu (So pixel mau: 1669)
[2026-07-15 15:46:23] Phat hien chuyen dong cam Menu (So pixel mau: 1273)
[2026-07-15 15:46:23] Phat hien chuyen dong cam Menu (So pixel mau: 1104)
[2026-07-15 15:46:23] Phat hien chuyen dong cam Menu (So pixel mau: 446)
[2026-07-15 15:46:23] Phat hien chuyen dong cam Menu (So pixel mau: 267)
[2026-07-15 15:47:00] Da dong archive phut: 1546
[2026-07-15 15:47:00] Mo archive moi: D:\lehuynhthuan\Cam\bida_ai_system\archive\ban1_1547.mp4
[2026-07-15 15:47:00] Da xoa archive cu: ban1_1517.mp4
[2026-07-15 15:48:00] Da dong archive phut: 1547
[2026-07-15 15:48:00] Mo archive moi: D:\lehuynhthuan\Cam\bida_ai_system\archive\ban1_1548.mp4
[2026-07-15 15:48:00] Da xoa archive cu: ban1_1518.mp4
[2026-07-15 15:49:00] Da dong archive phut: 1548
[2026-07-15 15:49:00] Mo archive moi: D:\lehuynhthuan\Cam\bida_ai_system\archive\ban1_1549.mp4
[2026-07-15 15:49:00] Da xoa archive cu: ban1_1519.mp4
[2026-07-15 15:50:00] Da dong archive phut: 1549
[2026-07-15 15:50:00] Mo archive moi: D:\lehuynhthuan\Cam\bida_ai_system\archive\ban1_1550.mp4
[2026-07-15 15:50:00] Da xoa archive cu: ban1_1520.mp4
[2026-07-15 15:50:35] Phat hien chuyen dong cam Menu (So pixel mau: 1742)
[2026-07-15 15:50:35] Phat hien chuyen dong cam Menu (So pixel mau: 1093)
[2026-07-15 15:50:35] Phat hien chuyen dong cam Menu (So pixel mau: 310)
[2026-07-15 15:50:35] XAC NHAN: KHACH CAM MENU VAY TAY ORDER! (3 lan/4s)
[2026-07-15 15:50:35] Phat hien chuyen dong cam Menu (So pixel mau: 171)
[2026-07-15 15:50:35] Phat hien chuyen dong cam Menu (So pixel mau: 183)
[2026-07-15 15:50:35] Phat hien chuyen dong cam Menu (So pixel mau: 477)
[2026-07-15 15:50:36] Phat hien chuyen dong cam Menu (So pixel mau: 2374)
[2026-07-15 15:50:36] Phat hien chuyen dong cam Menu (So pixel mau: 1082)
[2026-07-15 15:50:36] Phat hien chuyen dong cam Menu (So pixel mau: 713)
[2026-07-15 15:50:36] Phat hien chuyen dong cam Menu (So pixel mau: 1981)
[2026-07-15 15:50:36] Phat hien chuyen dong cam Menu (So pixel mau: 5604)
[2026-07-15 15:50:36] Phat hien chuyen dong cam Menu (So pixel mau: 2055)
[2026-07-15 15:50:36] Phat hien chuyen dong cam Menu (So pixel mau: 1058)
[2026-07-15 15:50:36] Phat hien chuyen dong cam Menu (So pixel mau: 1051)
[2026-07-15 15:50:36] Phat hien chuyen dong cam Menu (So pixel mau: 457)
[2026-07-15 15:50:36] Phat hien chuyen dong cam Menu (So pixel mau: 243)
[2026-07-15 15:50:36] Phat hien chuyen dong cam Menu (So pixel mau: 653)
[2026-07-15 15:50:36] Phat hien chuyen dong cam Menu (So pixel mau: 956)
[2026-07-15 15:50:37] Phat hien chuyen dong cam Menu (So pixel mau: 198)
[2026-07-15 15:50:38] Phat hien chuyen dong cam Menu (So pixel mau: 755)
[2026-07-15 15:50:38] Phat hien chuyen dong cam Menu (So pixel mau: 2569)
[2026-07-15 15:50:38] Phat hien chuyen dong cam Menu (So pixel mau: 795)
[2026-07-15 15:50:38] Phat hien chuyen dong cam Menu (So pixel mau: 1275)
[2026-07-15 15:50:38] Phat hien chuyen dong cam Menu (So pixel mau: 4969)
[2026-07-15 15:50:38] Phat hien chuyen dong cam Menu (So pixel mau: 390)
[2026-07-15 15:50:38] Phat hien chuyen dong cam Menu (So pixel mau: 287)
[2026-07-15 15:50:38] Phat hien chuyen dong cam Menu (So pixel mau: 222)
[2026-07-15 15:50:39] Phat hien chuyen dong cam Menu (So pixel mau: 6278)
[2026-07-15 15:50:39] Phat hien chuyen dong cam Menu (So pixel mau: 6519)
[2026-07-15 15:50:39] Phat hien chuyen dong cam Menu (So pixel mau: 7431)
[2026-07-15 15:50:39] Phat hien chuyen dong cam Menu (So pixel mau: 3359)
[2026-07-15 15:50:39] Phat hien chuyen dong cam Menu (So pixel mau: 1784)
[2026-07-15 15:50:39] Phat hien chuyen dong cam Menu (So pixel mau: 2060)
[2026-07-15 15:50:39] Phat hien chuyen dong cam Menu (So pixel mau: 9022)
[2026-07-15 15:50:39] Phat hien chuyen dong cam Menu (So pixel mau: 6350)
[2026-07-15 15:50:39] Phat hien chuyen dong cam Menu (So pixel mau: 7086)
[2026-07-15 15:50:39] Phat hien chuyen dong cam Menu (So pixel mau: 3785)
[2026-07-15 15:50:39] Phat hien chuyen dong cam Menu (So pixel mau: 2348)
[2026-07-15 15:50:39] Phat hien chuyen dong cam Menu (So pixel mau: 1213)
[2026-07-15 15:50:39] Phat hien chuyen dong cam Menu (So pixel mau: 1540)
[2026-07-15 15:50:39] Phat hien chuyen dong cam Menu (So pixel mau: 1909)
[2026-07-15 15:50:39] Phat hien chuyen dong cam Menu (So pixel mau: 1676)
[2026-07-15 15:50:39] Phat hien chuyen dong cam Menu (So pixel mau: 392)
[2026-07-15 15:50:39] Phat hien chuyen dong cam Menu (So pixel mau: 1100)
[2026-07-15 15:50:39] Phat hien chuyen dong cam Menu (So pixel mau: 1153)
[2026-07-15 15:50:39] Phat hien chuyen dong cam Menu (So pixel mau: 2184)
[2026-07-15 15:50:39] Phat hien chuyen dong cam Menu (So pixel mau: 631)
[2026-07-15 15:50:39] Phat hien chuyen dong cam Menu (So pixel mau: 632)
[2026-07-15 15:50:39] Phat hien chuyen dong cam Menu (So pixel mau: 593)
[2026-07-15 15:50:43] Phat hien chuyen dong cam Menu (So pixel mau: 636)
[2026-07-15 15:50:43] Phat hien chuyen dong cam Menu (So pixel mau: 2610)
[2026-07-15 15:50:44] Phat hien chuyen dong cam Menu (So pixel mau: 577)
[2026-07-15 15:50:44] Phat hien chuyen dong cam Menu (So pixel mau: 2140)
[2026-07-15 15:50:44] Phat hien chuyen dong cam Menu (So pixel mau: 1937)
[2026-07-15 15:50:44] Phat hien chuyen dong cam Menu (So pixel mau: 1972)
[2026-07-15 15:50:44] Phat hien chuyen dong cam Menu (So pixel mau: 3080)
[2026-07-15 15:50:44] Phat hien chuyen dong cam Menu (So pixel mau: 1903)
[2026-07-15 15:50:44] Phat hien chuyen dong cam Menu (So pixel mau: 1870)
[2026-07-15 15:50:44] Phat hien chuyen dong cam Menu (So pixel mau: 1772)
[2026-07-15 15:50:44] Phat hien chuyen dong cam Menu (So pixel mau: 2512)
[2026-07-15 15:50:44] Phat hien chuyen dong cam Menu (So pixel mau: 427)
[2026-07-15 15:50:44] Phat hien chuyen dong cam Menu (So pixel mau: 3503)
[2026-07-15 15:50:44] Phat hien chuyen dong cam Menu (So pixel mau: 2934)
[2026-07-15 15:50:44] Phat hien chuyen dong cam Menu (So pixel mau: 2969)
[2026-07-15 15:50:44] Phat hien chuyen dong cam Menu (So pixel mau: 3458)
[2026-07-15 15:50:44] Phat hien chuyen dong cam Menu (So pixel mau: 2335)
[2026-07-15 15:50:44] Phat hien chuyen dong cam Menu (So pixel mau: 1700)
[2026-07-15 15:50:45] Phat hien chuyen dong cam Menu (So pixel mau: 3687)
[2026-07-15 15:50:45] Phat hien chuyen dong cam Menu (So pixel mau: 2823)
[2026-07-15 15:50:45] Phat hien chuyen dong cam Menu (So pixel mau: 5673)
[2026-07-15 15:50:45] Phat hien chuyen dong cam Menu (So pixel mau: 5846)
[2026-07-15 15:50:47] Phat hien chuyen dong cam Menu (So pixel mau: 164)
[2026-07-15 15:50:47] Phat hien chuyen dong cam Menu (So pixel mau: 516)
[2026-07-15 15:50:47] Phat hien chuyen dong cam Menu (So pixel mau: 3071)
[2026-07-15 15:50:47] Phat hien chuyen dong cam Menu (So pixel mau: 2758)
[2026-07-15 15:50:47] Phat hien chuyen dong cam Menu (So pixel mau: 587)
[2026-07-15 15:50:47] Phat hien chuyen dong cam Menu (So pixel mau: 4666)
[2026-07-15 15:50:47] Phat hien chuyen dong cam Menu (So pixel mau: 1816)
[2026-07-15 15:50:47] Phat hien chuyen dong cam Menu (So pixel mau: 442)
[2026-07-15 15:50:47] Phat hien chuyen dong cam Menu (So pixel mau: 1910)
[2026-07-15 15:50:47] Phat hien chuyen dong cam Menu (So pixel mau: 1931)
[2026-07-15 15:50:47] Phat hien chuyen dong cam Menu (So pixel mau: 1870)
[2026-07-15 15:50:47] Phat hien chuyen dong cam Menu (So pixel mau: 1816)
[2026-07-15 15:50:47] Phat hien chuyen dong cam Menu (So pixel mau: 861)
[2026-07-15 15:50:47] Phat hien chuyen dong cam Menu (So pixel mau: 1088)
[2026-07-15 15:50:47] Phat hien chuyen dong cam Menu (So pixel mau: 466)
[2026-07-15 15:50:47] Phat hien chuyen dong cam Menu (So pixel mau: 3454)
[2026-07-15 15:50:47] Phat hien chuyen dong cam Menu (So pixel mau: 1937)
[2026-07-15 15:50:50] Phat hien chuyen dong cam Menu (So pixel mau: 2087)
[2026-07-15 15:50:50] Phat hien chuyen dong cam Menu (So pixel mau: 1215)
[2026-07-15 15:50:50] Phat hien chuyen dong cam Menu (So pixel mau: 2469)
[2026-07-15 15:50:50] Phat hien chuyen dong cam Menu (So pixel mau: 2864)
[2026-07-15 15:50:50] Phat hien chuyen dong cam Menu (So pixel mau: 2060)
[2026-07-15 15:50:50] Phat hien chuyen dong cam Menu (So pixel mau: 974)
[2026-07-15 15:51:00] Da dong archive phut: 1550
[2026-07-15 15:51:00] Mo archive moi: D:\lehuynhthuan\Cam\bida_ai_system\archive\ban1_1551.mp4
[2026-07-15 15:51:00] Da xoa archive cu: ban1_1521.mp4
[2026-07-15 15:51:27] Phat hien chuyen dong cam Menu (So pixel mau: 1050)
[2026-07-15 15:51:27] Phat hien chuyen dong cam Menu (So pixel mau: 767)
[2026-07-15 15:51:27] Phat hien chuyen dong cam Menu (So pixel mau: 1794)
[2026-07-15 15:51:27] XAC NHAN: KHACH CAM MENU VAY TAY ORDER! (3 lan/4s)
[2026-07-15 15:52:00] Da dong archive phut: 1551
[2026-07-15 15:52:00] Mo archive moi: D:\lehuynhthuan\Cam\bida_ai_system\archive\ban1_1552.mp4
[2026-07-15 15:52:00] Da xoa archive cu: ban1_1522.mp4
[2026-07-15 15:53:00] Da dong archive phut: 1552
[2026-07-15 15:53:00] Mo archive moi: D:\lehuynhthuan\Cam\bida_ai_system\archive\ban1_1553.mp4
[2026-07-15 15:53:00] Da xoa archive cu: ban1_1523.mp4
[2026-07-15 15:54:00] Da dong archive phut: 1553
[2026-07-15 15:54:00] Mo archive moi: D:\lehuynhthuan\Cam\bida_ai_system\archive\ban1_1554.mp4
[2026-07-15 15:54:00] Da xoa archive cu: ban1_1524.mp4
[2026-07-15 15:55:00] Da dong archive phut: 1554
[2026-07-15 15:55:00] Mo archive moi: D:\lehuynhthuan\Cam\bida_ai_system\archive\ban1_1555.mp4
[2026-07-15 15:55:00] Da xoa archive cu: ban1_1525.mp4
[2026-07-15 15:56:00] Da dong archive phut: 1555
[2026-07-15 15:56:00] Mo archive moi: D:\lehuynhthuan\Cam\bida_ai_system\archive\ban1_1556.mp4
[2026-07-15 15:56:00] Da xoa archive cu: ban1_1526.mp4
[2026-07-15 15:57:00] Da dong archive phut: 1556
[2026-07-15 15:57:00] Mo archive moi: D:\lehuynhthuan\Cam\bida_ai_system\archive\ban1_1557.mp4
[2026-07-15 15:57:00] Da xoa archive cu: ban1_1527.mp4
[2026-07-15 15:57:35] Phat hien chuyen dong cam Menu (So pixel mau: 351)
[2026-07-15 15:58:00] Da dong archive phut: 1557
[2026-07-15 15:58:00] Mo archive moi: D:\lehuynhthuan\Cam\bida_ai_system\archive\ban1_1558.mp4
[2026-07-15 15:58:00] Da xoa archive cu: ban1_1528.mp4
[2026-07-15 15:59:00] Da dong archive phut: 1558
[2026-07-15 15:59:00] Mo archive moi: D:\lehuynhthuan\Cam\bida_ai_system\archive\ban1_1559.mp4
[2026-07-15 15:59:00] Da xoa archive cu: ban1_1529.mp4
[2026-07-17 08:45:15] --- Bat dau khoi dong AI stream ---
[2026-07-17 08:45:40] Webcam bat thanh cong. Size: 640x480
[2026-07-17 08:45:40] Mo archive moi: D:\lehuynhthuan\Cam\bida_ai_system\archive\ban1_0845.mp4
[2026-07-17 08:45:40] Loi xoa archive cu: [WinError 32] The process cannot access the file because it is being used by another process: 'D:\\lehuynhthuan\\Cam\\bida_ai_system\\archive\\ban1_0845.mp4'
[2026-07-17 08:45:44] CRITICAL CRASH in worker: Error 10061 connecting to localhost:6379. No connection could be made because the target machine actively refused it.
Traceback (most recent call last):
  File "C:\Users\ASUS\AppData\Roaming\Python\Python314\site-packages\redis\connection.py", line 378, in connect
    sock = self.retry.call_with_retry(
        lambda: self._connect(), lambda error: self.disconnect(error)
    )
  File "C:\Users\ASUS\AppData\Roaming\Python\Python314\site-packages\redis\retry.py", line 62, in call_with_retry
    return do()
  File "C:\Users\ASUS\AppData\Roaming\Python\Python314\site-packages\redis\connection.py", line 379, in <lambda>
    lambda: self._connect(), lambda error: self.disconnect(error)
            ~~~~~~~~~~~~~^^
  File "C:\Users\ASUS\AppData\Roaming\Python\Python314\site-packages\redis\connection.py", line 764, in _connect
    raise err
  File "C:\Users\ASUS\AppData\Roaming\Python\Python314\site-packages\redis\connection.py", line 752, in _connect
    sock.connect(socket_address)
    ~~~~~~~~~~~~^^^^^^^^^^^^^^^^
ConnectionRefusedError: [WinError 10061] No connection could be made because the target machine actively refused it

During handling of the above exception, another exception occurred:

Traceback (most recent call last):
  File "D:\lehuynhthuan\Cam\bida_ai_system\ai_workers\stream_processor.py", line 206, in process_camera_stream
    clip_request = redis_client.get(f"clip_request_{table_id}")
  File "C:\Users\ASUS\AppData\Roaming\Python\Python314\site-packages\redis\commands\core.py", line 1822, in get
    return self.execute_command("GET", name, keys=[name])
           ~~~~~~~~~~~~~~~~~~~~^^^^^^^^^^^^^^^^^^^^^^^^^^
  File "C:\Users\ASUS\AppData\Roaming\Python\Python314\site-packages\redis\client.py", line 605, in execute_command
    return self._execute_command(*args, **options)
           ~~~~~~~~~~~~~~~~~~~~~^^^^^^^^^^^^^^^^^^
  File "C:\Users\ASUS\AppData\Roaming\Python\Python314\site-packages\redis\client.py", line 611, in _execute_command
    conn = self.connection or pool.get_connection()
                              ~~~~~~~~~~~~~~~~~~~^^
  File "C:\Users\ASUS\AppData\Roaming\Python\Python314\site-packages\redis\utils.py", line 183, in wrapper
    return func(*args, **kwargs)
  File "C:\Users\ASUS\AppData\Roaming\Python\Python314\site-packages\redis\connection.py", line 1483, in get_connection
    connection.connect()
    ~~~~~~~~~~~~~~~~~~^^
  File "C:\Users\ASUS\AppData\Roaming\Python\Python314\site-packages\redis\connection.py", line 384, in connect
    raise ConnectionError(self._error_message(e))
redis.exceptions.ConnectionError: Error 10061 connecting to localhost:6379. No connection could be made because the target machine actively refused it.

[2026-07-17 08:45:50] --- Bat dau khoi dong AI stream ---
[2026-07-17 08:46:11] Webcam bat thanh cong. Size: 640x480
[2026-07-17 08:46:11] Mo archive moi: D:\lehuynhthuan\Cam\bida_ai_system\archive\ban1_0846.mp4
[2026-07-17 08:46:11] Da xoa archive cu: ban1_0845.mp4
[2026-07-17 08:46:11] Loi xoa archive cu: [WinError 32] The process cannot access the file because it is being used by another process: 'D:\\lehuynhthuan\\Cam\\bida_ai_system\\archive\\ban1_0846.mp4'
[2026-07-17 08:46:15] Phat hien chuyen dong cam Menu (So pixel mau: 410)
[2026-07-17 08:46:15] Phat hien chuyen dong cam Menu (So pixel mau: 320)
[2026-07-17 08:46:15] Phat hien chuyen dong cam Menu (So pixel mau: 221)
[2026-07-17 08:46:15] XAC NHAN: KHACH CAM MENU VAY TAY ORDER! (3 lan/4s)
[2026-07-17 08:46:16] Phat hien chuyen dong cam Menu (So pixel mau: 166)
[2026-07-17 08:46:16] Phat hien chuyen dong cam Menu (So pixel mau: 245)
[2026-07-17 08:46:16] Phat hien chuyen dong cam Menu (So pixel mau: 217)
[2026-07-17 08:46:17] Phat hien chuyen dong cam Menu (So pixel mau: 153)
[2026-07-17 08:46:17] Phat hien chuyen dong cam Menu (So pixel mau: 154)
[2026-07-17 08:46:17] Phat hien chuyen dong cam Menu (So pixel mau: 270)
[2026-07-17 08:46:17] Phat hien chuyen dong cam Menu (So pixel mau: 236)
[2026-07-17 08:46:18] Phat hien chuyen dong cam Menu (So pixel mau: 198)
[2026-07-17 08:46:18] Phat hien chuyen dong cam Menu (So pixel mau: 245)
[2026-07-17 08:46:18] Phat hien chuyen dong cam Menu (So pixel mau: 211)
[2026-07-17 08:46:18] Phat hien chuyen dong cam Menu (So pixel mau: 239)
[2026-07-17 08:46:18] Phat hien chuyen dong cam Menu (So pixel mau: 262)
[2026-07-17 08:46:18] Phat hien chuyen dong cam Menu (So pixel mau: 167)
[2026-07-17 08:46:18] Phat hien chuyen dong cam Menu (So pixel mau: 204)
[2026-07-17 08:46:19] Phat hien chuyen dong cam Menu (So pixel mau: 1044)
[2026-07-17 08:46:19] Phat hien chuyen dong cam Menu (So pixel mau: 989)
[2026-07-17 08:46:19] Phat hien chuyen dong cam Menu (So pixel mau: 745)
[2026-07-17 08:46:19] Phat hien chuyen dong cam Menu (So pixel mau: 755)
[2026-07-17 08:46:19] Phat hien chuyen dong cam Menu (So pixel mau: 330)
[2026-07-17 08:46:19] Phat hien chuyen dong cam Menu (So pixel mau: 283)
[2026-07-17 08:46:19] Phat hien chuyen dong cam Menu (So pixel mau: 180)
[2026-07-17 08:46:20] Phat hien chuyen dong cam Menu (So pixel mau: 169)
[2026-07-17 08:46:20] Phat hien chuyen dong cam Menu (So pixel mau: 231)
[2026-07-17 08:46:20] Phat hien chuyen dong cam Menu (So pixel mau: 190)
[2026-07-17 08:46:20] Phat hien chuyen dong cam Menu (So pixel mau: 307)
[2026-07-17 08:46:20] Phat hien chuyen dong cam Menu (So pixel mau: 329)
[2026-07-17 08:46:20] Phat hien chuyen dong cam Menu (So pixel mau: 156)
[2026-07-17 08:46:20] Phat hien chuyen dong cam Menu (So pixel mau: 472)
[2026-07-17 08:46:20] Phat hien chuyen dong cam Menu (So pixel mau: 1455)
[2026-07-17 08:46:21] Phat hien chuyen dong cam Menu (So pixel mau: 623)
[2026-07-17 08:46:21] Phat hien chuyen dong cam Menu (So pixel mau: 477)
[2026-07-17 08:46:21] Phat hien chuyen dong cam Menu (So pixel mau: 181)
[2026-07-17 08:46:21] Phat hien chuyen dong cam Menu (So pixel mau: 460)
[2026-07-17 08:46:22] Phat hien chuyen dong cam Menu (So pixel mau: 194)
[2026-07-17 08:46:22] Phat hien chuyen dong cam Menu (So pixel mau: 440)
[2026-07-17 08:46:22] Phat hien chuyen dong cam Menu (So pixel mau: 254)
[2026-07-17 08:46:22] Phat hien chuyen dong cam Menu (So pixel mau: 361)
[2026-07-17 08:46:22] Phat hien chuyen dong cam Menu (So pixel mau: 297)
[2026-07-17 08:46:22] Phat hien chuyen dong cam Menu (So pixel mau: 242)
[2026-07-17 08:46:22] Phat hien chuyen dong cam Menu (So pixel mau: 183)
[2026-07-17 08:46:22] Phat hien chuyen dong cam Menu (So pixel mau: 218)
[2026-07-17 08:46:22] Phat hien chuyen dong cam Menu (So pixel mau: 175)
[2026-07-17 08:46:22] Phat hien chuyen dong cam Menu (So pixel mau: 175)
[2026-07-17 08:46:22] Phat hien chuyen dong cam Menu (So pixel mau: 156)
[2026-07-17 08:46:22] Phat hien chuyen dong cam Menu (So pixel mau: 155)
[2026-07-17 08:46:22] Phat hien chuyen dong cam Menu (So pixel mau: 516)
[2026-07-17 08:46:25] Phat hien chuyen dong cam Menu (So pixel mau: 952)
[2026-07-17 08:46:25] Phat hien chuyen dong cam Menu (So pixel mau: 454)
[2026-07-17 08:46:25] Phat hien chuyen dong cam Menu (So pixel mau: 429)
[2026-07-17 08:46:26] Phat hien chuyen dong cam Menu (So pixel mau: 805)
[2026-07-17 08:46:27] Phat hien chuyen dong cam Menu (So pixel mau: 151)
[2026-07-17 08:46:27] Phat hien chuyen dong cam Menu (So pixel mau: 742)
[2026-07-17 08:46:27] Phat hien chuyen dong cam Menu (So pixel mau: 559)
[2026-07-17 08:47:00] Da dong archive phut: 0846
[2026-07-17 08:47:00] Mo archive moi: D:\lehuynhthuan\Cam\bida_ai_system\archive\ban1_0847.mp4
[2026-07-17 08:47:00] Da xoa archive cu: ban1_0846.mp4
[2026-07-17 08:47:00] Loi xoa archive cu: [WinError 32] The process cannot access the file because it is being used by another process: 'D:\\lehuynhthuan\\Cam\\bida_ai_system\\archive\\ban1_0847.mp4'
[2026-07-17 08:47:36] --- Bat dau khoi dong AI stream ---
[2026-07-17 08:47:56] Webcam bat thanh cong. Size: 640x480
[2026-07-17 08:47:56] Mo archive moi: D:\lehuynhthuan\Cam\bida_ai_system\archive\ban1_0847.mp4
[2026-07-17 08:47:56] Loi xoa archive cu: [WinError 32] The process cannot access the file because it is being used by another process: 'D:\\lehuynhthuan\\Cam\\bida_ai_system\\archive\\ban1_0847.mp4'
[2026-07-17 08:48:00] Da dong archive phut: 0847
[2026-07-17 08:48:00] Mo archive moi: D:\lehuynhthuan\Cam\bida_ai_system\archive\ban1_0848.mp4
[2026-07-17 08:48:00] Da xoa archive cu: ban1_0847.mp4
[2026-07-17 08:48:00] Loi xoa archive cu: [WinError 32] The process cannot access the file because it is being used by another process: 'D:\\lehuynhthuan\\Cam\\bida_ai_system\\archive\\ban1_0848.mp4'
[2026-07-17 08:48:00] Phat hien chuyen dong cam Menu (So pixel mau: 197)
[2026-07-17 08:48:26] Phat hien chuyen dong cam Menu (So pixel mau: 191)
[2026-07-17 08:48:26] Phat hien chuyen dong cam Menu (So pixel mau: 289)
[2026-07-17 08:48:26] Phat hien chuyen dong cam Menu (So pixel mau: 553)
[2026-07-17 08:48:26] XAC NHAN: KHACH CAM MENU VAY TAY ORDER! (3 lan/4s)
[2026-07-17 08:48:30] Phat hien chuyen dong cam Menu (So pixel mau: 166)
[2026-07-17 08:48:30] Phat hien chuyen dong cam Menu (So pixel mau: 158)
[2026-07-17 08:48:30] Phat hien chuyen dong cam Menu (So pixel mau: 304)
[2026-07-17 08:48:30] Phat hien chuyen dong cam Menu (So pixel mau: 579)
[2026-07-17 08:48:44] Phat hien chuyen dong cam Menu (So pixel mau: 222)
[2026-07-17 08:49:00] Da dong archive phut: 0848
[2026-07-17 08:49:00] Mo archive moi: D:\lehuynhthuan\Cam\bida_ai_system\archive\ban1_0849.mp4
[2026-07-17 08:49:00] Da xoa archive cu: ban1_0848.mp4
[2026-07-17 08:49:00] Loi xoa archive cu: [WinError 32] The process cannot access the file because it is being used by another process: 'D:\\lehuynhthuan\\Cam\\bida_ai_system\\archive\\ban1_0849.mp4'
[2026-07-17 08:50:00] Da dong archive phut: 0849
[2026-07-17 08:50:00] Mo archive moi: D:\lehuynhthuan\Cam\bida_ai_system\archive\ban1_0850.mp4
[2026-07-17 08:50:00] Da xoa archive cu: ban1_0849.mp4
[2026-07-17 08:50:00] Loi xoa archive cu: [WinError 32] The process cannot access the file because it is being used by another process: 'D:\\lehuynhthuan\\Cam\\bida_ai_system\\archive\\ban1_0850.mp4'
[2026-07-17 08:51:00] Da dong archive phut: 0850
[2026-07-17 08:51:00] Mo archive moi: D:\lehuynhthuan\Cam\bida_ai_system\archive\ban1_0851.mp4
[2026-07-17 08:51:00] Da xoa archive cu: ban1_0850.mp4
[2026-07-17 08:51:00] Loi xoa archive cu: [WinError 32] The process cannot access the file because it is being used by another process: 'D:\\lehuynhthuan\\Cam\\bida_ai_system\\archive\\ban1_0851.mp4'
[2026-07-17 08:51:53] Phat hien chuyen dong cam Menu (So pixel mau: 166)
[2026-07-17 08:52:00] Da dong archive phut: 0851
[2026-07-17 08:52:00] Mo archive moi: D:\lehuynhthuan\Cam\bida_ai_system\archive\ban1_0852.mp4
[2026-07-17 08:52:00] Da xoa archive cu: ban1_0851.mp4
[2026-07-17 08:52:00] Loi xoa archive cu: [WinError 32] The process cannot access the file because it is being used by another process: 'D:\\lehuynhthuan\\Cam\\bida_ai_system\\archive\\ban1_0852.mp4'
[2026-07-17 08:53:00] Da dong archive phut: 0852
[2026-07-17 08:53:00] Mo archive moi: D:\lehuynhthuan\Cam\bida_ai_system\archive\ban1_0853.mp4
[2026-07-17 08:53:00] Da xoa archive cu: ban1_0852.mp4
[2026-07-17 08:53:00] Loi xoa archive cu: [WinError 32] The process cannot access the file because it is being used by another process: 'D:\\lehuynhthuan\\Cam\\bida_ai_system\\archive\\ban1_0853.mp4'
[2026-07-17 08:54:00] Da dong archive phut: 0853
[2026-07-17 08:54:00] Mo archive moi: D:\lehuynhthuan\Cam\bida_ai_system\archive\ban1_0854.mp4
[2026-07-17 08:54:00] Da xoa archive cu: ban1_0853.mp4
[2026-07-17 08:54:00] Loi xoa archive cu: [WinError 32] The process cannot access the file because it is being used by another process: 'D:\\lehuynhthuan\\Cam\\bida_ai_system\\archive\\ban1_0854.mp4'
[2026-07-17 08:55:00] Da dong archive phut: 0854
[2026-07-17 08:55:00] Mo archive moi: D:\lehuynhthuan\Cam\bida_ai_system\archive\ban1_0855.mp4
[2026-07-17 08:55:00] Da xoa archive cu: ban1_0854.mp4
[2026-07-17 08:55:00] Loi xoa archive cu: [WinError 32] The process cannot access the file because it is being used by another process: 'D:\\lehuynhthuan\\Cam\\bida_ai_system\\archive\\ban1_0855.mp4'
[2026-07-17 08:55:17] Phat hien chuyen dong cam Menu (So pixel mau: 249)
[2026-07-17 08:55:17] Phat hien chuyen dong cam Menu (So pixel mau: 401)
[2026-07-17 08:56:00] Da dong archive phut: 0855
[2026-07-17 08:56:00] Mo archive moi: D:\lehuynhthuan\Cam\bida_ai_system\archive\ban1_0856.mp4
[2026-07-17 08:56:00] Da xoa archive cu: ban1_0855.mp4
[2026-07-17 08:56:00] Loi xoa archive cu: [WinError 32] The process cannot access the file because it is being used by another process: 'D:\\lehuynhthuan\\Cam\\bida_ai_system\\archive\\ban1_0856.mp4'
[2026-07-17 08:56:11] Phat hien chuyen dong cam Menu (So pixel mau: 157)
[2026-07-17 08:56:11] Phat hien chuyen dong cam Menu (So pixel mau: 1396)
[2026-07-17 08:56:11] Phat hien chuyen dong cam Menu (So pixel mau: 3888)
[2026-07-17 08:56:11] XAC NHAN: KHACH CAM MENU VAY TAY ORDER! (3 lan/4s)
[2026-07-17 08:56:11] Phat hien chuyen dong cam Menu (So pixel mau: 766)
[2026-07-17 08:56:11] Phat hien chuyen dong cam Menu (So pixel mau: 20369)
[2026-07-17 08:56:11] Phat hien chuyen dong cam Menu (So pixel mau: 25928)
[2026-07-17 08:56:11] Phat hien chuyen dong cam Menu (So pixel mau: 24937)
[2026-07-17 08:56:11] Phat hien chuyen dong cam Menu (So pixel mau: 29595)
[2026-07-17 08:56:11] Phat hien chuyen dong cam Menu (So pixel mau: 20982)
[2026-07-17 08:56:11] Phat hien chuyen dong cam Menu (So pixel mau: 23556)
[2026-07-17 08:56:12] Phat hien chuyen dong cam Menu (So pixel mau: 28285)
[2026-07-17 08:56:12] Phat hien chuyen dong cam Menu (So pixel mau: 16956)
[2026-07-17 08:56:12] Phat hien chuyen dong cam Menu (So pixel mau: 12786)
[2026-07-17 08:56:12] Phat hien chuyen dong cam Menu (So pixel mau: 5779)
[2026-07-17 08:56:12] Phat hien chuyen dong cam Menu (So pixel mau: 2824)
[2026-07-17 08:56:12] Phat hien chuyen dong cam Menu (So pixel mau: 15719)
[2026-07-17 08:56:12] Phat hien chuyen dong cam Menu (So pixel mau: 4574)
[2026-07-17 08:56:12] Phat hien chuyen dong cam Menu (So pixel mau: 3617)
[2026-07-17 08:56:12] Phat hien chuyen dong cam Menu (So pixel mau: 3025)
[2026-07-17 08:56:12] Phat hien chuyen dong cam Menu (So pixel mau: 12411)
[2026-07-17 08:56:12] Phat hien chuyen dong cam Menu (So pixel mau: 4171)
[2026-07-17 08:56:12] Phat hien chuyen dong cam Menu (So pixel mau: 14820)
[2026-07-17 08:56:13] Phat hien chuyen dong cam Menu (So pixel mau: 18570)
[2026-07-17 08:56:13] Phat hien chuyen dong cam Menu (So pixel mau: 16610)
[2026-07-17 08:57:00] Da dong archive phut: 0856
[2026-07-17 08:57:00] Mo archive moi: D:\lehuynhthuan\Cam\bida_ai_system\archive\ban1_0857.mp4
[2026-07-17 08:57:00] Da xoa archive cu: ban1_0856.mp4
[2026-07-17 08:57:00] Loi xoa archive cu: [WinError 32] The process cannot access the file because it is being used by another process: 'D:\\lehuynhthuan\\Cam\\bida_ai_system\\archive\\ban1_0857.mp4'
[2026-07-17 08:58:00] Da dong archive phut: 0857
[2026-07-17 08:58:00] Mo archive moi: D:\lehuynhthuan\Cam\bida_ai_system\archive\ban1_0858.mp4
[2026-07-17 08:58:00] Da xoa archive cu: ban1_0857.mp4
[2026-07-17 08:58:00] Loi xoa archive cu: [WinError 32] The process cannot access the file because it is being used by another process: 'D:\\lehuynhthuan\\Cam\\bida_ai_system\\archive\\ban1_0858.mp4'
[2026-07-17 08:59:00] Da dong archive phut: 0858
[2026-07-17 08:59:00] Mo archive moi: D:\lehuynhthuan\Cam\bida_ai_system\archive\ban1_0859.mp4
[2026-07-17 08:59:00] Da xoa archive cu: ban1_0858.mp4
[2026-07-17 08:59:00] Loi xoa archive cu: [WinError 32] The process cannot access the file because it is being used by another process: 'D:\\lehuynhthuan\\Cam\\bida_ai_system\\archive\\ban1_0859.mp4'
[2026-07-17 09:00:00] Da dong archive phut: 0859
[2026-07-17 09:00:00] Mo archive moi: D:\lehuynhthuan\Cam\bida_ai_system\archive\ban1_0900.mp4
[2026-07-17 09:00:00] Da xoa archive cu: ban1_0859.mp4
[2026-07-17 09:00:00] Loi xoa archive cu: [WinError 32] The process cannot access the file because it is being used by another process: 'D:\\lehuynhthuan\\Cam\\bida_ai_system\\archive\\ban1_0900.mp4'
[2026-07-17 09:01:00] Da dong archive phut: 0900
[2026-07-17 09:01:00] Mo archive moi: D:\lehuynhthuan\Cam\bida_ai_system\archive\ban1_0901.mp4
[2026-07-17 09:01:00] Da xoa archive cu: ban1_0900.mp4
[2026-07-17 09:01:00] Loi xoa archive cu: [WinError 32] The process cannot access the file because it is being used by another process: 'D:\\lehuynhthuan\\Cam\\bida_ai_system\\archive\\ban1_0901.mp4'
[2026-07-17 09:02:00] Da dong archive phut: 0901
[2026-07-17 09:02:00] Mo archive moi: D:\lehuynhthuan\Cam\bida_ai_system\archive\ban1_0902.mp4
[2026-07-17 09:02:00] Da xoa archive cu: ban1_0901.mp4
[2026-07-17 09:02:00] Loi xoa archive cu: [WinError 32] The process cannot access the file because it is being used by another process: 'D:\\lehuynhthuan\\Cam\\bida_ai_system\\archive\\ban1_0902.mp4'
[2026-07-17 09:03:00] Da dong archive phut: 0902
[2026-07-17 09:03:00] Mo archive moi: D:\lehuynhthuan\Cam\bida_ai_system\archive\ban1_0903.mp4
[2026-07-17 09:03:00] Da xoa archive cu: ban1_0902.mp4
[2026-07-17 09:03:00] Loi xoa archive cu: [WinError 32] The process cannot access the file because it is being used by another process: 'D:\\lehuynhthuan\\Cam\\bida_ai_system\\archive\\ban1_0903.mp4'
[2026-07-17 09:03:05] Phat hien chuyen dong cam Menu (So pixel mau: 327)
[2026-07-17 09:03:05] Phat hien chuyen dong cam Menu (So pixel mau: 244)
[2026-07-17 09:03:05] Phat hien chuyen dong cam Menu (So pixel mau: 429)
[2026-07-17 09:03:05] XAC NHAN: KHACH CAM MENU VAY TAY ORDER! (3 lan/4s)
[2026-07-17 09:03:05] Phat hien chuyen dong cam Menu (So pixel mau: 713)
[2026-07-17 09:03:05] Phat hien chuyen dong cam Menu (So pixel mau: 165)
[2026-07-17 09:04:00] Da dong archive phut: 0903
[2026-07-17 09:04:00] Mo archive moi: D:\lehuynhthuan\Cam\bida_ai_system\archive\ban1_0904.mp4
[2026-07-17 09:04:00] Da xoa archive cu: ban1_0903.mp4
[2026-07-17 09:04:00] Loi xoa archive cu: [WinError 32] The process cannot access the file because it is being used by another process: 'D:\\lehuynhthuan\\Cam\\bida_ai_system\\archive\\ban1_0904.mp4'
[2026-07-17 09:05:00] Da dong archive phut: 0904
[2026-07-17 09:05:00] Mo archive moi: D:\lehuynhthuan\Cam\bida_ai_system\archive\ban1_0905.mp4
[2026-07-17 09:05:00] Da xoa archive cu: ban1_0904.mp4
[2026-07-17 09:05:00] Loi xoa archive cu: [WinError 32] The process cannot access the file because it is being used by another process: 'D:\\lehuynhthuan\\Cam\\bida_ai_system\\archive\\ban1_0905.mp4'
[2026-07-17 09:05:00] Phat hien chuyen dong cam Menu (So pixel mau: 1432)
[2026-07-17 09:05:01] Phat hien chuyen dong cam Menu (So pixel mau: 1304)
[2026-07-17 09:05:03] Phat hien chuyen dong cam Menu (So pixel mau: 325)
[2026-07-17 09:05:03] XAC NHAN: KHACH CAM MENU VAY TAY ORDER! (3 lan/4s)
[2026-07-17 09:05:05] Phat hien chuyen dong cam Menu (So pixel mau: 285)
[2026-07-17 09:05:32] Phat hien chuyen dong cam Menu (So pixel mau: 10071)
[2026-07-17 09:05:33] Phat hien chuyen dong cam Menu (So pixel mau: 4674)
[2026-07-17 09:05:33] Phat hien chuyen dong cam Menu (So pixel mau: 2338)
[2026-07-17 09:05:33] XAC NHAN: KHACH CAM MENU VAY TAY ORDER! (3 lan/4s)
[2026-07-17 09:05:34] Phat hien chuyen dong cam Menu (So pixel mau: 578)
[2026-07-17 09:05:34] Phat hien chuyen dong cam Menu (So pixel mau: 3475)
[2026-07-17 09:06:00] Da dong archive phut: 0905
[2026-07-17 09:06:00] Mo archive moi: D:\lehuynhthuan\Cam\bida_ai_system\archive\ban1_0906.mp4
[2026-07-17 09:06:00] Da xoa archive cu: ban1_0905.mp4
[2026-07-17 09:06:00] Loi xoa archive cu: [WinError 32] The process cannot access the file because it is being used by another process: 'D:\\lehuynhthuan\\Cam\\bida_ai_system\\archive\\ban1_0906.mp4'
[2026-07-17 09:06:49] Phat hien chuyen dong cam Menu (So pixel mau: 3533)
[2026-07-17 09:06:49] Phat hien chuyen dong cam Menu (So pixel mau: 327)
[2026-07-17 09:06:49] Phat hien chuyen dong cam Menu (So pixel mau: 3066)
[2026-07-17 09:06:49] XAC NHAN: KHACH CAM MENU VAY TAY ORDER! (3 lan/4s)
[2026-07-17 09:06:49] Phat hien chuyen dong cam Menu (So pixel mau: 2156)
[2026-07-17 09:06:50] Phat hien chuyen dong cam Menu (So pixel mau: 302)
[2026-07-17 09:06:50] Phat hien chuyen dong cam Menu (So pixel mau: 175)
[2026-07-17 09:06:50] Phat hien chuyen dong cam Menu (So pixel mau: 286)
[2026-07-17 09:06:50] Phat hien chuyen dong cam Menu (So pixel mau: 1890)
[2026-07-17 09:06:50] Phat hien chuyen dong cam Menu (So pixel mau: 2935)
[2026-07-17 09:06:50] Phat hien chuyen dong cam Menu (So pixel mau: 4978)
[2026-07-17 09:07:00] Da dong archive phut: 0906
[2026-07-17 09:07:00] Mo archive moi: D:\lehuynhthuan\Cam\bida_ai_system\archive\ban1_0907.mp4
[2026-07-17 09:07:00] Da xoa archive cu: ban1_0906.mp4
[2026-07-17 09:07:00] Loi xoa archive cu: [WinError 32] The process cannot access the file because it is being used by another process: 'D:\\lehuynhthuan\\Cam\\bida_ai_system\\archive\\ban1_0907.mp4'
[2026-07-17 09:07:53] Phat hien chuyen dong cam Menu (So pixel mau: 290)
[2026-07-17 09:07:55] Phat hien chuyen dong cam Menu (So pixel mau: 740)
[2026-07-17 09:08:00] Da dong archive phut: 0907
[2026-07-17 09:08:00] Mo archive moi: D:\lehuynhthuan\Cam\bida_ai_system\archive\ban1_0908.mp4
[2026-07-17 09:08:00] Da xoa archive cu: ban1_0907.mp4
[2026-07-17 09:08:00] Loi xoa archive cu: [WinError 32] The process cannot access the file because it is being used by another process: 'D:\\lehuynhthuan\\Cam\\bida_ai_system\\archive\\ban1_0908.mp4'
[2026-07-17 09:09:00] Da dong archive phut: 0908
[2026-07-17 09:09:00] Mo archive moi: D:\lehuynhthuan\Cam\bida_ai_system\archive\ban1_0909.mp4
[2026-07-17 09:09:00] Da xoa archive cu: ban1_0908.mp4
[2026-07-17 09:09:00] Loi xoa archive cu: [WinError 32] The process cannot access the file because it is being used by another process: 'D:\\lehuynhthuan\\Cam\\bida_ai_system\\archive\\ban1_0909.mp4'
[2026-07-17 09:10:00] Da dong archive phut: 0909
[2026-07-17 09:10:00] Mo archive moi: D:\lehuynhthuan\Cam\bida_ai_system\archive\ban1_0910.mp4
[2026-07-17 09:10:00] Da xoa archive cu: ban1_0909.mp4
[2026-07-17 09:10:00] Loi xoa archive cu: [WinError 32] The process cannot access the file because it is being used by another process: 'D:\\lehuynhthuan\\Cam\\bida_ai_system\\archive\\ban1_0910.mp4'
[2026-07-17 09:10:03] Phat hien chuyen dong cam Menu (So pixel mau: 391)
[2026-07-17 09:10:03] Phat hien chuyen dong cam Menu (So pixel mau: 532)
[2026-07-17 09:10:03] Phat hien chuyen dong cam Menu (So pixel mau: 459)
[2026-07-17 09:10:03] XAC NHAN: KHACH CAM MENU VAY TAY ORDER! (3 lan/4s)
[2026-07-17 09:10:03] Phat hien chuyen dong cam Menu (So pixel mau: 476)
[2026-07-17 09:10:03] Phat hien chuyen dong cam Menu (So pixel mau: 768)
[2026-07-17 09:10:03] Phat hien chuyen dong cam Menu (So pixel mau: 886)
[2026-07-17 09:10:23] Phat hien chuyen dong cam Menu (So pixel mau: 2660)
[2026-07-17 09:11:00] Da dong archive phut: 0910
[2026-07-17 09:11:00] Mo archive moi: D:\lehuynhthuan\Cam\bida_ai_system\archive\ban1_0911.mp4
[2026-07-17 09:11:00] Da xoa archive cu: ban1_0910.mp4
[2026-07-17 09:11:00] Loi xoa archive cu: [WinError 32] The process cannot access the file because it is being used by another process: 'D:\\lehuynhthuan\\Cam\\bida_ai_system\\archive\\ban1_0911.mp4'
[2026-07-17 09:12:00] Da dong archive phut: 0911
[2026-07-17 09:12:00] Mo archive moi: D:\lehuynhthuan\Cam\bida_ai_system\archive\ban1_0912.mp4
[2026-07-17 09:12:00] Da xoa archive cu: ban1_0911.mp4
[2026-07-17 09:12:00] Loi xoa archive cu: [WinError 32] The process cannot access the file because it is being used by another process: 'D:\\lehuynhthuan\\Cam\\bida_ai_system\\archive\\ban1_0912.mp4'
[2026-07-17 09:13:00] Da dong archive phut: 0912
[2026-07-17 09:13:00] Mo archive moi: D:\lehuynhthuan\Cam\bida_ai_system\archive\ban1_0913.mp4
[2026-07-17 09:13:00] Da xoa archive cu: ban1_0912.mp4
[2026-07-17 09:13:00] Loi xoa archive cu: [WinError 32] The process cannot access the file because it is being used by another process: 'D:\\lehuynhthuan\\Cam\\bida_ai_system\\archive\\ban1_0913.mp4'
[2026-07-17 09:13:52] Phat hien chuyen dong cam Menu (So pixel mau: 937)
[2026-07-17 09:13:53] Phat hien chuyen dong cam Menu (So pixel mau: 155)
[2026-07-17 09:13:53] Phat hien chuyen dong cam Menu (So pixel mau: 1425)
[2026-07-17 09:13:53] XAC NHAN: KHACH CAM MENU VAY TAY ORDER! (3 lan/4s)
[2026-07-17 09:13:54] Phat hien chuyen dong cam Menu (So pixel mau: 1985)
[2026-07-17 09:14:00] Da dong archive phut: 0913
[2026-07-17 09:14:00] Mo archive moi: D:\lehuynhthuan\Cam\bida_ai_system\archive\ban1_0914.mp4
[2026-07-17 09:14:00] Da xoa archive cu: ban1_0913.mp4
[2026-07-17 09:14:00] Loi xoa archive cu: [WinError 32] The process cannot access the file because it is being used by another process: 'D:\\lehuynhthuan\\Cam\\bida_ai_system\\archive\\ban1_0914.mp4'
[2026-07-17 09:15:00] Da dong archive phut: 0914
[2026-07-17 09:15:00] Mo archive moi: D:\lehuynhthuan\Cam\bida_ai_system\archive\ban1_0915.mp4
[2026-07-17 09:15:00] Da xoa archive cu: ban1_0914.mp4
[2026-07-17 09:15:00] Loi xoa archive cu: [WinError 32] The process cannot access the file because it is being used by another process: 'D:\\lehuynhthuan\\Cam\\bida_ai_system\\archive\\ban1_0915.mp4'
[2026-07-17 09:16:00] Da dong archive phut: 0915
[2026-07-17 09:16:00] Mo archive moi: D:\lehuynhthuan\Cam\bida_ai_system\archive\ban1_0916.mp4
[2026-07-17 09:16:00] Da xoa archive cu: ban1_0915.mp4
[2026-07-17 09:16:00] Loi xoa archive cu: [WinError 32] The process cannot access the file because it is being used by another process: 'D:\\lehuynhthuan\\Cam\\bida_ai_system\\archive\\ban1_0916.mp4'
[2026-07-17 09:17:00] Da dong archive phut: 0916
[2026-07-17 09:17:00] Mo archive moi: D:\lehuynhthuan\Cam\bida_ai_system\archive\ban1_0917.mp4
[2026-07-17 09:17:00] Da xoa archive cu: ban1_0916.mp4
[2026-07-17 09:17:00] Loi xoa archive cu: [WinError 32] The process cannot access the file because it is being used by another process: 'D:\\lehuynhthuan\\Cam\\bida_ai_system\\archive\\ban1_0917.mp4'
[2026-07-17 09:18:00] Da dong archive phut: 0917
[2026-07-17 09:18:00] Mo archive moi: D:\lehuynhthuan\Cam\bida_ai_system\archive\ban1_0918.mp4
[2026-07-17 09:18:00] Da xoa archive cu: ban1_0917.mp4
[2026-07-17 09:18:00] Loi xoa archive cu: [WinError 32] The process cannot access the file because it is being used by another process: 'D:\\lehuynhthuan\\Cam\\bida_ai_system\\archive\\ban1_0918.mp4'
[2026-07-17 09:18:28] Phat hien chuyen dong cam Menu (So pixel mau: 311)
[2026-07-17 09:18:32] Phat hien chuyen dong cam Menu (So pixel mau: 1973)
[2026-07-17 09:18:32] Phat hien chuyen dong cam Menu (So pixel mau: 2709)
[2026-07-17 09:18:32] XAC NHAN: KHACH CAM MENU VAY TAY ORDER! (3 lan/4s)
[2026-07-17 09:18:32] Phat hien chuyen dong cam Menu (So pixel mau: 4753)
[2026-07-17 09:18:32] Phat hien chuyen dong cam Menu (So pixel mau: 173)
[2026-07-17 09:18:58] Phat hien chuyen dong cam Menu (So pixel mau: 1104)
[2026-07-17 09:18:58] Phat hien chuyen dong cam Menu (So pixel mau: 732)
[2026-07-17 09:18:58] Phat hien chuyen dong cam Menu (So pixel mau: 600)
[2026-07-17 09:18:58] Phat hien chuyen dong cam Menu (So pixel mau: 441)
[2026-07-17 09:18:58] Phat hien chuyen dong cam Menu (So pixel mau: 491)
[2026-07-17 09:18:58] Phat hien chuyen dong cam Menu (So pixel mau: 456)
[2026-07-17 09:18:58] Phat hien chuyen dong cam Menu (So pixel mau: 1649)
[2026-07-17 09:18:58] Phat hien chuyen dong cam Menu (So pixel mau: 448)
[2026-07-17 09:19:00] Da dong archive phut: 0918
[2026-07-17 09:19:00] Mo archive moi: D:\lehuynhthuan\Cam\bida_ai_system\archive\ban1_0919.mp4
[2026-07-17 09:19:00] Da xoa archive cu: ban1_0918.mp4
[2026-07-17 09:19:00] Loi xoa archive cu: [WinError 32] The process cannot access the file because it is being used by another process: 'D:\\lehuynhthuan\\Cam\\bida_ai_system\\archive\\ban1_0919.mp4'
[2026-07-17 09:19:02] XAC NHAN: KHACH CAM MENU VAY TAY ORDER! (8 lan/4s)
[2026-07-17 09:20:00] Da dong archive phut: 0919
[2026-07-17 09:20:00] Mo archive moi: D:\lehuynhthuan\Cam\bida_ai_system\archive\ban1_0920.mp4
[2026-07-17 09:20:00] Da xoa archive cu: ban1_0919.mp4
[2026-07-17 09:20:00] Loi xoa archive cu: [WinError 32] The process cannot access the file because it is being used by another process: 'D:\\lehuynhthuan\\Cam\\bida_ai_system\\archive\\ban1_0920.mp4'
[2026-07-17 09:20:58] Phat hien chuyen dong cam Menu (So pixel mau: 464)
[2026-07-17 09:20:58] Phat hien chuyen dong cam Menu (So pixel mau: 217)
[2026-07-17 09:21:00] Da dong archive phut: 0920
[2026-07-17 09:21:00] Mo archive moi: D:\lehuynhthuan\Cam\bida_ai_system\archive\ban1_0921.mp4
[2026-07-17 09:21:00] Da xoa archive cu: ban1_0920.mp4
[2026-07-17 09:21:00] Loi xoa archive cu: [WinError 32] The process cannot access the file because it is being used by another process: 'D:\\lehuynhthuan\\Cam\\bida_ai_system\\archive\\ban1_0921.mp4'
[2026-07-17 09:21:02] Phat hien chuyen dong cam Menu (So pixel mau: 2520)
[2026-07-17 09:21:02] XAC NHAN: KHACH CAM MENU VAY TAY ORDER! (3 lan/4s)
[2026-07-17 09:21:02] Phat hien chuyen dong cam Menu (So pixel mau: 3628)
[2026-07-17 09:21:02] Phat hien chuyen dong cam Menu (So pixel mau: 4145)
[2026-07-17 09:21:02] Phat hien chuyen dong cam Menu (So pixel mau: 3799)
[2026-07-17 09:21:02] Phat hien chuyen dong cam Menu (So pixel mau: 3646)
[2026-07-17 09:21:02] Phat hien chuyen dong cam Menu (So pixel mau: 3674)
[2026-07-17 09:21:05] Phat hien chuyen dong cam Menu (So pixel mau: 959)
[2026-07-17 09:21:06] Phat hien chuyen dong cam Menu (So pixel mau: 518)
[2026-07-17 09:21:06] Phat hien chuyen dong cam Menu (So pixel mau: 416)
[2026-07-17 09:21:06] Phat hien chuyen dong cam Menu (So pixel mau: 624)
[2026-07-17 09:21:06] Phat hien chuyen dong cam Menu (So pixel mau: 599)
[2026-07-17 09:21:06] Phat hien chuyen dong cam Menu (So pixel mau: 240)
[2026-07-17 09:21:06] Phat hien chuyen dong cam Menu (So pixel mau: 234)
[2026-07-17 09:21:06] Phat hien chuyen dong cam Menu (So pixel mau: 505)
[2026-07-17 09:21:06] Phat hien chuyen dong cam Menu (So pixel mau: 662)
[2026-07-17 09:21:06] Phat hien chuyen dong cam Menu (So pixel mau: 1137)
[2026-07-17 09:21:07] Phat hien chuyen dong cam Menu (So pixel mau: 660)
[2026-07-17 09:21:07] Phat hien chuyen dong cam Menu (So pixel mau: 1532)
[2026-07-17 09:21:07] Phat hien chuyen dong cam Menu (So pixel mau: 1737)
[2026-07-17 09:21:07] Phat hien chuyen dong cam Menu (So pixel mau: 2177)
[2026-07-17 09:21:07] Phat hien chuyen dong cam Menu (So pixel mau: 808)
[2026-07-17 09:21:07] Phat hien chuyen dong cam Menu (So pixel mau: 1673)
[2026-07-17 09:21:07] Phat hien chuyen dong cam Menu (So pixel mau: 1327)
[2026-07-17 09:21:07] Phat hien chuyen dong cam Menu (So pixel mau: 425)
[2026-07-17 09:21:21] Phat hien chuyen dong cam Menu (So pixel mau: 819)
[2026-07-17 09:21:22] Phat hien chuyen dong cam Menu (So pixel mau: 906)
[2026-07-17 09:21:22] Phat hien chuyen dong cam Menu (So pixel mau: 281)
[2026-07-17 09:21:22] Phat hien chuyen dong cam Menu (So pixel mau: 385)
[2026-07-17 09:21:22] Phat hien chuyen dong cam Menu (So pixel mau: 416)
[2026-07-17 09:21:22] Phat hien chuyen dong cam Menu (So pixel mau: 471)
[2026-07-17 09:21:23] Phat hien chuyen dong cam Menu (So pixel mau: 8055)
[2026-07-17 09:22:00] Da dong archive phut: 0921
[2026-07-17 09:22:00] Mo archive moi: D:\lehuynhthuan\Cam\bida_ai_system\archive\ban1_0922.mp4
[2026-07-17 09:22:00] Da xoa archive cu: ban1_0921.mp4
[2026-07-17 09:22:00] Loi xoa archive cu: [WinError 32] The process cannot access the file because it is being used by another process: 'D:\\lehuynhthuan\\Cam\\bida_ai_system\\archive\\ban1_0922.mp4'
[2026-07-17 09:23:00] Da dong archive phut: 0922
[2026-07-17 09:23:00] Mo archive moi: D:\lehuynhthuan\Cam\bida_ai_system\archive\ban1_0923.mp4
[2026-07-17 09:23:00] Da xoa archive cu: ban1_0922.mp4
[2026-07-17 09:23:00] Loi xoa archive cu: [WinError 32] The process cannot access the file because it is being used by another process: 'D:\\lehuynhthuan\\Cam\\bida_ai_system\\archive\\ban1_0923.mp4'
[2026-07-17 09:24:00] Da dong archive phut: 0923
[2026-07-17 09:24:00] Mo archive moi: D:\lehuynhthuan\Cam\bida_ai_system\archive\ban1_0924.mp4
[2026-07-17 09:24:00] Da xoa archive cu: ban1_0923.mp4
[2026-07-17 09:24:00] Loi xoa archive cu: [WinError 32] The process cannot access the file because it is being used by another process: 'D:\\lehuynhthuan\\Cam\\bida_ai_system\\archive\\ban1_0924.mp4'
[2026-07-17 09:25:00] Da dong archive phut: 0924
[2026-07-17 09:25:00] Mo archive moi: D:\lehuynhthuan\Cam\bida_ai_system\archive\ban1_0925.mp4
[2026-07-17 09:25:00] Da xoa archive cu: ban1_0924.mp4
[2026-07-17 09:25:00] Loi xoa archive cu: [WinError 32] The process cannot access the file because it is being used by another process: 'D:\\lehuynhthuan\\Cam\\bida_ai_system\\archive\\ban1_0925.mp4'
[2026-07-17 09:26:00] Da dong archive phut: 0925
[2026-07-17 09:26:00] Mo archive moi: D:\lehuynhthuan\Cam\bida_ai_system\archive\ban1_0926.mp4
[2026-07-17 09:26:00] Da xoa archive cu: ban1_0925.mp4
[2026-07-17 09:26:00] Loi xoa archive cu: [WinError 32] The process cannot access the file because it is being used by another process: 'D:\\lehuynhthuan\\Cam\\bida_ai_system\\archive\\ban1_0926.mp4'
[2026-07-17 09:27:00] Da dong archive phut: 0926
[2026-07-17 09:27:00] Mo archive moi: D:\lehuynhthuan\Cam\bida_ai_system\archive\ban1_0927.mp4
[2026-07-17 09:27:00] Da xoa archive cu: ban1_0926.mp4
[2026-07-17 09:27:00] Loi xoa archive cu: [WinError 32] The process cannot access the file because it is being used by another process: 'D:\\lehuynhthuan\\Cam\\bida_ai_system\\archive\\ban1_0927.mp4'
[2026-07-17 09:28:00] Da dong archive phut: 0927
[2026-07-17 09:28:00] Mo archive moi: D:\lehuynhthuan\Cam\bida_ai_system\archive\ban1_0928.mp4
[2026-07-17 09:28:00] Da xoa archive cu: ban1_0927.mp4
[2026-07-17 09:28:00] Loi xoa archive cu: [WinError 32] The process cannot access the file because it is being used by another process: 'D:\\lehuynhthuan\\Cam\\bida_ai_system\\archive\\ban1_0928.mp4'
[2026-07-17 09:29:00] Da dong archive phut: 0928
[2026-07-17 09:29:00] Mo archive moi: D:\lehuynhthuan\Cam\bida_ai_system\archive\ban1_0929.mp4
[2026-07-17 09:29:00] Da xoa archive cu: ban1_0928.mp4
[2026-07-17 09:29:00] Loi xoa archive cu: [WinError 32] The process cannot access the file because it is being used by another process: 'D:\\lehuynhthuan\\Cam\\bida_ai_system\\archive\\ban1_0929.mp4'
[2026-07-17 09:30:00] Da dong archive phut: 0929
[2026-07-17 09:30:00] Mo archive moi: D:\lehuynhthuan\Cam\bida_ai_system\archive\ban1_0930.mp4
[2026-07-17 09:30:00] Da xoa archive cu: ban1_0929.mp4
[2026-07-17 09:30:00] Loi xoa archive cu: [WinError 32] The process cannot access the file because it is being used by another process: 'D:\\lehuynhthuan\\Cam\\bida_ai_system\\archive\\ban1_0930.mp4'
[2026-07-17 09:30:29] Phat hien chuyen dong cam Menu (So pixel mau: 1935)
[2026-07-17 09:30:29] Phat hien chuyen dong cam Menu (So pixel mau: 400)
[2026-07-17 09:31:00] Da dong archive phut: 0930
[2026-07-17 09:31:00] Mo archive moi: D:\lehuynhthuan\Cam\bida_ai_system\archive\ban1_0931.mp4
[2026-07-17 09:31:00] Da xoa archive cu: ban1_0930.mp4
[2026-07-17 09:31:00] Loi xoa archive cu: [WinError 32] The process cannot access the file because it is being used by another process: 'D:\\lehuynhthuan\\Cam\\bida_ai_system\\archive\\ban1_0931.mp4'
[2026-07-17 09:31:52] Phat hien chuyen dong cam Menu (So pixel mau: 196)
[2026-07-17 09:31:52] Phat hien chuyen dong cam Menu (So pixel mau: 908)
[2026-07-17 09:31:52] Phat hien chuyen dong cam Menu (So pixel mau: 186)
[2026-07-17 09:31:52] XAC NHAN: KHACH CAM MENU VAY TAY ORDER! (3 lan/4s)
[2026-07-17 09:31:52] Phat hien chuyen dong cam Menu (So pixel mau: 4766)
[2026-07-17 09:31:52] Phat hien chuyen dong cam Menu (So pixel mau: 2572)
[2026-07-17 09:31:52] Phat hien chuyen dong cam Menu (So pixel mau: 3038)
[2026-07-17 09:31:52] Phat hien chuyen dong cam Menu (So pixel mau: 6059)
[2026-07-17 09:31:52] Phat hien chuyen dong cam Menu (So pixel mau: 4138)
[2026-07-17 09:31:52] Phat hien chuyen dong cam Menu (So pixel mau: 159)
[2026-07-17 09:31:52] Phat hien chuyen dong cam Menu (So pixel mau: 1874)
[2026-07-17 09:31:52] Phat hien chuyen dong cam Menu (So pixel mau: 7299)
[2026-07-17 09:31:52] Phat hien chuyen dong cam Menu (So pixel mau: 5106)
[2026-07-17 09:31:52] Phat hien chuyen dong cam Menu (So pixel mau: 3910)
[2026-07-17 09:31:53] Phat hien chuyen dong cam Menu (So pixel mau: 561)
[2026-07-17 09:31:53] Phat hien chuyen dong cam Menu (So pixel mau: 625)
[2026-07-17 09:31:53] Phat hien chuyen dong cam Menu (So pixel mau: 266)
[2026-07-17 09:31:53] Phat hien chuyen dong cam Menu (So pixel mau: 1603)
[2026-07-17 09:31:53] Phat hien chuyen dong cam Menu (So pixel mau: 788)
[2026-07-17 09:31:53] Phat hien chuyen dong cam Menu (So pixel mau: 188)
[2026-07-17 09:31:53] Phat hien chuyen dong cam Menu (So pixel mau: 312)
[2026-07-17 09:31:53] Phat hien chuyen dong cam Menu (So pixel mau: 934)
[2026-07-17 09:31:59] Phat hien chuyen dong cam Menu (So pixel mau: 6486)
[2026-07-17 09:31:59] Phat hien chuyen dong cam Menu (So pixel mau: 7172)
[2026-07-17 09:31:59] Phat hien chuyen dong cam Menu (So pixel mau: 5437)
[2026-07-17 09:32:00] Da dong archive phut: 0931
[2026-07-17 09:32:00] Mo archive moi: D:\lehuynhthuan\Cam\bida_ai_system\archive\ban1_0932.mp4
[2026-07-17 09:32:00] Da xoa archive cu: ban1_0931.mp4
[2026-07-17 09:32:00] Loi xoa archive cu: [WinError 32] The process cannot access the file because it is being used by another process: 'D:\\lehuynhthuan\\Cam\\bida_ai_system\\archive\\ban1_0932.mp4'
[2026-07-17 09:33:00] Da dong archive phut: 0932
[2026-07-17 09:33:00] Mo archive moi: D:\lehuynhthuan\Cam\bida_ai_system\archive\ban1_0933.mp4
[2026-07-17 09:33:00] Da xoa archive cu: ban1_0932.mp4
[2026-07-17 09:33:00] Loi xoa archive cu: [WinError 32] The process cannot access the file because it is being used by another process: 'D:\\lehuynhthuan\\Cam\\bida_ai_system\\archive\\ban1_0933.mp4'
[2026-07-17 09:33:39] Phat hien chuyen dong cam Menu (So pixel mau: 206)
[2026-07-17 09:33:39] Phat hien chuyen dong cam Menu (So pixel mau: 442)
[2026-07-17 09:33:39] Phat hien chuyen dong cam Menu (So pixel mau: 1038)
[2026-07-17 09:33:39] XAC NHAN: KHACH CAM MENU VAY TAY ORDER! (3 lan/4s)
[2026-07-17 09:33:39] Phat hien chuyen dong cam Menu (So pixel mau: 810)
[2026-07-17 09:33:39] Phat hien chuyen dong cam Menu (So pixel mau: 518)
[2026-07-17 09:33:39] Phat hien chuyen dong cam Menu (So pixel mau: 442)
[2026-07-17 09:33:39] Phat hien chuyen dong cam Menu (So pixel mau: 228)
[2026-07-17 09:33:39] Phat hien chuyen dong cam Menu (So pixel mau: 260)
[2026-07-17 09:33:45] Phat hien chuyen dong cam Menu (So pixel mau: 10439)
[2026-07-17 09:34:00] Da dong archive phut: 0933
[2026-07-17 09:34:00] Mo archive moi: D:\lehuynhthuan\Cam\bida_ai_system\archive\ban1_0934.mp4
[2026-07-17 09:34:00] Da xoa archive cu: ban1_0933.mp4
[2026-07-17 09:34:00] Loi xoa archive cu: [WinError 32] The process cannot access the file because it is being used by another process: 'D:\\lehuynhthuan\\Cam\\bida_ai_system\\archive\\ban1_0934.mp4'
[2026-07-17 09:34:11] Phat hien chuyen dong cam Menu (So pixel mau: 492)
[2026-07-17 09:34:11] Phat hien chuyen dong cam Menu (So pixel mau: 301)
[2026-07-17 09:34:12] Phat hien chuyen dong cam Menu (So pixel mau: 3875)
[2026-07-17 09:34:12] XAC NHAN: KHACH CAM MENU VAY TAY ORDER! (3 lan/4s)
[2026-07-17 09:34:12] Phat hien chuyen dong cam Menu (So pixel mau: 2581)
[2026-07-17 09:34:12] Phat hien chuyen dong cam Menu (So pixel mau: 3747)
[2026-07-17 09:34:14] Phat hien chuyen dong cam Menu (So pixel mau: 1626)
[2026-07-17 09:34:14] Phat hien chuyen dong cam Menu (So pixel mau: 4689)
[2026-07-17 09:34:14] Phat hien chuyen dong cam Menu (So pixel mau: 4598)
[2026-07-17 09:34:28] Phat hien chuyen dong cam Menu (So pixel mau: 783)
[2026-07-17 09:34:28] Phat hien chuyen dong cam Menu (So pixel mau: 963)
[2026-07-17 09:34:29] Phat hien chuyen dong cam Menu (So pixel mau: 203)
[2026-07-17 09:34:29] Phat hien chuyen dong cam Menu (So pixel mau: 563)
[2026-07-17 09:34:40] Phat hien chuyen dong cam Menu (So pixel mau: 589)
[2026-07-17 09:34:41] Phat hien chuyen dong cam Menu (So pixel mau: 506)
[2026-07-17 09:34:41] Phat hien chuyen dong cam Menu (So pixel mau: 233)
[2026-07-17 09:34:42] XAC NHAN: KHACH CAM MENU VAY TAY ORDER! (3 lan/4s)
[2026-07-17 09:34:42] Phat hien chuyen dong cam Menu (So pixel mau: 3690)
[2026-07-17 09:34:43] Phat hien chuyen dong cam Menu (So pixel mau: 164)
[2026-07-17 09:34:43] Phat hien chuyen dong cam Menu (So pixel mau: 470)
[2026-07-17 09:34:43] Phat hien chuyen dong cam Menu (So pixel mau: 422)
[2026-07-17 09:35:00] Da dong archive phut: 0934
[2026-07-17 09:35:00] Mo archive moi: D:\lehuynhthuan\Cam\bida_ai_system\archive\ban1_0935.mp4
[2026-07-17 09:35:00] Da xoa archive cu: ban1_0934.mp4
[2026-07-17 09:35:00] Loi xoa archive cu: [WinError 32] The process cannot access the file because it is being used by another process: 'D:\\lehuynhthuan\\Cam\\bida_ai_system\\archive\\ban1_0935.mp4'
[2026-07-17 09:35:17] Phat hien chuyen dong cam Menu (So pixel mau: 152)
[2026-07-17 09:35:36] Phat hien chuyen dong cam Menu (So pixel mau: 1703)
[2026-07-17 09:35:36] Phat hien chuyen dong cam Menu (So pixel mau: 1278)
[2026-07-17 09:35:36] Phat hien chuyen dong cam Menu (So pixel mau: 1508)
[2026-07-17 09:35:36] XAC NHAN: KHACH CAM MENU VAY TAY ORDER! (3 lan/4s)
[2026-07-17 09:35:36] Phat hien chuyen dong cam Menu (So pixel mau: 12528)
[2026-07-17 09:35:36] Phat hien chuyen dong cam Menu (So pixel mau: 557)
[2026-07-17 09:36:00] Da dong archive phut: 0935
[2026-07-17 09:36:00] Mo archive moi: D:\lehuynhthuan\Cam\bida_ai_system\archive\ban1_0936.mp4
[2026-07-17 09:36:00] Da xoa archive cu: ban1_0935.mp4
[2026-07-17 09:36:00] Loi xoa archive cu: [WinError 32] The process cannot access the file because it is being used by another process: 'D:\\lehuynhthuan\\Cam\\bida_ai_system\\archive\\ban1_0936.mp4'
[2026-07-17 09:36:02] Phat hien chuyen dong cam Menu (So pixel mau: 493)
[2026-07-17 09:36:02] Phat hien chuyen dong cam Menu (So pixel mau: 323)
[2026-07-17 09:36:02] Phat hien chuyen dong cam Menu (So pixel mau: 635)
[2026-07-17 09:36:06] XAC NHAN: KHACH CAM MENU VAY TAY ORDER! (3 lan/4s)
[2026-07-17 09:36:40] Phat hien chuyen dong cam Menu (So pixel mau: 303)
[2026-07-17 09:36:47] Phat hien chuyen dong cam Menu (So pixel mau: 181)
[2026-07-17 09:36:48] Phat hien chuyen dong cam Menu (So pixel mau: 373)
[2026-07-17 09:36:48] Phat hien chuyen dong cam Menu (So pixel mau: 216)
[2026-07-17 09:36:48] XAC NHAN: KHACH CAM MENU VAY TAY ORDER! (3 lan/4s)
[2026-07-17 09:36:48] Phat hien chuyen dong cam Menu (So pixel mau: 192)
[2026-07-17 09:37:00] Da dong archive phut: 0936
[2026-07-17 09:37:00] Mo archive moi: D:\lehuynhthuan\Cam\bida_ai_system\archive\ban1_0937.mp4
[2026-07-17 09:37:00] Da xoa archive cu: ban1_0936.mp4
[2026-07-17 09:37:00] Loi xoa archive cu: [WinError 32] The process cannot access the file because it is being used by another process: 'D:\\lehuynhthuan\\Cam\\bida_ai_system\\archive\\ban1_0937.mp4'
[2026-07-17 09:37:07] Phat hien chuyen dong cam Menu (So pixel mau: 191)
[2026-07-17 09:37:07] Phat hien chuyen dong cam Menu (So pixel mau: 3261)
[2026-07-17 09:37:07] Phat hien chuyen dong cam Menu (So pixel mau: 2472)
[2026-07-17 09:37:07] Phat hien chuyen dong cam Menu (So pixel mau: 716)
[2026-07-17 09:37:07] Phat hien chuyen dong cam Menu (So pixel mau: 354)
[2026-07-17 09:37:08] Phat hien chuyen dong cam Menu (So pixel mau: 328)
[2026-07-17 09:37:08] Phat hien chuyen dong cam Menu (So pixel mau: 404)
[2026-07-17 09:37:08] Phat hien chuyen dong cam Menu (So pixel mau: 388)
[2026-07-17 09:37:08] Phat hien chuyen dong cam Menu (So pixel mau: 585)
[2026-07-17 09:37:08] Phat hien chuyen dong cam Menu (So pixel mau: 856)
[2026-07-17 09:37:08] Phat hien chuyen dong cam Menu (So pixel mau: 709)
[2026-07-17 09:37:08] Phat hien chuyen dong cam Menu (So pixel mau: 715)
[2026-07-17 09:37:08] Phat hien chuyen dong cam Menu (So pixel mau: 281)
[2026-07-17 09:37:13] Phat hien chuyen dong cam Menu (So pixel mau: 153)
[2026-07-17 09:37:14] Phat hien chuyen dong cam Menu (So pixel mau: 995)
[2026-07-17 09:37:14] Phat hien chuyen dong cam Menu (So pixel mau: 239)
[2026-07-17 09:38:00] Da dong archive phut: 0937
[2026-07-17 09:38:00] Mo archive moi: D:\lehuynhthuan\Cam\bida_ai_system\archive\ban1_0938.mp4
[2026-07-17 09:38:00] Da xoa archive cu: ban1_0937.mp4
[2026-07-17 09:38:00] Loi xoa archive cu: [WinError 32] The process cannot access the file because it is being used by another process: 'D:\\lehuynhthuan\\Cam\\bida_ai_system\\archive\\ban1_0938.mp4'
[2026-07-17 09:38:46] Phat hien chuyen dong cam Menu (So pixel mau: 202)
[2026-07-17 09:38:47] Phat hien chuyen dong cam Menu (So pixel mau: 167)
[2026-07-17 09:38:47] Phat hien chuyen dong cam Menu (So pixel mau: 1223)
[2026-07-17 09:38:47] XAC NHAN: KHACH CAM MENU VAY TAY ORDER! (3 lan/4s)
[2026-07-17 09:38:48] Phat hien chuyen dong cam Menu (So pixel mau: 280)
[2026-07-17 09:38:49] Phat hien chuyen dong cam Menu (So pixel mau: 3644)
[2026-07-17 09:38:49] Phat hien chuyen dong cam Menu (So pixel mau: 6720)
[2026-07-17 09:38:49] Phat hien chuyen dong cam Menu (So pixel mau: 875)
[2026-07-17 09:38:49] Phat hien chuyen dong cam Menu (So pixel mau: 2130)
[2026-07-17 09:38:49] Phat hien chuyen dong cam Menu (So pixel mau: 1690)
[2026-07-17 09:38:49] Phat hien chuyen dong cam Menu (So pixel mau: 2006)
[2026-07-17 09:38:49] Phat hien chuyen dong cam Menu (So pixel mau: 808)
[2026-07-17 09:38:49] Phat hien chuyen dong cam Menu (So pixel mau: 734)
[2026-07-17 09:38:49] Phat hien chuyen dong cam Menu (So pixel mau: 164)
[2026-07-17 09:38:49] Phat hien chuyen dong cam Menu (So pixel mau: 304)
[2026-07-17 09:39:00] Da dong archive phut: 0938
[2026-07-17 09:39:00] Mo archive moi: D:\lehuynhthuan\Cam\bida_ai_system\archive\ban1_0939.mp4
[2026-07-17 09:39:00] Da xoa archive cu: ban1_0938.mp4
[2026-07-17 09:39:00] Loi xoa archive cu: [WinError 32] The process cannot access the file because it is being used by another process: 'D:\\lehuynhthuan\\Cam\\bida_ai_system\\archive\\ban1_0939.mp4'
[2026-07-17 09:40:00] Da dong archive phut: 0939
[2026-07-17 09:40:00] Mo archive moi: D:\lehuynhthuan\Cam\bida_ai_system\archive\ban1_0940.mp4
[2026-07-17 09:40:00] Da xoa archive cu: ban1_0939.mp4
[2026-07-17 09:40:00] Loi xoa archive cu: [WinError 32] The process cannot access the file because it is being used by another process: 'D:\\lehuynhthuan\\Cam\\bida_ai_system\\archive\\ban1_0940.mp4'
[2026-07-17 09:41:00] Da dong archive phut: 0940
[2026-07-17 09:41:00] Mo archive moi: D:\lehuynhthuan\Cam\bida_ai_system\archive\ban1_0941.mp4
[2026-07-17 09:41:00] Da xoa archive cu: ban1_0940.mp4
[2026-07-17 09:41:00] Loi xoa archive cu: [WinError 32] The process cannot access the file because it is being used by another process: 'D:\\lehuynhthuan\\Cam\\bida_ai_system\\archive\\ban1_0941.mp4'
[2026-07-17 09:41:32] Phat hien chuyen dong cam Menu (So pixel mau: 613)
[2026-07-17 09:41:32] Phat hien chuyen dong cam Menu (So pixel mau: 1766)
[2026-07-17 09:41:32] Phat hien chuyen dong cam Menu (So pixel mau: 2187)
[2026-07-17 09:41:32] XAC NHAN: KHACH CAM MENU VAY TAY ORDER! (3 lan/4s)
[2026-07-17 09:41:32] Phat hien chuyen dong cam Menu (So pixel mau: 1697)
[2026-07-17 09:41:32] Phat hien chuyen dong cam Menu (So pixel mau: 1197)
[2026-07-17 09:41:32] Phat hien chuyen dong cam Menu (So pixel mau: 344)
[2026-07-17 09:42:00] Da dong archive phut: 0941
[2026-07-17 09:42:00] Mo archive moi: D:\lehuynhthuan\Cam\bida_ai_system\archive\ban1_0942.mp4
[2026-07-17 09:42:00] Da xoa archive cu: ban1_0941.mp4
[2026-07-17 09:42:00] Loi xoa archive cu: [WinError 32] The process cannot access the file because it is being used by another process: 'D:\\lehuynhthuan\\Cam\\bida_ai_system\\archive\\ban1_0942.mp4'
[2026-07-17 09:42:46] Phat hien chuyen dong cam Menu (So pixel mau: 1448)
[2026-07-17 09:42:55] Phat hien chuyen dong cam Menu (So pixel mau: 833)
[2026-07-17 09:42:55] Phat hien chuyen dong cam Menu (So pixel mau: 376)
[2026-07-17 09:42:55] Phat hien chuyen dong cam Menu (So pixel mau: 390)
[2026-07-17 09:42:55] XAC NHAN: KHACH CAM MENU VAY TAY ORDER! (3 lan/4s)
[2026-07-17 09:43:00] Da dong archive phut: 0942
[2026-07-17 09:43:00] Mo archive moi: D:\lehuynhthuan\Cam\bida_ai_system\archive\ban1_0943.mp4
[2026-07-17 09:43:00] Da xoa archive cu: ban1_0942.mp4
[2026-07-17 09:43:00] Loi xoa archive cu: [WinError 32] The process cannot access the file because it is being used by another process: 'D:\\lehuynhthuan\\Cam\\bida_ai_system\\archive\\ban1_0943.mp4'
[2026-07-17 09:44:00] Da dong archive phut: 0943
[2026-07-17 09:44:00] Mo archive moi: D:\lehuynhthuan\Cam\bida_ai_system\archive\ban1_0944.mp4
[2026-07-17 09:44:00] Da xoa archive cu: ban1_0943.mp4
[2026-07-17 09:44:00] Loi xoa archive cu: [WinError 32] The process cannot access the file because it is being used by another process: 'D:\\lehuynhthuan\\Cam\\bida_ai_system\\archive\\ban1_0944.mp4'
[2026-07-17 09:44:03] Phat hien chuyen dong cam Menu (So pixel mau: 408)
[2026-07-17 09:44:10] Phat hien chuyen dong cam Menu (So pixel mau: 1962)
[2026-07-17 09:44:10] Phat hien chuyen dong cam Menu (So pixel mau: 1726)
[2026-07-17 09:44:10] Phat hien chuyen dong cam Menu (So pixel mau: 1506)
[2026-07-17 09:44:10] XAC NHAN: KHACH CAM MENU VAY TAY ORDER! (3 lan/4s)
[2026-07-17 09:44:10] Phat hien chuyen dong cam Menu (So pixel mau: 1063)
[2026-07-17 09:44:10] Phat hien chuyen dong cam Menu (So pixel mau: 309)
[2026-07-17 09:44:31] Phat hien chuyen dong cam Menu (So pixel mau: 514)
[2026-07-17 09:44:31] Phat hien chuyen dong cam Menu (So pixel mau: 802)
[2026-07-17 09:44:31] Phat hien chuyen dong cam Menu (So pixel mau: 1059)
[2026-07-17 09:44:32] Phat hien chuyen dong cam Menu (So pixel mau: 2163)
[2026-07-17 09:44:32] Phat hien chuyen dong cam Menu (So pixel mau: 2420)
[2026-07-17 09:44:41] Phat hien chuyen dong cam Menu (So pixel mau: 244)
[2026-07-17 09:44:42] Phat hien chuyen dong cam Menu (So pixel mau: 188)
[2026-07-17 09:44:42] Phat hien chuyen dong cam Menu (So pixel mau: 2103)
[2026-07-17 09:44:42] XAC NHAN: KHACH CAM MENU VAY TAY ORDER! (3 lan/4s)
[2026-07-17 09:44:42] Phat hien chuyen dong cam Menu (So pixel mau: 1218)
[2026-07-17 09:45:00] Da dong archive phut: 0944
[2026-07-17 09:45:00] Mo archive moi: D:\lehuynhthuan\Cam\bida_ai_system\archive\ban1_0945.mp4
[2026-07-17 09:45:00] Da xoa archive cu: ban1_0944.mp4
[2026-07-17 09:45:00] Loi xoa archive cu: [WinError 32] The process cannot access the file because it is being used by another process: 'D:\\lehuynhthuan\\Cam\\bida_ai_system\\archive\\ban1_0945.mp4'
[2026-07-17 09:46:00] Da dong archive phut: 0945
[2026-07-17 09:46:00] Mo archive moi: D:\lehuynhthuan\Cam\bida_ai_system\archive\ban1_0946.mp4
[2026-07-17 09:46:00] Da xoa archive cu: ban1_0945.mp4
[2026-07-17 09:46:00] Loi xoa archive cu: [WinError 32] The process cannot access the file because it is being used by another process: 'D:\\lehuynhthuan\\Cam\\bida_ai_system\\archive\\ban1_0946.mp4'
[2026-07-17 09:46:56] Phat hien chuyen dong cam Menu (So pixel mau: 2926)
[2026-07-17 09:46:56] Phat hien chuyen dong cam Menu (So pixel mau: 1563)
[2026-07-17 09:46:56] Phat hien chuyen dong cam Menu (So pixel mau: 3739)
[2026-07-17 09:46:56] XAC NHAN: KHACH CAM MENU VAY TAY ORDER! (3 lan/4s)
[2026-07-17 09:46:56] Phat hien chuyen dong cam Menu (So pixel mau: 2252)
[2026-07-17 09:46:56] Phat hien chuyen dong cam Menu (So pixel mau: 3343)
[2026-07-17 09:46:56] Phat hien chuyen dong cam Menu (So pixel mau: 3382)
[2026-07-17 09:47:00] Da dong archive phut: 0946
[2026-07-17 09:47:00] Mo archive moi: D:\lehuynhthuan\Cam\bida_ai_system\archive\ban1_0947.mp4
[2026-07-17 09:47:00] Da xoa archive cu: ban1_0946.mp4
[2026-07-17 09:47:00] Loi xoa archive cu: [WinError 32] The process cannot access the file because it is being used by another process: 'D:\\lehuynhthuan\\Cam\\bida_ai_system\\archive\\ban1_0947.mp4'
[2026-07-17 09:47:35] Phat hien chuyen dong cam Menu (So pixel mau: 2666)
[2026-07-17 09:47:35] Phat hien chuyen dong cam Menu (So pixel mau: 196)
[2026-07-17 09:48:00] Da dong archive phut: 0947
[2026-07-17 09:48:00] Mo archive moi: D:\lehuynhthuan\Cam\bida_ai_system\archive\ban1_0948.mp4
[2026-07-17 09:48:00] Da xoa archive cu: ban1_0947.mp4
[2026-07-17 09:48:00] Loi xoa archive cu: [WinError 32] The process cannot access the file because it is being used by another process: 'D:\\lehuynhthuan\\Cam\\bida_ai_system\\archive\\ban1_0948.mp4'
[2026-07-17 09:48:21] --- Bat dau khoi dong AI stream ---
[2026-07-17 09:48:27] Phat hien chuyen dong cam Menu (So pixel mau: 241)
[2026-07-17 09:48:51] Loi: Khong the doc tu camera
[2026-07-17 09:48:56] --- Bat dau khoi dong AI stream ---
[2026-07-17 09:49:00] Da dong archive phut: 0948
[2026-07-17 09:49:00] Mo archive moi: D:\lehuynhthuan\Cam\bida_ai_system\archive\ban1_0949.mp4
[2026-07-17 09:49:00] Da xoa archive cu: ban1_0948.mp4
[2026-07-17 09:49:00] Loi xoa archive cu: [WinError 32] The process cannot access the file because it is being used by another process: 'D:\\lehuynhthuan\\Cam\\bida_ai_system\\archive\\ban1_0949.mp4'
[2026-07-17 09:49:18] Phat hien chuyen dong cam Menu (So pixel mau: 289)
[2026-07-17 09:49:19] Loi: Khong the doc tu camera
[2026-07-17 09:49:22] --- Bat dau khoi dong AI stream ---
[2026-07-17 09:49:55] Loi: Khong the doc tu camera
[2026-07-17 09:50:00] Da dong archive phut: 0949
[2026-07-17 09:50:00] Mo archive moi: D:\lehuynhthuan\Cam\bida_ai_system\archive\ban1_0950.mp4
[2026-07-17 09:50:00] Da xoa archive cu: ban1_0949.mp4
[2026-07-17 09:50:00] Loi xoa archive cu: [WinError 32] The process cannot access the file because it is being used by another process: 'D:\\lehuynhthuan\\Cam\\bida_ai_system\\archive\\ban1_0950.mp4'
[2026-07-17 09:50:02] --- Bat dau khoi dong AI stream ---
[2026-07-17 09:50:34] Loi: Khong the doc tu camera
[2026-07-17 09:50:37] --- Bat dau khoi dong AI stream ---
[2026-07-17 09:51:00] Da dong archive phut: 0950
[2026-07-17 09:51:00] Mo archive moi: D:\lehuynhthuan\Cam\bida_ai_system\archive\ban1_0951.mp4
[2026-07-17 09:51:00] Da xoa archive cu: ban1_0950.mp4
[2026-07-17 09:51:00] Loi xoa archive cu: [WinError 32] The process cannot access the file because it is being used by another process: 'D:\\lehuynhthuan\\Cam\\bida_ai_system\\archive\\ban1_0951.mp4'
[2026-07-17 09:51:07] Loi: Khong the doc tu camera
[2026-07-17 09:51:12] --- Bat dau khoi dong AI stream ---
[2026-07-17 09:51:39] Loi: Khong the doc tu camera
[2026-07-17 09:51:41] --- Bat dau khoi dong AI stream ---
[2026-07-17 09:52:00] Da dong archive phut: 0951
[2026-07-17 09:52:00] Mo archive moi: D:\lehuynhthuan\Cam\bida_ai_system\archive\ban1_0952.mp4
[2026-07-17 09:52:00] Da xoa archive cu: ban1_0951.mp4
[2026-07-17 09:52:00] Loi xoa archive cu: [WinError 32] The process cannot access the file because it is being used by another process: 'D:\\lehuynhthuan\\Cam\\bida_ai_system\\archive\\ban1_0952.mp4'
[2026-07-17 09:52:03] Loi: Khong the doc tu camera
[2026-07-17 09:52:07] --- Bat dau khoi dong AI stream ---
[2026-07-17 09:52:28] Loi: Khong the doc tu camera
[2026-07-17 09:52:31] --- Bat dau khoi dong AI stream ---
[2026-07-17 09:52:52] Loi: Khong the doc tu camera
[2026-07-17 09:52:55] Phat hien chuyen dong cam Menu (So pixel mau: 514)
[2026-07-17 09:52:57] --- Bat dau khoi dong AI stream ---
[2026-07-17 09:53:00] Da dong archive phut: 0952
[2026-07-17 09:53:00] Mo archive moi: D:\lehuynhthuan\Cam\bida_ai_system\archive\ban1_0953.mp4
[2026-07-17 09:53:00] Da xoa archive cu: ban1_0952.mp4
[2026-07-17 09:53:00] Loi xoa archive cu: [WinError 32] The process cannot access the file because it is being used by another process: 'D:\\lehuynhthuan\\Cam\\bida_ai_system\\archive\\ban1_0953.mp4'
[2026-07-17 09:53:30] Loi: Khong the doc tu camera
[2026-07-17 09:53:37] --- Bat dau khoi dong AI stream ---
[2026-07-17 09:54:00] Da dong archive phut: 0953
[2026-07-17 09:54:00] Mo archive moi: D:\lehuynhthuan\Cam\bida_ai_system\archive\ban1_0954.mp4
[2026-07-17 09:54:00] Da xoa archive cu: ban1_0953.mp4
[2026-07-17 09:54:00] Loi xoa archive cu: [WinError 32] The process cannot access the file because it is being used by another process: 'D:\\lehuynhthuan\\Cam\\bida_ai_system\\archive\\ban1_0954.mp4'
[2026-07-17 09:54:08] Loi: Khong the doc tu camera
[2026-07-17 09:54:12] --- Bat dau khoi dong AI stream ---
[2026-07-17 09:54:33] Phat hien chuyen dong cam Menu (So pixel mau: 154)
[2026-07-17 09:54:33] Phat hien chuyen dong cam Menu (So pixel mau: 168)
[2026-07-17 09:54:33] Phat hien chuyen dong cam Menu (So pixel mau: 313)
[2026-07-17 09:54:33] XAC NHAN: KHACH CAM MENU VAY TAY ORDER! (3 lan/4s)
[2026-07-17 09:54:44] Loi: Khong the doc tu camera
[2026-07-17 09:54:47] --- Bat dau khoi dong AI stream ---
[2026-07-17 09:55:00] Da dong archive phut: 0954
[2026-07-17 09:55:00] Mo archive moi: D:\lehuynhthuan\Cam\bida_ai_system\archive\ban1_0955.mp4
[2026-07-17 09:55:00] Da xoa archive cu: ban1_0954.mp4
[2026-07-17 09:55:00] Loi xoa archive cu: [WinError 32] The process cannot access the file because it is being used by another process: 'D:\\lehuynhthuan\\Cam\\bida_ai_system\\archive\\ban1_0955.mp4'
[2026-07-17 09:55:12] Loi: Khong the doc tu camera
[2026-07-17 09:55:16] --- Bat dau khoi dong AI stream ---
[2026-07-17 09:55:40] Loi: Khong the doc tu camera
[2026-07-17 09:55:42] --- Bat dau khoi dong AI stream ---
[2026-07-17 09:56:00] Da dong archive phut: 0955
[2026-07-17 09:56:00] Mo archive moi: D:\lehuynhthuan\Cam\bida_ai_system\archive\ban1_0956.mp4
[2026-07-17 09:56:00] Da xoa archive cu: ban1_0955.mp4
[2026-07-17 09:56:00] Loi xoa archive cu: [WinError 32] The process cannot access the file because it is being used by another process: 'D:\\lehuynhthuan\\Cam\\bida_ai_system\\archive\\ban1_0956.mp4'
[2026-07-17 09:56:03] Loi: Khong the doc tu camera
[2026-07-17 09:56:06] --- Bat dau khoi dong AI stream ---
[2026-07-17 09:56:28] Loi: Khong the doc tu camera
[2026-07-17 09:56:31] --- Bat dau khoi dong AI stream ---
[2026-07-17 09:56:53] Loi: Khong the doc tu camera
[2026-07-17 09:56:56] --- Bat dau khoi dong AI stream ---
[2026-07-17 09:57:00] Da dong archive phut: 0956
[2026-07-17 09:57:00] Mo archive moi: D:\lehuynhthuan\Cam\bida_ai_system\archive\ban1_0957.mp4
[2026-07-17 09:57:00] Da xoa archive cu: ban1_0956.mp4
[2026-07-17 09:57:00] Loi xoa archive cu: [WinError 32] The process cannot access the file because it is being used by another process: 'D:\\lehuynhthuan\\Cam\\bida_ai_system\\archive\\ban1_0957.mp4'
[2026-07-17 09:57:17] Loi: Khong the doc tu camera
[2026-07-17 09:57:21] --- Bat dau khoi dong AI stream ---
[2026-07-17 09:57:36] Phat hien chuyen dong cam Menu (So pixel mau: 409)
[2026-07-17 09:57:37] Phat hien chuyen dong cam Menu (So pixel mau: 206)
[2026-07-17 09:57:42] Phat hien chuyen dong cam Menu (So pixel mau: 1004)
[2026-07-17 09:57:42] Phat hien chuyen dong cam Menu (So pixel mau: 812)
[2026-07-17 09:57:42] Phat hien chuyen dong cam Menu (So pixel mau: 559)
[2026-07-17 09:57:42] XAC NHAN: KHACH CAM MENU VAY TAY ORDER! (3 lan/4s)
[2026-07-17 09:57:43] Loi: Khong the doc tu camera
[2026-07-17 09:57:46] --- Bat dau khoi dong AI stream ---
[2026-07-17 09:58:00] Da dong archive phut: 0957
[2026-07-17 09:58:00] Mo archive moi: D:\lehuynhthuan\Cam\bida_ai_system\archive\ban1_0958.mp4
[2026-07-17 09:58:00] Da xoa archive cu: ban1_0957.mp4
[2026-07-17 09:58:00] Loi xoa archive cu: [WinError 32] The process cannot access the file because it is being used by another process: 'D:\\lehuynhthuan\\Cam\\bida_ai_system\\archive\\ban1_0958.mp4'
[2026-07-17 09:58:09] Loi: Khong the doc tu camera
[2026-07-17 09:58:11] --- Bat dau khoi dong AI stream ---
[2026-07-17 09:58:42] Loi: Khong the doc tu camera
[2026-07-17 09:58:47] --- Bat dau khoi dong AI stream ---
[2026-07-17 09:59:00] Da dong archive phut: 0958
[2026-07-17 09:59:00] Mo archive moi: D:\lehuynhthuan\Cam\bida_ai_system\archive\ban1_0959.mp4
[2026-07-17 09:59:00] Da xoa archive cu: ban1_0958.mp4
[2026-07-17 09:59:00] Loi xoa archive cu: [WinError 32] The process cannot access the file because it is being used by another process: 'D:\\lehuynhthuan\\Cam\\bida_ai_system\\archive\\ban1_0959.mp4'
[2026-07-17 09:59:22] Loi: Khong the doc tu camera
[2026-07-17 09:59:27] --- Bat dau khoi dong AI stream ---
[2026-07-17 09:59:42] Phat hien chuyen dong cam Menu (So pixel mau: 580)
[2026-07-17 09:59:56] Loi: Khong the doc tu camera
[2026-07-17 10:00:00] Da dong archive phut: 0959
[2026-07-17 10:00:00] Mo archive moi: D:\lehuynhthuan\Cam\bida_ai_system\archive\ban1_1000.mp4
[2026-07-17 10:00:00] Da xoa archive cu: ban1_0959.mp4
[2026-07-17 10:00:00] Loi xoa archive cu: [WinError 32] The process cannot access the file because it is being used by another process: 'D:\\lehuynhthuan\\Cam\\bida_ai_system\\archive\\ban1_1000.mp4'
[2026-07-17 10:00:02] --- Bat dau khoi dong AI stream ---
[2026-07-17 10:00:32] Phat hien chuyen dong cam Menu (So pixel mau: 181)
[2026-07-17 10:00:33] Loi: Khong the doc tu camera
[2026-07-17 10:00:34] Phat hien chuyen dong cam Menu (So pixel mau: 160)
[2026-07-17 10:00:37] --- Bat dau khoi dong AI stream ---
[2026-07-17 10:01:00] Da dong archive phut: 1000
[2026-07-17 10:01:00] Mo archive moi: D:\lehuynhthuan\Cam\bida_ai_system\archive\ban1_1001.mp4
[2026-07-17 10:01:00] Da xoa archive cu: ban1_1000.mp4
[2026-07-17 10:01:00] Loi xoa archive cu: [WinError 32] The process cannot access the file because it is being used by another process: 'D:\\lehuynhthuan\\Cam\\bida_ai_system\\archive\\ban1_1001.mp4'
[2026-07-17 10:01:09] Loi: Khong the doc tu camera
[2026-07-17 10:01:11] --- Bat dau khoi dong AI stream ---
[2026-07-17 10:01:33] Loi: Khong the doc tu camera
[2026-07-17 10:01:36] --- Bat dau khoi dong AI stream ---
[2026-07-17 10:01:58] Loi: Khong the doc tu camera
[2026-07-17 10:02:00] Da dong archive phut: 1001
[2026-07-17 10:02:00] Mo archive moi: D:\lehuynhthuan\Cam\bida_ai_system\archive\ban1_1002.mp4
[2026-07-17 10:02:00] Da xoa archive cu: ban1_1001.mp4
[2026-07-17 10:02:00] Loi xoa archive cu: [WinError 32] The process cannot access the file because it is being used by another process: 'D:\\lehuynhthuan\\Cam\\bida_ai_system\\archive\\ban1_1002.mp4'
[2026-07-17 10:02:01] Phat hien chuyen dong cam Menu (So pixel mau: 310)
[2026-07-17 10:02:01] --- Bat dau khoi dong AI stream ---
[2026-07-17 10:02:24] Loi: Khong the doc tu camera
[2026-07-17 10:02:27] --- Bat dau khoi dong AI stream ---
[2026-07-17 10:02:34] Phat hien chuyen dong cam Menu (So pixel mau: 387)
[2026-07-17 10:02:35] Phat hien chuyen dong cam Menu (So pixel mau: 363)
[2026-07-17 10:02:36] Phat hien chuyen dong cam Menu (So pixel mau: 316)
[2026-07-17 10:02:36] XAC NHAN: KHACH CAM MENU VAY TAY ORDER! (3 lan/4s)
[2026-07-17 10:02:36] Phat hien chuyen dong cam Menu (So pixel mau: 1461)
[2026-07-17 10:02:36] Phat hien chuyen dong cam Menu (So pixel mau: 332)
[2026-07-17 10:02:38] Phat hien chuyen dong cam Menu (So pixel mau: 280)
[2026-07-17 10:02:38] Phat hien chuyen dong cam Menu (So pixel mau: 259)
[2026-07-17 10:02:38] Phat hien chuyen dong cam Menu (So pixel mau: 233)
[2026-07-17 10:02:39] Phat hien chuyen dong cam Menu (So pixel mau: 893)
[2026-07-17 10:02:40] Phat hien chuyen dong cam Menu (So pixel mau: 907)
[2026-07-17 10:03:00] Da dong archive phut: 1002
[2026-07-17 10:03:00] Mo archive moi: D:\lehuynhthuan\Cam\bida_ai_system\archive\ban1_1003.mp4
[2026-07-17 10:03:00] Da xoa archive cu: ban1_1002.mp4
[2026-07-17 10:03:00] Loi xoa archive cu: [WinError 32] The process cannot access the file because it is being used by another process: 'D:\\lehuynhthuan\\Cam\\bida_ai_system\\archive\\ban1_1003.mp4'
[2026-07-17 10:03:03] Loi: Khong the doc tu camera
[2026-07-17 10:03:08] --- Bat dau khoi dong AI stream ---
[2026-07-17 10:03:34] Loi: Khong the doc tu camera
[2026-07-17 10:03:37] --- Bat dau khoi dong AI stream ---
[2026-07-17 10:04:00] Da dong archive phut: 1003
[2026-07-17 10:04:00] Mo archive moi: D:\lehuynhthuan\Cam\bida_ai_system\archive\ban1_1004.mp4
[2026-07-17 10:04:00] Da xoa archive cu: ban1_1003.mp4
[2026-07-17 10:04:00] Loi xoa archive cu: [WinError 32] The process cannot access the file because it is being used by another process: 'D:\\lehuynhthuan\\Cam\\bida_ai_system\\archive\\ban1_1004.mp4'
[2026-07-17 10:04:08] Loi: Khong the doc tu camera
[2026-07-17 10:04:12] --- Bat dau khoi dong AI stream ---
[2026-07-17 10:04:41] Loi: Khong the doc tu camera
[2026-07-17 10:04:47] --- Bat dau khoi dong AI stream ---
[2026-07-17 10:05:00] Da dong archive phut: 1004
[2026-07-17 10:05:00] Mo archive moi: D:\lehuynhthuan\Cam\bida_ai_system\archive\ban1_1005.mp4
[2026-07-17 10:05:00] Da xoa archive cu: ban1_1004.mp4
[2026-07-17 10:05:00] Loi xoa archive cu: [WinError 32] The process cannot access the file because it is being used by another process: 'D:\\lehuynhthuan\\Cam\\bida_ai_system\\archive\\ban1_1005.mp4'
[2026-07-17 10:05:12] Loi: Khong the doc tu camera
[2026-07-17 10:05:17] --- Bat dau khoi dong AI stream ---
[2026-07-17 10:05:38] Loi: Khong the doc tu camera
[2026-07-17 10:05:42] --- Bat dau khoi dong AI stream ---
[2026-07-17 10:06:00] Da dong archive phut: 1005
[2026-07-17 10:06:00] Mo archive moi: D:\lehuynhthuan\Cam\bida_ai_system\archive\ban1_1006.mp4
[2026-07-17 10:06:00] Da xoa archive cu: ban1_1005.mp4
[2026-07-17 10:06:00] Loi xoa archive cu: [WinError 32] The process cannot access the file because it is being used by another process: 'D:\\lehuynhthuan\\Cam\\bida_ai_system\\archive\\ban1_1006.mp4'
[2026-07-17 10:06:04] Loi: Khong the doc tu camera
[2026-07-17 10:06:05] Phat hien chuyen dong cam Menu (So pixel mau: 3288)
[2026-07-17 10:06:05] Phat hien chuyen dong cam Menu (So pixel mau: 2388)
[2026-07-17 10:06:05] Phat hien chuyen dong cam Menu (So pixel mau: 557)
[2026-07-17 10:06:05] XAC NHAN: KHACH CAM MENU VAY TAY ORDER! (3 lan/4s)
[2026-07-17 10:06:05] Phat hien chuyen dong cam Menu (So pixel mau: 2100)
[2026-07-17 10:06:05] Phat hien chuyen dong cam Menu (So pixel mau: 3040)
[2026-07-17 10:06:06] Phat hien chuyen dong cam Menu (So pixel mau: 1991)
[2026-07-17 10:06:06] Phat hien chuyen dong cam Menu (So pixel mau: 1383)
[2026-07-17 10:06:06] Phat hien chuyen dong cam Menu (So pixel mau: 345)
[2026-07-17 10:06:06] Phat hien chuyen dong cam Menu (So pixel mau: 1541)
[2026-07-17 10:06:06] Phat hien chuyen dong cam Menu (So pixel mau: 2194)
[2026-07-17 10:06:06] Phat hien chuyen dong cam Menu (So pixel mau: 1559)
[2026-07-17 10:06:07] --- Bat dau khoi dong AI stream ---
[2026-07-17 10:06:25] Phat hien chuyen dong cam Menu (So pixel mau: 494)
[2026-07-17 10:06:37] Loi: Khong the doc tu camera
[2026-07-17 10:06:42] --- Bat dau khoi dong AI stream ---
[2026-07-17 10:07:00] Da dong archive phut: 1006
[2026-07-17 10:07:00] Mo archive moi: D:\lehuynhthuan\Cam\bida_ai_system\archive\ban1_1007.mp4
[2026-07-17 10:07:00] Da xoa archive cu: ban1_1006.mp4
[2026-07-17 10:07:00] Loi xoa archive cu: [WinError 32] The process cannot access the file because it is being used by another process: 'D:\\lehuynhthuan\\Cam\\bida_ai_system\\archive\\ban1_1007.mp4'
[2026-07-17 10:07:06] Loi: Khong the doc tu camera
[2026-07-17 10:07:12] --- Bat dau khoi dong AI stream ---
[2026-07-17 10:07:33] Loi: Khong the doc tu camera
[2026-07-17 10:07:37] --- Bat dau khoi dong AI stream ---
[2026-07-17 10:08:00] Da dong archive phut: 1007
[2026-07-17 10:08:00] Mo archive moi: D:\lehuynhthuan\Cam\bida_ai_system\archive\ban1_1008.mp4
[2026-07-17 10:08:00] Da xoa archive cu: ban1_1007.mp4
[2026-07-17 10:08:00] Loi xoa archive cu: [WinError 32] The process cannot access the file because it is being used by another process: 'D:\\lehuynhthuan\\Cam\\bida_ai_system\\archive\\ban1_1008.mp4'
[2026-07-17 10:08:06] Loi: Khong the doc tu camera
[2026-07-17 10:08:12] --- Bat dau khoi dong AI stream ---
[2026-07-17 10:08:47] Loi: Khong the doc tu camera
[2026-07-17 10:08:48] Phat hien chuyen dong cam Menu (So pixel mau: 152)
[2026-07-17 10:08:48] Phat hien chuyen dong cam Menu (So pixel mau: 191)
[2026-07-17 10:08:49] Phat hien chuyen dong cam Menu (So pixel mau: 782)
[2026-07-17 10:08:49] XAC NHAN: KHACH CAM MENU VAY TAY ORDER! (3 lan/4s)
[2026-07-17 10:08:50] Phat hien chuyen dong cam Menu (So pixel mau: 884)
[2026-07-17 10:08:52] --- Bat dau khoi dong AI stream ---
[2026-07-17 10:08:54] Phat hien chuyen dong cam Menu (So pixel mau: 306)
[2026-07-17 10:08:54] Phat hien chuyen dong cam Menu (So pixel mau: 583)
[2026-07-17 10:08:54] Phat hien chuyen dong cam Menu (So pixel mau: 885)
[2026-07-17 10:08:54] Phat hien chuyen dong cam Menu (So pixel mau: 1067)
[2026-07-17 10:08:54] Phat hien chuyen dong cam Menu (So pixel mau: 553)
[2026-07-17 10:08:54] Phat hien chuyen dong cam Menu (So pixel mau: 590)
[2026-07-17 10:08:54] Phat hien chuyen dong cam Menu (So pixel mau: 537)
[2026-07-17 10:08:55] Phat hien chuyen dong cam Menu (So pixel mau: 1338)
[2026-07-17 10:08:55] Phat hien chuyen dong cam Menu (So pixel mau: 989)
[2026-07-17 10:08:55] Phat hien chuyen dong cam Menu (So pixel mau: 1159)
[2026-07-17 10:08:55] Phat hien chuyen dong cam Menu (So pixel mau: 786)
[2026-07-17 10:08:55] Phat hien chuyen dong cam Menu (So pixel mau: 1417)
[2026-07-17 10:09:00] Da dong archive phut: 1008
[2026-07-17 10:09:00] Mo archive moi: D:\lehuynhthuan\Cam\bida_ai_system\archive\ban1_1009.mp4
[2026-07-17 10:09:00] Da xoa archive cu: ban1_1008.mp4
[2026-07-17 10:09:00] Loi xoa archive cu: [WinError 32] The process cannot access the file because it is being used by another process: 'D:\\lehuynhthuan\\Cam\\bida_ai_system\\archive\\ban1_1009.mp4'
[2026-07-17 10:09:03] Phat hien chuyen dong cam Menu (So pixel mau: 1912)
[2026-07-17 10:09:04] Phat hien chuyen dong cam Menu (So pixel mau: 569)
[2026-07-17 10:09:04] Phat hien chuyen dong cam Menu (So pixel mau: 435)
[2026-07-17 10:09:04] Phat hien chuyen dong cam Menu (So pixel mau: 429)
[2026-07-17 10:09:04] Phat hien chuyen dong cam Menu (So pixel mau: 526)
[2026-07-17 10:09:04] Phat hien chuyen dong cam Menu (So pixel mau: 1882)
[2026-07-17 10:09:04] Phat hien chuyen dong cam Menu (So pixel mau: 210)
[2026-07-17 10:09:04] Phat hien chuyen dong cam Menu (So pixel mau: 160)
[2026-07-17 10:09:04] Phat hien chuyen dong cam Menu (So pixel mau: 2202)
[2026-07-17 10:09:04] Phat hien chuyen dong cam Menu (So pixel mau: 2237)
[2026-07-17 10:09:04] Phat hien chuyen dong cam Menu (So pixel mau: 1360)
[2026-07-17 10:09:05] Phat hien chuyen dong cam Menu (So pixel mau: 2146)
[2026-07-17 10:09:05] Phat hien chuyen dong cam Menu (So pixel mau: 413)
[2026-07-17 10:09:05] Phat hien chuyen dong cam Menu (So pixel mau: 175)
[2026-07-17 10:09:05] Phat hien chuyen dong cam Menu (So pixel mau: 168)
[2026-07-17 10:09:06] Phat hien chuyen dong cam Menu (So pixel mau: 175)
[2026-07-17 10:09:06] Phat hien chuyen dong cam Menu (So pixel mau: 186)
[2026-07-17 10:09:07] Phat hien chuyen dong cam Menu (So pixel mau: 372)
[2026-07-17 10:09:07] Phat hien chuyen dong cam Menu (So pixel mau: 1454)
[2026-07-17 10:09:07] Phat hien chuyen dong cam Menu (So pixel mau: 3042)
[2026-07-17 10:09:07] Phat hien chuyen dong cam Menu (So pixel mau: 1028)
[2026-07-17 10:09:07] Phat hien chuyen dong cam Menu (So pixel mau: 2491)
[2026-07-17 10:09:07] Phat hien chuyen dong cam Menu (So pixel mau: 2872)
[2026-07-17 10:09:07] Phat hien chuyen dong cam Menu (So pixel mau: 1592)
[2026-07-17 10:09:07] Phat hien chuyen dong cam Menu (So pixel mau: 498)
[2026-07-17 10:09:07] Phat hien chuyen dong cam Menu (So pixel mau: 926)
[2026-07-17 10:09:23] Phat hien chuyen dong cam Menu (So pixel mau: 154)
[2026-07-17 10:09:32] Loi: Khong the doc tu camera
[2026-07-17 10:09:37] --- Bat dau khoi dong AI stream ---
[2026-07-17 10:10:00] Da dong archive phut: 1009
[2026-07-17 10:10:00] Mo archive moi: D:\lehuynhthuan\Cam\bida_ai_system\archive\ban1_1010.mp4
[2026-07-17 10:10:00] Da xoa archive cu: ban1_1009.mp4
[2026-07-17 10:10:00] Loi xoa archive cu: [WinError 32] The process cannot access the file because it is being used by another process: 'D:\\lehuynhthuan\\Cam\\bida_ai_system\\archive\\ban1_1010.mp4'
[2026-07-17 10:10:00] Loi: Khong the doc tu camera
[2026-07-17 10:10:02] --- Bat dau khoi dong AI stream ---
[2026-07-17 10:10:02] Phat hien chuyen dong cam Menu (So pixel mau: 219)
[2026-07-17 10:10:17] Phat hien chuyen dong cam Menu (So pixel mau: 214)
[2026-07-17 10:10:22] Loi: Khong the doc tu camera
[2026-07-17 10:10:27] --- Bat dau khoi dong AI stream ---
[2026-07-17 10:10:36] Phat hien chuyen dong cam Menu (So pixel mau: 263)
[2026-07-17 10:10:46] Loi: Khong the doc tu camera
[2026-07-17 10:10:47] --- Bat dau khoi dong AI stream ---
[2026-07-17 10:10:56] Phat hien chuyen dong cam Menu (So pixel mau: 1334)
[2026-07-17 10:11:00] Da dong archive phut: 1010
[2026-07-17 10:11:00] Mo archive moi: D:\lehuynhthuan\Cam\bida_ai_system\archive\ban1_1011.mp4
[2026-07-17 10:11:00] Da xoa archive cu: ban1_1010.mp4
[2026-07-17 10:11:00] Loi xoa archive cu: [WinError 32] The process cannot access the file because it is being used by another process: 'D:\\lehuynhthuan\\Cam\\bida_ai_system\\archive\\ban1_1011.mp4'
[2026-07-17 10:11:09] Loi: Khong the doc tu camera
[2026-07-17 10:11:12] --- Bat dau khoi dong AI stream ---
[2026-07-17 10:11:39] Loi: Khong the doc tu camera
[2026-07-17 10:11:42] --- Bat dau khoi dong AI stream ---
[2026-07-17 10:12:00] Da dong archive phut: 1011
[2026-07-17 10:12:00] Mo archive moi: D:\lehuynhthuan\Cam\bida_ai_system\archive\ban1_1012.mp4
[2026-07-17 10:12:00] Da xoa archive cu: ban1_1011.mp4
[2026-07-17 10:12:00] Loi xoa archive cu: [WinError 32] The process cannot access the file because it is being used by another process: 'D:\\lehuynhthuan\\Cam\\bida_ai_system\\archive\\ban1_1012.mp4'
[2026-07-17 10:12:06] Loi: Khong the doc tu camera
[2026-07-17 10:12:12] --- Bat dau khoi dong AI stream ---
[2026-07-17 10:12:36] Loi: Khong the doc tu camera
[2026-07-17 10:12:42] --- Bat dau khoi dong AI stream ---
[2026-07-17 10:13:00] Da dong archive phut: 1012
[2026-07-17 10:13:00] Mo archive moi: D:\lehuynhthuan\Cam\bida_ai_system\archive\ban1_1013.mp4
[2026-07-17 10:13:00] Da xoa archive cu: ban1_1012.mp4
[2026-07-17 10:13:00] Loi xoa archive cu: [WinError 32] The process cannot access the file because it is being used by another process: 'D:\\lehuynhthuan\\Cam\\bida_ai_system\\archive\\ban1_1013.mp4'
[2026-07-17 10:13:11] Loi: Khong the doc tu camera
[2026-07-17 10:13:12] --- Bat dau khoi dong AI stream ---
[2026-07-17 10:13:32] Phat hien chuyen dong cam Menu (So pixel mau: 181)
[2026-07-17 10:13:37] Loi: Khong the doc tu camera
[2026-07-17 10:13:42] --- Bat dau khoi dong AI stream ---
[2026-07-17 10:13:46] Phat hien chuyen dong cam Menu (So pixel mau: 397)
[2026-07-17 10:14:00] Da dong archive phut: 1013
[2026-07-17 10:14:00] Mo archive moi: D:\lehuynhthuan\Cam\bida_ai_system\archive\ban1_1014.mp4
[2026-07-17 10:14:00] Da xoa archive cu: ban1_1013.mp4
[2026-07-17 10:14:00] Loi xoa archive cu: [WinError 32] The process cannot access the file because it is being used by another process: 'D:\\lehuynhthuan\\Cam\\bida_ai_system\\archive\\ban1_1014.mp4'
[2026-07-17 10:14:03] Loi: Khong the doc tu camera
[2026-07-17 10:14:07] --- Bat dau khoi dong AI stream ---
[2026-07-17 10:14:14] Phat hien chuyen dong cam Menu (So pixel mau: 2906)
[2026-07-17 10:14:32] Loi: Khong the doc tu camera
[2026-07-17 10:14:37] --- Bat dau khoi dong AI stream ---
[2026-07-17 10:15:00] Da dong archive phut: 1014
[2026-07-17 10:15:00] Mo archive moi: D:\lehuynhthuan\Cam\bida_ai_system\archive\ban1_1015.mp4
[2026-07-17 10:15:00] Da xoa archive cu: ban1_1014.mp4
[2026-07-17 10:15:00] Loi xoa archive cu: [WinError 32] The process cannot access the file because it is being used by another process: 'D:\\lehuynhthuan\\Cam\\bida_ai_system\\archive\\ban1_1015.mp4'
[2026-07-17 10:15:01] Loi: Khong the doc tu camera
[2026-07-17 10:15:02] --- Bat dau khoi dong AI stream ---
[2026-07-17 10:15:03] Phat hien chuyen dong cam Menu (So pixel mau: 2490)
[2026-07-17 10:15:04] Phat hien chuyen dong cam Menu (So pixel mau: 1059)
[2026-07-17 10:15:12] Phat hien chuyen dong cam Menu (So pixel mau: 185)
[2026-07-17 10:15:27] Loi: Khong the doc tu camera
[2026-07-17 10:15:32] --- Bat dau khoi dong AI stream ---
[2026-07-17 10:15:53] Loi: Khong the doc tu camera
[2026-07-17 10:15:57] --- Bat dau khoi dong AI stream ---
[2026-07-17 10:16:00] Da dong archive phut: 1015
[2026-07-17 10:16:00] Mo archive moi: D:\lehuynhthuan\Cam\bida_ai_system\archive\ban1_1016.mp4
[2026-07-17 10:16:00] Da xoa archive cu: ban1_1015.mp4
[2026-07-17 10:16:00] Loi xoa archive cu: [WinError 32] The process cannot access the file because it is being used by another process: 'D:\\lehuynhthuan\\Cam\\bida_ai_system\\archive\\ban1_1016.mp4'
[2026-07-17 10:16:16] Loi: Khong the doc tu camera
[2026-07-17 10:16:22] --- Bat dau khoi dong AI stream ---
[2026-07-17 10:16:42] Loi: Khong the doc tu camera
[2026-07-17 10:16:47] --- Bat dau khoi dong AI stream ---
[2026-07-17 10:17:00] Da dong archive phut: 1016
[2026-07-17 10:17:00] Mo archive moi: D:\lehuynhthuan\Cam\bida_ai_system\archive\ban1_1017.mp4
[2026-07-17 10:17:00] Da xoa archive cu: ban1_1016.mp4
[2026-07-17 10:17:00] Loi xoa archive cu: [WinError 32] The process cannot access the file because it is being used by another process: 'D:\\lehuynhthuan\\Cam\\bida_ai_system\\archive\\ban1_1017.mp4'
[2026-07-17 10:17:05] Loi: Khong the doc tu camera
[2026-07-17 10:17:07] --- Bat dau khoi dong AI stream ---
[2026-07-17 10:17:08] Phat hien chuyen dong cam Menu (So pixel mau: 260)
[2026-07-17 10:17:08] Phat hien chuyen dong cam Menu (So pixel mau: 646)
[2026-07-17 10:17:08] Phat hien chuyen dong cam Menu (So pixel mau: 2316)
[2026-07-17 10:17:08] XAC NHAN: KHACH CAM MENU VAY TAY ORDER! (3 lan/4s)
[2026-07-17 10:17:08] Phat hien chuyen dong cam Menu (So pixel mau: 3160)
[2026-07-17 10:17:08] Phat hien chuyen dong cam Menu (So pixel mau: 1421)
[2026-07-17 10:17:08] Phat hien chuyen dong cam Menu (So pixel mau: 572)
[2026-07-17 10:17:08] Phat hien chuyen dong cam Menu (So pixel mau: 212)
[2026-07-17 10:17:11] Phat hien chuyen dong cam Menu (So pixel mau: 435)
[2026-07-17 10:17:11] Phat hien chuyen dong cam Menu (So pixel mau: 972)
[2026-07-17 10:17:12] Phat hien chuyen dong cam Menu (So pixel mau: 213)
[2026-07-17 10:17:12] Phat hien chuyen dong cam Menu (So pixel mau: 1541)
[2026-07-17 10:17:12] Phat hien chuyen dong cam Menu (So pixel mau: 464)
[2026-07-17 10:17:12] Phat hien chuyen dong cam Menu (So pixel mau: 192)
[2026-07-17 10:17:12] Phat hien chuyen dong cam Menu (So pixel mau: 201)
[2026-07-17 10:17:12] Phat hien chuyen dong cam Menu (So pixel mau: 584)
[2026-07-17 10:17:12] Phat hien chuyen dong cam Menu (So pixel mau: 297)
[2026-07-17 10:17:12] Phat hien chuyen dong cam Menu (So pixel mau: 1013)
[2026-07-17 10:17:12] Phat hien chuyen dong cam Menu (So pixel mau: 785)
[2026-07-17 10:17:12] Phat hien chuyen dong cam Menu (So pixel mau: 497)
[2026-07-17 10:17:12] Phat hien chuyen dong cam Menu (So pixel mau: 1295)
[2026-07-17 10:17:12] Phat hien chuyen dong cam Menu (So pixel mau: 1066)
[2026-07-17 10:17:12] Phat hien chuyen dong cam Menu (So pixel mau: 984)
[2026-07-17 10:17:12] Phat hien chuyen dong cam Menu (So pixel mau: 420)
[2026-07-17 10:17:28] Loi: Khong the doc tu camera
[2026-07-17 10:17:32] --- Bat dau khoi dong AI stream ---
[2026-07-17 10:17:57] Loi: Khong the doc tu camera
[2026-07-17 10:18:00] Da dong archive phut: 1017
[2026-07-17 10:18:00] Mo archive moi: D:\lehuynhthuan\Cam\bida_ai_system\archive\ban1_1018.mp4
[2026-07-17 10:18:00] Da xoa archive cu: ban1_1017.mp4
[2026-07-17 10:18:00] Loi xoa archive cu: [WinError 32] The process cannot access the file because it is being used by another process: 'D:\\lehuynhthuan\\Cam\\bida_ai_system\\archive\\ban1_1018.mp4'
[2026-07-17 10:18:02] --- Bat dau khoi dong AI stream ---
[2026-07-17 10:18:22] Loi: Khong the doc tu camera
[2026-07-17 10:18:27] --- Bat dau khoi dong AI stream ---
[2026-07-17 10:18:46] Loi: Khong the doc tu camera
[2026-07-17 10:18:47] --- Bat dau khoi dong AI stream ---
[2026-07-17 10:19:00] Da dong archive phut: 1018
[2026-07-17 10:19:00] Mo archive moi: D:\lehuynhthuan\Cam\bida_ai_system\archive\ban1_1019.mp4
[2026-07-17 10:19:00] Da xoa archive cu: ban1_1018.mp4
[2026-07-17 10:19:00] Loi xoa archive cu: [WinError 32] The process cannot access the file because it is being used by another process: 'D:\\lehuynhthuan\\Cam\\bida_ai_system\\archive\\ban1_1019.mp4'
[2026-07-17 10:19:11] Loi: Khong the doc tu camera
[2026-07-17 10:19:12] --- Bat dau khoi dong AI stream ---
[2026-07-17 10:19:37] Loi: Khong the doc tu camera
[2026-07-17 10:19:42] --- Bat dau khoi dong AI stream ---
[2026-07-17 10:20:00] Da dong archive phut: 1019
[2026-07-17 10:20:00] Mo archive moi: D:\lehuynhthuan\Cam\bida_ai_system\archive\ban1_1020.mp4
[2026-07-17 10:20:00] Da xoa archive cu: ban1_1019.mp4
[2026-07-17 10:20:00] Loi xoa archive cu: [WinError 32] The process cannot access the file because it is being used by another process: 'D:\\lehuynhthuan\\Cam\\bida_ai_system\\archive\\ban1_1020.mp4'
[2026-07-17 10:20:05] Loi: Khong the doc tu camera
[2026-07-17 10:20:07] --- Bat dau khoi dong AI stream ---
[2026-07-17 10:20:26] Loi: Khong the doc tu camera
[2026-07-17 10:20:32] --- Bat dau khoi dong AI stream ---
[2026-07-17 10:20:51] Loi: Khong the doc tu camera
[2026-07-17 10:20:57] --- Bat dau khoi dong AI stream ---
[2026-07-17 10:21:00] Da dong archive phut: 1020
[2026-07-17 10:21:00] Mo archive moi: D:\lehuynhthuan\Cam\bida_ai_system\archive\ban1_1021.mp4
[2026-07-17 10:21:00] Da xoa archive cu: ban1_1020.mp4
[2026-07-17 10:21:00] Loi xoa archive cu: [WinError 32] The process cannot access the file because it is being used by another process: 'D:\\lehuynhthuan\\Cam\\bida_ai_system\\archive\\ban1_1021.mp4'
[2026-07-17 10:21:16] Loi: Khong the doc tu camera
[2026-07-17 10:21:17] --- Bat dau khoi dong AI stream ---
[2026-07-17 10:21:36] Loi: Khong the doc tu camera
[2026-07-17 10:21:37] --- Bat dau khoi dong AI stream ---
[2026-07-17 10:21:56] Loi: Khong the doc tu camera
[2026-07-17 10:21:57] --- Bat dau khoi dong AI stream ---
[2026-07-17 10:22:00] Da dong archive phut: 1021
[2026-07-17 10:22:00] Mo archive moi: D:\lehuynhthuan\Cam\bida_ai_system\archive\ban1_1022.mp4
[2026-07-17 10:22:00] Da xoa archive cu: ban1_1021.mp4
[2026-07-17 10:22:00] Loi xoa archive cu: [WinError 32] The process cannot access the file because it is being used by another process: 'D:\\lehuynhthuan\\Cam\\bida_ai_system\\archive\\ban1_1022.mp4'
[2026-07-17 10:22:16] Loi: Khong the doc tu camera
[2026-07-17 10:22:17] --- Bat dau khoi dong AI stream ---
[2026-07-17 10:22:36] Loi: Khong the doc tu camera
[2026-07-17 10:22:37] --- Bat dau khoi dong AI stream ---
[2026-07-17 10:22:58] Phat hien chuyen dong cam Menu (So pixel mau: 156)
[2026-07-17 10:22:59] Loi: Khong the doc tu camera
[2026-07-17 10:23:00] Da dong archive phut: 1022
[2026-07-17 10:23:00] Mo archive moi: D:\lehuynhthuan\Cam\bida_ai_system\archive\ban1_1023.mp4
[2026-07-17 10:23:00] Da xoa archive cu: ban1_1022.mp4
[2026-07-17 10:23:00] Loi xoa archive cu: [WinError 32] The process cannot access the file because it is being used by another process: 'D:\\lehuynhthuan\\Cam\\bida_ai_system\\archive\\ban1_1023.mp4'
[2026-07-17 10:23:02] --- Bat dau khoi dong AI stream ---
[2026-07-17 10:23:25] Loi: Khong the doc tu camera
[2026-07-17 10:23:27] --- Bat dau khoi dong AI stream ---
[2026-07-17 10:23:50] Loi: Khong the doc tu camera
[2026-07-17 10:23:52] --- Bat dau khoi dong AI stream ---
[2026-07-17 10:24:00] Da dong archive phut: 1023
[2026-07-17 10:24:00] Mo archive moi: D:\lehuynhthuan\Cam\bida_ai_system\archive\ban1_1024.mp4
[2026-07-17 10:24:00] Da xoa archive cu: ban1_1023.mp4
[2026-07-17 10:24:00] Loi xoa archive cu: [WinError 32] The process cannot access the file because it is being used by another process: 'D:\\lehuynhthuan\\Cam\\bida_ai_system\\archive\\ban1_1024.mp4'
[2026-07-17 10:24:16] Loi: Khong the doc tu camera
[2026-07-17 10:24:17] --- Bat dau khoi dong AI stream ---
[2026-07-17 10:24:41] Loi: Khong the doc tu camera
[2026-07-17 10:24:42] --- Bat dau khoi dong AI stream ---
[2026-07-17 10:25:00] Da dong archive phut: 1024
[2026-07-17 10:25:00] Mo archive moi: D:\lehuynhthuan\Cam\bida_ai_system\archive\ban1_1025.mp4
[2026-07-17 10:25:00] Da xoa archive cu: ban1_1024.mp4
[2026-07-17 10:25:00] Loi xoa archive cu: [WinError 32] The process cannot access the file because it is being used by another process: 'D:\\lehuynhthuan\\Cam\\bida_ai_system\\archive\\ban1_1025.mp4'
[2026-07-17 10:25:06] Loi: Khong the doc tu camera
[2026-07-17 10:25:12] --- Bat dau khoi dong AI stream ---
[2026-07-17 10:25:36] Loi: Khong the doc tu camera
[2026-07-17 10:25:37] --- Bat dau khoi dong AI stream ---
[2026-07-17 10:25:43] Phat hien chuyen dong cam Menu (So pixel mau: 159)
[2026-07-17 10:25:43] Phat hien chuyen dong cam Menu (So pixel mau: 163)
[2026-07-17 10:25:43] Phat hien chuyen dong cam Menu (So pixel mau: 196)
[2026-07-17 10:25:43] XAC NHAN: KHACH CAM MENU VAY TAY ORDER! (3 lan/4s)
[2026-07-17 10:25:43] Phat hien chuyen dong cam Menu (So pixel mau: 448)
[2026-07-17 10:25:43] Phat hien chuyen dong cam Menu (So pixel mau: 267)
[2026-07-17 10:25:43] Phat hien chuyen dong cam Menu (So pixel mau: 304)
[2026-07-17 10:25:43] Phat hien chuyen dong cam Menu (So pixel mau: 574)
[2026-07-17 10:25:43] Phat hien chuyen dong cam Menu (So pixel mau: 226)
[2026-07-17 10:25:43] Phat hien chuyen dong cam Menu (So pixel mau: 229)
[2026-07-17 10:25:43] Phat hien chuyen dong cam Menu (So pixel mau: 345)
[2026-07-17 10:25:48] Phat hien chuyen dong cam Menu (So pixel mau: 364)
[2026-07-17 10:25:48] Phat hien chuyen dong cam Menu (So pixel mau: 395)
[2026-07-17 10:25:48] Phat hien chuyen dong cam Menu (So pixel mau: 387)
[2026-07-17 10:25:48] Phat hien chuyen dong cam Menu (So pixel mau: 411)
[2026-07-17 10:25:48] Phat hien chuyen dong cam Menu (So pixel mau: 432)
[2026-07-17 10:25:48] Phat hien chuyen dong cam Menu (So pixel mau: 583)
[2026-07-17 10:25:48] Phat hien chuyen dong cam Menu (So pixel mau: 631)
[2026-07-17 10:25:49] Phat hien chuyen dong cam Menu (So pixel mau: 559)
[2026-07-17 10:25:49] Phat hien chuyen dong cam Menu (So pixel mau: 755)
[2026-07-17 10:25:49] Phat hien chuyen dong cam Menu (So pixel mau: 1276)
[2026-07-17 10:25:49] Phat hien chuyen dong cam Menu (So pixel mau: 1646)
[2026-07-17 10:25:49] Phat hien chuyen dong cam Menu (So pixel mau: 1458)
[2026-07-17 10:25:49] Phat hien chuyen dong cam Menu (So pixel mau: 1312)
[2026-07-17 10:25:49] Phat hien chuyen dong cam Menu (So pixel mau: 1600)
[2026-07-17 10:25:49] Phat hien chuyen dong cam Menu (So pixel mau: 1607)
[2026-07-17 10:25:53] Phat hien chuyen dong cam Menu (So pixel mau: 1119)
[2026-07-17 10:25:53] Phat hien chuyen dong cam Menu (So pixel mau: 2668)
[2026-07-17 10:25:53] Phat hien chuyen dong cam Menu (So pixel mau: 2564)
[2026-07-17 10:25:53] Phat hien chuyen dong cam Menu (So pixel mau: 2896)
[2026-07-17 10:25:53] Phat hien chuyen dong cam Menu (So pixel mau: 1406)
[2026-07-17 10:25:53] Phat hien chuyen dong cam Menu (So pixel mau: 921)
[2026-07-17 10:25:53] Phat hien chuyen dong cam Menu (So pixel mau: 466)
[2026-07-17 10:25:53] Phat hien chuyen dong cam Menu (So pixel mau: 503)
[2026-07-17 10:26:00] Da dong archive phut: 1025
[2026-07-17 10:26:00] Mo archive moi: D:\lehuynhthuan\Cam\bida_ai_system\archive\ban1_1026.mp4
[2026-07-17 10:26:00] Da xoa archive cu: ban1_1025.mp4
[2026-07-17 10:26:00] Loi xoa archive cu: [WinError 32] The process cannot access the file because it is being used by another process: 'D:\\lehuynhthuan\\Cam\\bida_ai_system\\archive\\ban1_1026.mp4'
[2026-07-17 10:26:01] Loi: Khong the doc tu camera
[2026-07-17 10:26:07] --- Bat dau khoi dong AI stream ---
[2026-07-17 10:26:23] Phat hien chuyen dong cam Menu (So pixel mau: 3688)
[2026-07-17 10:26:23] Phat hien chuyen dong cam Menu (So pixel mau: 2924)
[2026-07-17 10:26:23] Phat hien chuyen dong cam Menu (So pixel mau: 3213)
[2026-07-17 10:26:23] XAC NHAN: KHACH CAM MENU VAY TAY ORDER! (3 lan/4s)
[2026-07-17 10:26:23] Phat hien chuyen dong cam Menu (So pixel mau: 296)
[2026-07-17 10:26:23] Phat hien chuyen dong cam Menu (So pixel mau: 5756)
[2026-07-17 10:26:26] Phat hien chuyen dong cam Menu (So pixel mau: 154)
[2026-07-17 10:26:26] Phat hien chuyen dong cam Menu (So pixel mau: 263)
[2026-07-17 10:26:26] Phat hien chuyen dong cam Menu (So pixel mau: 202)
[2026-07-17 10:26:26] Phat hien chuyen dong cam Menu (So pixel mau: 333)
[2026-07-17 10:26:27] Phat hien chuyen dong cam Menu (So pixel mau: 315)
[2026-07-17 10:26:30] Loi: Khong the doc tu camera
[2026-07-17 10:26:32] --- Bat dau khoi dong AI stream ---
[2026-07-17 10:26:43] Phat hien chuyen dong cam Menu (So pixel mau: 158)
[2026-07-17 10:26:43] Phat hien chuyen dong cam Menu (So pixel mau: 1756)
[2026-07-17 10:26:43] Phat hien chuyen dong cam Menu (So pixel mau: 1944)
[2026-07-17 10:26:55] Loi: Khong the doc tu camera
[2026-07-17 10:26:58] --- Bat dau khoi dong AI stream ---
[2026-07-17 10:26:59] Phat hien chuyen dong cam Menu (So pixel mau: 1274)
[2026-07-17 10:26:59] Phat hien chuyen dong cam Menu (So pixel mau: 261)
[2026-07-17 10:26:59] Phat hien chuyen dong cam Menu (So pixel mau: 900)
[2026-07-17 10:26:59] XAC NHAN: KHACH CAM MENU VAY TAY ORDER! (3 lan/4s)
[2026-07-17 10:27:00] Da dong archive phut: 1026
[2026-07-17 10:27:00] Mo archive moi: D:\lehuynhthuan\Cam\bida_ai_system\archive\ban1_1027.mp4
[2026-07-17 10:27:00] Da xoa archive cu: ban1_1026.mp4
[2026-07-17 10:27:00] Loi xoa archive cu: [WinError 32] The process cannot access the file because it is being used by another process: 'D:\\lehuynhthuan\\Cam\\bida_ai_system\\archive\\ban1_1027.mp4'
[2026-07-17 10:27:00] Phat hien chuyen dong cam Menu (So pixel mau: 660)
[2026-07-17 10:27:00] Phat hien chuyen dong cam Menu (So pixel mau: 530)
[2026-07-17 10:27:00] Phat hien chuyen dong cam Menu (So pixel mau: 852)
[2026-07-17 10:27:00] Phat hien chuyen dong cam Menu (So pixel mau: 943)
[2026-07-17 10:27:03] Phat hien chuyen dong cam Menu (So pixel mau: 467)
[2026-07-17 10:27:19] Loi: Khong the doc tu camera
[2026-07-17 10:27:22] --- Bat dau khoi dong AI stream ---
[2026-07-17 10:27:43] Loi: Khong the doc tu camera
[2026-07-17 10:27:47] --- Bat dau khoi dong AI stream ---
[2026-07-17 10:28:00] Da dong archive phut: 1027
[2026-07-17 10:28:00] Mo archive moi: D:\lehuynhthuan\Cam\bida_ai_system\archive\ban1_1028.mp4
[2026-07-17 10:28:00] Da xoa archive cu: ban1_1027.mp4
[2026-07-17 10:28:00] Loi xoa archive cu: [WinError 32] The process cannot access the file because it is being used by another process: 'D:\\lehuynhthuan\\Cam\\bida_ai_system\\archive\\ban1_1028.mp4'
[2026-07-17 10:28:04] Phat hien chuyen dong cam Menu (So pixel mau: 875)
[2026-07-17 10:28:10] Loi: Khong the doc tu camera
[2026-07-17 10:28:12] --- Bat dau khoi dong AI stream ---
[2026-07-17 10:28:15] Phat hien chuyen dong cam Menu (So pixel mau: 358)
[2026-07-17 10:28:15] Phat hien chuyen dong cam Menu (So pixel mau: 1659)
[2026-07-17 10:28:15] Phat hien chuyen dong cam Menu (So pixel mau: 2612)
[2026-07-17 10:28:15] XAC NHAN: KHACH CAM MENU VAY TAY ORDER! (3 lan/4s)
[2026-07-17 10:28:15] Phat hien chuyen dong cam Menu (So pixel mau: 5016)
[2026-07-17 10:28:35] Loi: Khong the doc tu camera
[2026-07-17 10:28:37] Phat hien chuyen dong cam Menu (So pixel mau: 330)
[2026-07-17 10:28:37] Phat hien chuyen dong cam Menu (So pixel mau: 353)
[2026-07-17 10:28:37] Phat hien chuyen dong cam Menu (So pixel mau: 243)
[2026-07-17 10:28:37] --- Bat dau khoi dong AI stream ---
[2026-07-17 10:28:49] Phat hien chuyen dong cam Menu (So pixel mau: 8912)
[2026-07-17 10:28:49] Phat hien chuyen dong cam Menu (So pixel mau: 1173)
[2026-07-17 10:28:58] Loi: Khong the doc tu camera
[2026-07-17 10:29:00] Da dong archive phut: 1028
[2026-07-17 10:29:00] Mo archive moi: D:\lehuynhthuan\Cam\bida_ai_system\archive\ban1_1029.mp4
[2026-07-17 10:29:00] Da xoa archive cu: ban1_1028.mp4
[2026-07-17 10:29:00] Loi xoa archive cu: [WinError 32] The process cannot access the file because it is being used by another process: 'D:\\lehuynhthuan\\Cam\\bida_ai_system\\archive\\ban1_1029.mp4'
[2026-07-17 10:29:02] --- Bat dau khoi dong AI stream ---
[2026-07-17 10:29:22] Loi: Khong the doc tu camera
[2026-07-17 10:29:25] Phat hien chuyen dong cam Menu (So pixel mau: 189)
[2026-07-17 10:29:25] Phat hien chuyen dong cam Menu (So pixel mau: 457)
[2026-07-17 10:29:27] --- Bat dau khoi dong AI stream ---
[2026-07-17 10:29:39] Phat hien chuyen dong cam Menu (So pixel mau: 7387)
[2026-07-17 10:29:39] Phat hien chuyen dong cam Menu (So pixel mau: 6735)
[2026-07-17 10:29:39] Phat hien chuyen dong cam Menu (So pixel mau: 6447)
[2026-07-17 10:29:39] XAC NHAN: KHACH CAM MENU VAY TAY ORDER! (3 lan/4s)
[2026-07-17 10:29:40] Phat hien chuyen dong cam Menu (So pixel mau: 3118)
[2026-07-17 10:29:40] Phat hien chuyen dong cam Menu (So pixel mau: 4814)
[2026-07-17 10:29:40] Phat hien chuyen dong cam Menu (So pixel mau: 3522)
[2026-07-17 10:29:48] Loi: Khong the doc tu camera
[2026-07-17 10:29:52] Phat hien chuyen dong cam Menu (So pixel mau: 5397)
[2026-07-17 10:29:52] Phat hien chuyen dong cam Menu (So pixel mau: 1929)
[2026-07-17 10:29:52] --- Bat dau khoi dong AI stream ---
[2026-07-17 10:30:00] Da dong archive phut: 1029
[2026-07-17 10:30:00] Mo archive moi: D:\lehuynhthuan\Cam\bida_ai_system\archive\ban1_1030.mp4
[2026-07-17 10:30:00] Da xoa archive cu: ban1_1029.mp4
[2026-07-17 10:30:00] Loi xoa archive cu: [WinError 32] The process cannot access the file because it is being used by another process: 'D:\\lehuynhthuan\\Cam\\bida_ai_system\\archive\\ban1_1030.mp4'
[2026-07-17 10:30:14] Loi: Khong the doc tu camera
[2026-07-17 10:30:17] --- Bat dau khoi dong AI stream ---
[2026-07-17 10:30:32] Phat hien chuyen dong cam Menu (So pixel mau: 463)
[2026-07-17 10:30:32] Phat hien chuyen dong cam Menu (So pixel mau: 319)
[2026-07-17 10:30:32] Phat hien chuyen dong cam Menu (So pixel mau: 326)
[2026-07-17 10:30:32] XAC NHAN: KHACH CAM MENU VAY TAY ORDER! (3 lan/4s)
[2026-07-17 10:30:32] Phat hien chuyen dong cam Menu (So pixel mau: 977)
[2026-07-17 10:30:32] Phat hien chuyen dong cam Menu (So pixel mau: 1116)
[2026-07-17 10:30:32] Phat hien chuyen dong cam Menu (So pixel mau: 1183)
[2026-07-17 10:30:32] Phat hien chuyen dong cam Menu (So pixel mau: 777)
[2026-07-17 10:30:34] Phat hien chuyen dong cam Menu (So pixel mau: 5008)
[2026-07-17 10:30:38] Loi: Khong the doc tu camera
[2026-07-17 10:30:42] --- Bat dau khoi dong AI stream ---
[2026-07-17 10:30:44] Phat hien chuyen dong cam Menu (So pixel mau: 2622)
[2026-07-17 10:30:44] Phat hien chuyen dong cam Menu (So pixel mau: 489)
[2026-07-17 10:30:44] Phat hien chuyen dong cam Menu (So pixel mau: 1912)
[2026-07-17 10:30:44] Phat hien chuyen dong cam Menu (So pixel mau: 219)
[2026-07-17 10:30:45] Phat hien chuyen dong cam Menu (So pixel mau: 306)
[2026-07-17 10:30:45] Phat hien chuyen dong cam Menu (So pixel mau: 577)
[2026-07-17 10:30:45] Phat hien chuyen dong cam Menu (So pixel mau: 734)
[2026-07-17 10:30:45] Phat hien chuyen dong cam Menu (So pixel mau: 234)
[2026-07-17 10:31:00] Da dong archive phut: 1030
[2026-07-17 10:31:00] Mo archive moi: D:\lehuynhthuan\Cam\bida_ai_system\archive\ban1_1031.mp4
[2026-07-17 10:31:00] Da xoa archive cu: ban1_1030.mp4
[2026-07-17 10:31:00] Loi xoa archive cu: [WinError 32] The process cannot access the file because it is being used by another process: 'D:\\lehuynhthuan\\Cam\\bida_ai_system\\archive\\ban1_1031.mp4'
[2026-07-17 10:31:02] Loi: Khong the doc tu camera
[2026-07-17 10:31:07] --- Bat dau khoi dong AI stream ---
[2026-07-17 10:31:11] Phat hien chuyen dong cam Menu (So pixel mau: 190)
[2026-07-17 10:31:11] Phat hien chuyen dong cam Menu (So pixel mau: 735)
[2026-07-17 10:31:11] Phat hien chuyen dong cam Menu (So pixel mau: 831)
[2026-07-17 10:31:11] XAC NHAN: KHACH CAM MENU VAY TAY ORDER! (3 lan/4s)
[2026-07-17 10:31:11] Phat hien chuyen dong cam Menu (So pixel mau: 246)
[2026-07-17 10:31:27] Loi: Khong the doc tu camera
[2026-07-17 10:31:32] --- Bat dau khoi dong AI stream ---
[2026-07-17 10:31:57] Loi: Khong the doc tu camera
[2026-07-17 10:32:00] Da dong archive phut: 1031
[2026-07-17 10:32:00] Mo archive moi: D:\lehuynhthuan\Cam\bida_ai_system\archive\ban1_1032.mp4
[2026-07-17 10:32:00] Da xoa archive cu: ban1_1031.mp4
[2026-07-17 10:32:00] Loi xoa archive cu: [WinError 32] The process cannot access the file because it is being used by another process: 'D:\\lehuynhthuan\\Cam\\bida_ai_system\\archive\\ban1_1032.mp4'
[2026-07-17 10:32:02] --- Bat dau khoi dong AI stream ---
[2026-07-17 10:32:24] Loi: Khong the doc tu camera
[2026-07-17 10:32:27] --- Bat dau khoi dong AI stream ---
[2026-07-17 10:32:52] Loi: Khong the doc tu camera
[2026-07-17 10:32:58] --- Bat dau khoi dong AI stream ---
[2026-07-17 10:33:00] Da dong archive phut: 1032
[2026-07-17 10:33:00] Mo archive moi: D:\lehuynhthuan\Cam\bida_ai_system\archive\ban1_1033.mp4
[2026-07-17 10:33:00] Da xoa archive cu: ban1_1032.mp4
[2026-07-17 10:33:00] Loi xoa archive cu: [WinError 32] The process cannot access the file because it is being used by another process: 'D:\\lehuynhthuan\\Cam\\bida_ai_system\\archive\\ban1_1033.mp4'
[2026-07-17 10:33:04] Phat hien chuyen dong cam Menu (So pixel mau: 4844)
[2026-07-17 10:33:04] Phat hien chuyen dong cam Menu (So pixel mau: 168)
[2026-07-17 10:33:06] Phat hien chuyen dong cam Menu (So pixel mau: 374)
[2026-07-17 10:33:06] XAC NHAN: KHACH CAM MENU VAY TAY ORDER! (3 lan/4s)
[2026-07-17 10:33:07] Phat hien chuyen dong cam Menu (So pixel mau: 308)
[2026-07-17 10:33:21] Phat hien chuyen dong cam Menu (So pixel mau: 15863)
[2026-07-17 10:33:22] Loi: Khong the doc tu camera
[2026-07-17 10:33:28] --- Bat dau khoi dong AI stream ---
[2026-07-17 10:33:51] Loi: Khong the doc tu camera
[2026-07-17 10:33:52] --- Bat dau khoi dong AI stream ---
[2026-07-17 10:34:00] Da dong archive phut: 1033
[2026-07-17 10:34:00] Mo archive moi: D:\lehuynhthuan\Cam\bida_ai_system\archive\ban1_1034.mp4
[2026-07-17 10:34:00] Da xoa archive cu: ban1_1033.mp4
[2026-07-17 10:34:00] Loi xoa archive cu: [WinError 32] The process cannot access the file because it is being used by another process: 'D:\\lehuynhthuan\\Cam\\bida_ai_system\\archive\\ban1_1034.mp4'
[2026-07-17 10:34:07] Phat hien chuyen dong cam Menu (So pixel mau: 7370)
[2026-07-17 10:34:08] Phat hien chuyen dong cam Menu (So pixel mau: 852)
[2026-07-17 10:34:08] Phat hien chuyen dong cam Menu (So pixel mau: 489)
[2026-07-17 10:34:08] XAC NHAN: KHACH CAM MENU VAY TAY ORDER! (3 lan/4s)
[2026-07-17 10:34:08] Phat hien chuyen dong cam Menu (So pixel mau: 512)
[2026-07-17 10:34:08] Phat hien chuyen dong cam Menu (So pixel mau: 188)
[2026-07-17 10:34:08] Phat hien chuyen dong cam Menu (So pixel mau: 276)
[2026-07-17 10:34:17] Loi: Khong the doc tu camera
[2026-07-17 10:34:22] --- Bat dau khoi dong AI stream ---
[2026-07-17 10:34:29] Phat hien chuyen dong cam Menu (So pixel mau: 403)
[2026-07-17 10:34:46] Loi: Khong the doc tu camera
[2026-07-17 10:34:47] --- Bat dau khoi dong AI stream ---
[2026-07-17 10:35:00] Da dong archive phut: 1034
[2026-07-17 10:35:00] Mo archive moi: D:\lehuynhthuan\Cam\bida_ai_system\archive\ban1_1035.mp4
[2026-07-17 10:35:00] Da xoa archive cu: ban1_1034.mp4
[2026-07-17 10:35:00] Loi xoa archive cu: [WinError 32] The process cannot access the file because it is being used by another process: 'D:\\lehuynhthuan\\Cam\\bida_ai_system\\archive\\ban1_1035.mp4'
[2026-07-17 10:35:10] Loi: Khong the doc tu camera
[2026-07-17 10:35:12] --- Bat dau khoi dong AI stream ---
[2026-07-17 10:35:15] Phat hien chuyen dong cam Menu (So pixel mau: 1119)
[2026-07-17 10:35:35] Loi: Khong the doc tu camera
[2026-07-17 10:35:37] --- Bat dau khoi dong AI stream ---
[2026-07-17 10:36:00] Da dong archive phut: 1035
[2026-07-17 10:36:00] Mo archive moi: D:\lehuynhthuan\Cam\bida_ai_system\archive\ban1_1036.mp4
[2026-07-17 10:36:00] Da xoa archive cu: ban1_1035.mp4
[2026-07-17 10:36:00] Loi xoa archive cu: [WinError 32] The process cannot access the file because it is being used by another process: 'D:\\lehuynhthuan\\Cam\\bida_ai_system\\archive\\ban1_1036.mp4'
[2026-07-17 10:36:00] Loi: Khong the doc tu camera
[2026-07-17 10:36:02] --- Bat dau khoi dong AI stream ---
[2026-07-17 10:36:14] Phat hien chuyen dong cam Menu (So pixel mau: 288)
[2026-07-17 10:36:14] Phat hien chuyen dong cam Menu (So pixel mau: 360)
[2026-07-17 10:36:14] Phat hien chuyen dong cam Menu (So pixel mau: 210)
[2026-07-17 10:36:14] XAC NHAN: KHACH CAM MENU VAY TAY ORDER! (3 lan/4s)
[2026-07-17 10:36:14] Phat hien chuyen dong cam Menu (So pixel mau: 244)
[2026-07-17 10:36:14] Phat hien chuyen dong cam Menu (So pixel mau: 200)
[2026-07-17 10:36:26] Loi: Khong the doc tu camera
[2026-07-17 10:36:28] --- Bat dau khoi dong AI stream ---
[2026-07-17 10:36:55] Loi: Khong the doc tu camera
[2026-07-17 10:36:58] --- Bat dau khoi dong AI stream ---
[2026-07-17 10:37:00] Da dong archive phut: 1036
[2026-07-17 10:37:00] Mo archive moi: D:\lehuynhthuan\Cam\bida_ai_system\archive\ban1_1037.mp4
[2026-07-17 10:37:00] Da xoa archive cu: ban1_1036.mp4
[2026-07-17 10:37:00] Loi xoa archive cu: [WinError 32] The process cannot access the file because it is being used by another process: 'D:\\lehuynhthuan\\Cam\\bida_ai_system\\archive\\ban1_1037.mp4'
[2026-07-17 10:37:23] Loi: Khong the doc tu camera
[2026-07-17 10:37:28] --- Bat dau khoi dong AI stream ---
[2026-07-17 10:37:53] Loi: Khong the doc tu camera
[2026-07-17 10:37:58] --- Bat dau khoi dong AI stream ---
[2026-07-17 10:38:00] Da dong archive phut: 1037
[2026-07-17 10:38:00] Mo archive moi: D:\lehuynhthuan\Cam\bida_ai_system\archive\ban1_1038.mp4
[2026-07-17 10:38:00] Da xoa archive cu: ban1_1037.mp4
[2026-07-17 10:38:00] Loi xoa archive cu: [WinError 32] The process cannot access the file because it is being used by another process: 'D:\\lehuynhthuan\\Cam\\bida_ai_system\\archive\\ban1_1038.mp4'
[2026-07-17 10:38:24] Loi: Khong the doc tu camera
[2026-07-17 10:38:25] Phat hien chuyen dong cam Menu (So pixel mau: 232)
[2026-07-17 10:38:28] --- Bat dau khoi dong AI stream ---
[2026-07-17 10:38:55] Loi: Khong the doc tu camera
[2026-07-17 10:38:58] --- Bat dau khoi dong AI stream ---
[2026-07-17 10:39:00] Da dong archive phut: 1038
[2026-07-17 10:39:00] Mo archive moi: D:\lehuynhthuan\Cam\bida_ai_system\archive\ban1_1039.mp4
[2026-07-17 10:39:00] Da xoa archive cu: ban1_1038.mp4
[2026-07-17 10:39:00] Loi xoa archive cu: [WinError 32] The process cannot access the file because it is being used by another process: 'D:\\lehuynhthuan\\Cam\\bida_ai_system\\archive\\ban1_1039.mp4'
[2026-07-17 10:39:23] Loi: Khong the doc tu camera
[2026-07-17 10:39:28] --- Bat dau khoi dong AI stream ---
[2026-07-17 10:39:44] Phat hien chuyen dong cam Menu (So pixel mau: 206)
[2026-07-17 10:39:49] Loi: Khong the doc tu camera
[2026-07-17 10:39:52] Phat hien chuyen dong cam Menu (So pixel mau: 1196)
[2026-07-17 10:39:53] --- Bat dau khoi dong AI stream ---
[2026-07-17 10:40:00] Da dong archive phut: 1039
[2026-07-17 10:40:00] Mo archive moi: D:\lehuynhthuan\Cam\bida_ai_system\archive\ban1_1040.mp4
[2026-07-17 10:40:00] Da xoa archive cu: ban1_1039.mp4
[2026-07-17 10:40:00] Loi xoa archive cu: [WinError 32] The process cannot access the file because it is being used by another process: 'D:\\lehuynhthuan\\Cam\\bida_ai_system\\archive\\ban1_1040.mp4'
[2026-07-17 10:40:03] Phat hien chuyen dong cam Menu (So pixel mau: 1798)
[2026-07-17 10:40:14] Loi: Khong the doc tu camera
[2026-07-17 10:40:18] --- Bat dau khoi dong AI stream ---
[2026-07-17 10:40:25] Phat hien chuyen dong cam Menu (So pixel mau: 1578)
[2026-07-17 10:40:25] Phat hien chuyen dong cam Menu (So pixel mau: 1509)
[2026-07-17 10:40:25] Phat hien chuyen dong cam Menu (So pixel mau: 1273)
[2026-07-17 10:40:25] XAC NHAN: KHACH CAM MENU VAY TAY ORDER! (3 lan/4s)
[2026-07-17 10:40:25] Phat hien chuyen dong cam Menu (So pixel mau: 1932)
[2026-07-17 10:40:26] Phat hien chuyen dong cam Menu (So pixel mau: 5711)
[2026-07-17 10:40:26] Phat hien chuyen dong cam Menu (So pixel mau: 3973)
[2026-07-17 10:40:26] Phat hien chuyen dong cam Menu (So pixel mau: 1376)
[2026-07-17 10:40:26] Phat hien chuyen dong cam Menu (So pixel mau: 1062)
[2026-07-17 10:40:26] Phat hien chuyen dong cam Menu (So pixel mau: 1204)
[2026-07-17 10:40:26] Phat hien chuyen dong cam Menu (So pixel mau: 1073)
[2026-07-17 10:40:42] Loi: Khong the doc tu camera
[2026-07-17 10:40:48] --- Bat dau khoi dong AI stream ---
[2026-07-17 10:41:00] Da dong archive phut: 1040
[2026-07-17 10:41:00] Mo archive moi: D:\lehuynhthuan\Cam\bida_ai_system\archive\ban1_1041.mp4
[2026-07-17 10:41:00] Da xoa archive cu: ban1_1040.mp4
[2026-07-17 10:41:00] Loi xoa archive cu: [WinError 32] The process cannot access the file because it is being used by another process: 'D:\\lehuynhthuan\\Cam\\bida_ai_system\\archive\\ban1_1041.mp4'
[2026-07-17 10:41:15] Loi: Khong the doc tu camera
[2026-07-17 10:41:18] --- Bat dau khoi dong AI stream ---
[2026-07-17 10:41:37] Phat hien chuyen dong cam Menu (So pixel mau: 2818)
[2026-07-17 10:41:44] Loi: Khong the doc tu camera
[2026-07-17 10:41:48] --- Bat dau khoi dong AI stream ---
[2026-07-17 10:42:00] Da dong archive phut: 1041
[2026-07-17 10:42:00] Mo archive moi: D:\lehuynhthuan\Cam\bida_ai_system\archive\ban1_1042.mp4
[2026-07-17 10:42:00] Da xoa archive cu: ban1_1041.mp4
[2026-07-17 10:42:00] Loi xoa archive cu: [WinError 32] The process cannot access the file because it is being used by another process: 'D:\\lehuynhthuan\\Cam\\bida_ai_system\\archive\\ban1_1042.mp4'
[2026-07-17 10:42:12] Loi: Khong the doc tu camera
[2026-07-17 10:42:18] --- Bat dau khoi dong AI stream ---
[2026-07-17 10:42:41] Loi: Khong the doc tu camera
[2026-07-17 10:42:43] --- Bat dau khoi dong AI stream ---
[2026-07-17 10:43:00] Da dong archive phut: 1042
[2026-07-17 10:43:00] Mo archive moi: D:\lehuynhthuan\Cam\bida_ai_system\archive\ban1_1043.mp4
[2026-07-17 10:43:00] Da xoa archive cu: ban1_1042.mp4
[2026-07-17 10:43:00] Loi xoa archive cu: [WinError 32] The process cannot access the file because it is being used by another process: 'D:\\lehuynhthuan\\Cam\\bida_ai_system\\archive\\ban1_1043.mp4'
[2026-07-17 10:43:05] Loi: Khong the doc tu camera
[2026-07-17 10:43:08] --- Bat dau khoi dong AI stream ---
[2026-07-17 10:43:30] Loi: Khong the doc tu camera
[2026-07-17 10:43:33] --- Bat dau khoi dong AI stream ---
[2026-07-17 10:44:00] Da dong archive phut: 1043
[2026-07-17 10:44:00] Mo archive moi: D:\lehuynhthuan\Cam\bida_ai_system\archive\ban1_1044.mp4
[2026-07-17 10:44:00] Da xoa archive cu: ban1_1043.mp4
[2026-07-17 10:44:00] Loi xoa archive cu: [WinError 32] The process cannot access the file because it is being used by another process: 'D:\\lehuynhthuan\\Cam\\bida_ai_system\\archive\\ban1_1044.mp4'
[2026-07-17 10:44:01] Loi: Khong the doc tu camera
[2026-07-17 10:44:03] --- Bat dau khoi dong AI stream ---
[2026-07-17 10:44:32] Loi: Khong the doc tu camera
[2026-07-17 10:44:38] --- Bat dau khoi dong AI stream ---
[2026-07-17 10:45:00] Da dong archive phut: 1044
[2026-07-17 10:45:00] Mo archive moi: D:\lehuynhthuan\Cam\bida_ai_system\archive\ban1_1045.mp4
[2026-07-17 10:45:00] Da xoa archive cu: ban1_1044.mp4
[2026-07-17 10:45:00] Loi xoa archive cu: [WinError 32] The process cannot access the file because it is being used by another process: 'D:\\lehuynhthuan\\Cam\\bida_ai_system\\archive\\ban1_1045.mp4'
[2026-07-17 10:45:08] Loi: Khong the doc tu camera
[2026-07-17 10:45:13] --- Bat dau khoi dong AI stream ---
[2026-07-17 10:45:34] Loi: Khong the doc tu camera
[2026-07-17 10:45:38] --- Bat dau khoi dong AI stream ---
[2026-07-17 10:45:59] Loi: Khong the doc tu camera
[2026-07-17 10:46:00] Da dong archive phut: 1045
[2026-07-17 10:46:00] Mo archive moi: D:\lehuynhthuan\Cam\bida_ai_system\archive\ban1_1046.mp4
[2026-07-17 10:46:00] Da xoa archive cu: ban1_1045.mp4
[2026-07-17 10:46:00] Loi xoa archive cu: [WinError 32] The process cannot access the file because it is being used by another process: 'D:\\lehuynhthuan\\Cam\\bida_ai_system\\archive\\ban1_1046.mp4'
[2026-07-17 10:46:03] --- Bat dau khoi dong AI stream ---
[2026-07-17 10:46:28] Loi: Khong the doc tu camera
[2026-07-17 10:46:33] --- Bat dau khoi dong AI stream ---
[2026-07-17 10:46:55] Loi: Khong the doc tu camera
[2026-07-17 10:46:58] --- Bat dau khoi dong AI stream ---
[2026-07-17 10:47:00] Da dong archive phut: 1046
[2026-07-17 10:47:00] Mo archive moi: D:\lehuynhthuan\Cam\bida_ai_system\archive\ban1_1047.mp4
[2026-07-17 10:47:00] Da xoa archive cu: ban1_1046.mp4
[2026-07-17 10:47:00] Loi xoa archive cu: [WinError 32] The process cannot access the file because it is being used by another process: 'D:\\lehuynhthuan\\Cam\\bida_ai_system\\archive\\ban1_1047.mp4'
[2026-07-17 10:47:25] Loi: Khong the doc tu camera
[2026-07-17 10:47:28] --- Bat dau khoi dong AI stream ---
[2026-07-17 10:47:57] Loi: Khong the doc tu camera
[2026-07-17 10:48:00] Da dong archive phut: 1047
[2026-07-17 10:48:00] Mo archive moi: D:\lehuynhthuan\Cam\bida_ai_system\archive\ban1_1048.mp4
[2026-07-17 10:48:00] Da xoa archive cu: ban1_1047.mp4
[2026-07-17 10:48:00] Loi xoa archive cu: [WinError 32] The process cannot access the file because it is being used by another process: 'D:\\lehuynhthuan\\Cam\\bida_ai_system\\archive\\ban1_1048.mp4'
[2026-07-17 10:48:03] --- Bat dau khoi dong AI stream ---
[2026-07-17 10:48:25] Loi: Khong the doc tu camera
[2026-07-17 10:48:28] --- Bat dau khoi dong AI stream ---
[2026-07-17 10:48:51] Loi: Khong the doc tu camera
[2026-07-17 10:48:53] --- Bat dau khoi dong AI stream ---
[2026-07-17 10:49:00] Da dong archive phut: 1048
[2026-07-17 10:49:00] Mo archive moi: D:\lehuynhthuan\Cam\bida_ai_system\archive\ban1_1049.mp4
[2026-07-17 10:49:00] Da xoa archive cu: ban1_1048.mp4
[2026-07-17 10:49:00] Loi xoa archive cu: [WinError 32] The process cannot access the file because it is being used by another process: 'D:\\lehuynhthuan\\Cam\\bida_ai_system\\archive\\ban1_1049.mp4'
[2026-07-17 10:49:17] Loi: Khong the doc tu camera
[2026-07-17 10:49:18] --- Bat dau khoi dong AI stream ---
[2026-07-17 10:49:31] Phat hien chuyen dong cam Menu (So pixel mau: 268)
[2026-07-17 10:49:31] Phat hien chuyen dong cam Menu (So pixel mau: 834)
[2026-07-17 10:49:31] Phat hien chuyen dong cam Menu (So pixel mau: 448)
[2026-07-17 10:49:31] XAC NHAN: KHACH CAM MENU VAY TAY ORDER! (3 lan/4s)
[2026-07-17 10:49:31] Phat hien chuyen dong cam Menu (So pixel mau: 281)
[2026-07-17 10:49:43] Loi: Khong the doc tu camera
[2026-07-17 10:49:48] --- Bat dau khoi dong AI stream ---
[2026-07-17 10:50:00] Da dong archive phut: 1049
[2026-07-17 10:50:00] Mo archive moi: D:\lehuynhthuan\Cam\bida_ai_system\archive\ban1_1050.mp4
[2026-07-17 10:50:00] Da xoa archive cu: ban1_1049.mp4
[2026-07-17 10:50:00] Loi xoa archive cu: [WinError 32] The process cannot access the file because it is being used by another process: 'D:\\lehuynhthuan\\Cam\\bida_ai_system\\archive\\ban1_1050.mp4'
[2026-07-17 10:50:13] Loi: Khong the doc tu camera
[2026-07-17 10:50:18] --- Bat dau khoi dong AI stream ---
[2026-07-17 10:50:43] Loi: Khong the doc tu camera
[2026-07-17 10:50:48] --- Bat dau khoi dong AI stream ---
[2026-07-17 10:51:00] Da dong archive phut: 1050
[2026-07-17 10:51:00] Mo archive moi: D:\lehuynhthuan\Cam\bida_ai_system\archive\ban1_1051.mp4
[2026-07-17 10:51:00] Da xoa archive cu: ban1_1050.mp4
[2026-07-17 10:51:00] Loi xoa archive cu: [WinError 32] The process cannot access the file because it is being used by another process: 'D:\\lehuynhthuan\\Cam\\bida_ai_system\\archive\\ban1_1051.mp4'
[2026-07-17 10:51:14] Loi: Khong the doc tu camera
[2026-07-17 10:51:18] --- Bat dau khoi dong AI stream ---
[2026-07-17 10:51:42] Loi: Khong the doc tu camera
[2026-07-17 10:51:48] --- Bat dau khoi dong AI stream ---
[2026-07-17 10:52:00] Da dong archive phut: 1051
[2026-07-17 10:52:00] Mo archive moi: D:\lehuynhthuan\Cam\bida_ai_system\archive\ban1_1052.mp4
[2026-07-17 10:52:00] Da xoa archive cu: ban1_1051.mp4
[2026-07-17 10:52:00] Loi xoa archive cu: [WinError 32] The process cannot access the file because it is being used by another process: 'D:\\lehuynhthuan\\Cam\\bida_ai_system\\archive\\ban1_1052.mp4'
[2026-07-17 10:52:13] Loi: Khong the doc tu camera
[2026-07-17 10:52:18] --- Bat dau khoi dong AI stream ---
[2026-07-17 10:52:42] Loi: Khong the doc tu camera
[2026-07-17 10:52:48] --- Bat dau khoi dong AI stream ---
[2026-07-17 10:53:00] Da dong archive phut: 1052
[2026-07-17 10:53:00] Mo archive moi: D:\lehuynhthuan\Cam\bida_ai_system\archive\ban1_1053.mp4
[2026-07-17 10:53:00] Da xoa archive cu: ban1_1052.mp4
[2026-07-17 10:53:00] Loi xoa archive cu: [WinError 32] The process cannot access the file because it is being used by another process: 'D:\\lehuynhthuan\\Cam\\bida_ai_system\\archive\\ban1_1053.mp4'
[2026-07-17 10:53:10] Loi: Khong the doc tu camera
[2026-07-17 10:53:13] --- Bat dau khoi dong AI stream ---
[2026-07-17 10:53:36] Loi: Khong the doc tu camera
[2026-07-17 10:53:38] --- Bat dau khoi dong AI stream ---
[2026-07-17 10:54:00] Da dong archive phut: 1053
[2026-07-17 10:54:00] Mo archive moi: D:\lehuynhthuan\Cam\bida_ai_system\archive\ban1_1054.mp4
[2026-07-17 10:54:00] Da xoa archive cu: ban1_1053.mp4
[2026-07-17 10:54:00] Loi xoa archive cu: [WinError 32] The process cannot access the file because it is being used by another process: 'D:\\lehuynhthuan\\Cam\\bida_ai_system\\archive\\ban1_1054.mp4'
[2026-07-17 10:54:00] Loi: Khong the doc tu camera
[2026-07-17 10:54:03] --- Bat dau khoi dong AI stream ---
[2026-07-17 10:54:25] Loi: Khong the doc tu camera
[2026-07-17 10:54:28] --- Bat dau khoi dong AI stream ---
[2026-07-17 10:54:49] Loi: Khong the doc tu camera
[2026-07-17 10:54:53] --- Bat dau khoi dong AI stream ---
[2026-07-17 10:55:00] Da dong archive phut: 1054
[2026-07-17 10:55:00] Mo archive moi: D:\lehuynhthuan\Cam\bida_ai_system\archive\ban1_1055.mp4
[2026-07-17 10:55:00] Da xoa archive cu: ban1_1054.mp4
[2026-07-17 10:55:00] Loi xoa archive cu: [WinError 32] The process cannot access the file because it is being used by another process: 'D:\\lehuynhthuan\\Cam\\bida_ai_system\\archive\\ban1_1055.mp4'
[2026-07-17 10:55:13] Loi: Khong the doc tu camera
[2026-07-17 10:55:18] --- Bat dau khoi dong AI stream ---
[2026-07-17 10:55:38] Loi: Khong the doc tu camera
[2026-07-17 10:55:42] Phat hien chuyen dong cam Menu (So pixel mau: 3606)
[2026-07-17 10:55:42] Phat hien chuyen dong cam Menu (So pixel mau: 603)
[2026-07-17 10:55:42] Phat hien chuyen dong cam Menu (So pixel mau: 2192)
[2026-07-17 10:55:42] XAC NHAN: KHACH CAM MENU VAY TAY ORDER! (3 lan/4s)
[2026-07-17 10:55:43] --- Bat dau khoi dong AI stream ---
[2026-07-17 10:55:47] Phat hien chuyen dong cam Menu (So pixel mau: 256)
[2026-07-17 10:55:47] Phat hien chuyen dong cam Menu (So pixel mau: 735)
[2026-07-17 10:55:47] Phat hien chuyen dong cam Menu (So pixel mau: 690)
[2026-07-17 10:55:47] Phat hien chuyen dong cam Menu (So pixel mau: 197)
[2026-07-17 10:55:47] Phat hien chuyen dong cam Menu (So pixel mau: 974)
[2026-07-17 10:55:47] Phat hien chuyen dong cam Menu (So pixel mau: 179)
[2026-07-17 10:55:47] Phat hien chuyen dong cam Menu (So pixel mau: 489)
[2026-07-17 10:55:47] Phat hien chuyen dong cam Menu (So pixel mau: 459)
[2026-07-17 10:55:47] Phat hien chuyen dong cam Menu (So pixel mau: 235)
[2026-07-17 10:55:47] Phat hien chuyen dong cam Menu (So pixel mau: 240)
[2026-07-17 10:56:00] Da dong archive phut: 1055
[2026-07-17 10:56:00] Mo archive moi: D:\lehuynhthuan\Cam\bida_ai_system\archive\ban1_1056.mp4
[2026-07-17 10:56:00] Da xoa archive cu: ban1_1055.mp4
[2026-07-17 10:56:00] Loi xoa archive cu: [WinError 32] The process cannot access the file because it is being used by another process: 'D:\\lehuynhthuan\\Cam\\bida_ai_system\\archive\\ban1_1056.mp4'
[2026-07-17 10:56:03] Loi: Khong the doc tu camera
[2026-07-17 10:56:08] --- Bat dau khoi dong AI stream ---
[2026-07-17 10:56:29] Loi: Khong the doc tu camera
[2026-07-17 10:56:33] --- Bat dau khoi dong AI stream ---
[2026-07-17 10:56:53] Loi: Khong the doc tu camera
[2026-07-17 10:56:58] --- Bat dau khoi dong AI stream ---
[2026-07-17 10:57:00] Da dong archive phut: 1056
[2026-07-17 10:57:00] Mo archive moi: D:\lehuynhthuan\Cam\bida_ai_system\archive\ban1_1057.mp4
[2026-07-17 10:57:00] Da xoa archive cu: ban1_1056.mp4
[2026-07-17 10:57:00] Loi xoa archive cu: [WinError 32] The process cannot access the file because it is being used by another process: 'D:\\lehuynhthuan\\Cam\\bida_ai_system\\archive\\ban1_1057.mp4'
[2026-07-17 10:57:18] Loi: Khong the doc tu camera
[2026-07-17 10:57:23] --- Bat dau khoi dong AI stream ---
[2026-07-17 10:58:00] Da dong archive phut: 1057
[2026-07-17 10:58:00] Mo archive moi: D:\lehuynhthuan\Cam\bida_ai_system\archive\ban1_1058.mp4
[2026-07-17 10:58:00] Da xoa archive cu: ban1_1057.mp4
[2026-07-17 10:58:00] Loi xoa archive cu: [WinError 32] The process cannot access the file because it is being used by another process: 'D:\\lehuynhthuan\\Cam\\bida_ai_system\\archive\\ban1_1058.mp4'
[2026-07-17 10:58:02] Loi: Khong the doc tu camera
[2026-07-17 10:58:08] --- Bat dau khoi dong AI stream ---
[2026-07-17 10:58:38] Loi: Khong the doc tu camera
[2026-07-17 10:58:43] --- Bat dau khoi dong AI stream ---
[2026-07-17 10:59:00] Da dong archive phut: 1058
[2026-07-17 10:59:00] Mo archive moi: D:\lehuynhthuan\Cam\bida_ai_system\archive\ban1_1059.mp4
[2026-07-17 10:59:00] Da xoa archive cu: ban1_1058.mp4
[2026-07-17 10:59:00] Loi xoa archive cu: [WinError 32] The process cannot access the file because it is being used by another process: 'D:\\lehuynhthuan\\Cam\\bida_ai_system\\archive\\ban1_1059.mp4'
[2026-07-17 10:59:11] Loi: Khong the doc tu camera
[2026-07-17 10:59:13] --- Bat dau khoi dong AI stream ---
[2026-07-17 10:59:30] Phat hien chuyen dong cam Menu (So pixel mau: 1549)
[2026-07-17 10:59:39] Loi: Khong the doc tu camera
[2026-07-17 10:59:41] Phat hien chuyen dong cam Menu (So pixel mau: 753)
[2026-07-17 10:59:41] Phat hien chuyen dong cam Menu (So pixel mau: 246)
[2026-07-17 10:59:41] Phat hien chuyen dong cam Menu (So pixel mau: 565)
[2026-07-17 10:59:41] XAC NHAN: KHACH CAM MENU VAY TAY ORDER! (3 lan/4s)
[2026-07-17 10:59:41] Phat hien chuyen dong cam Menu (So pixel mau: 440)
[2026-07-17 10:59:41] Phat hien chuyen dong cam Menu (So pixel mau: 414)
[2026-07-17 10:59:41] Phat hien chuyen dong cam Menu (So pixel mau: 608)
[2026-07-17 10:59:41] Phat hien chuyen dong cam Menu (So pixel mau: 500)
[2026-07-17 10:59:41] Phat hien chuyen dong cam Menu (So pixel mau: 669)
[2026-07-17 10:59:43] --- Bat dau khoi dong AI stream ---
[2026-07-17 10:59:45] Phat hien chuyen dong cam Menu (So pixel mau: 543)
[2026-07-17 10:59:45] Phat hien chuyen dong cam Menu (So pixel mau: 554)
[2026-07-17 10:59:45] Phat hien chuyen dong cam Menu (So pixel mau: 458)
[2026-07-17 10:59:45] Phat hien chuyen dong cam Menu (So pixel mau: 480)
[2026-07-17 11:00:00] Da dong archive phut: 1059
[2026-07-17 11:00:00] Mo archive moi: D:\lehuynhthuan\Cam\bida_ai_system\archive\ban1_1100.mp4
[2026-07-17 11:00:00] Da xoa archive cu: ban1_1059.mp4
[2026-07-17 11:00:00] Loi xoa archive cu: [WinError 32] The process cannot access the file because it is being used by another process: 'D:\\lehuynhthuan\\Cam\\bida_ai_system\\archive\\ban1_1100.mp4'
[2026-07-17 11:00:10] Loi: Khong the doc tu camera
[2026-07-17 11:00:13] --- Bat dau khoi dong AI stream ---
[2026-07-17 11:00:37] Phat hien chuyen dong cam Menu (So pixel mau: 2092)
[2026-07-17 11:00:37] Phat hien chuyen dong cam Menu (So pixel mau: 801)
[2026-07-17 11:00:37] Phat hien chuyen dong cam Menu (So pixel mau: 283)
[2026-07-17 11:00:37] XAC NHAN: KHACH CAM MENU VAY TAY ORDER! (3 lan/4s)
[2026-07-17 11:00:37] Phat hien chuyen dong cam Menu (So pixel mau: 559)
[2026-07-17 11:00:37] Phat hien chuyen dong cam Menu (So pixel mau: 919)
[2026-07-17 11:00:41] Loi: Khong the doc tu camera
[2026-07-17 11:00:43] --- Bat dau khoi dong AI stream ---
[2026-07-17 11:01:00] Da dong archive phut: 1100
[2026-07-17 11:01:00] Mo archive moi: D:\lehuynhthuan\Cam\bida_ai_system\archive\ban1_1101.mp4
[2026-07-17 11:01:00] Da xoa archive cu: ban1_1100.mp4
[2026-07-17 11:01:00] Loi xoa archive cu: [WinError 32] The process cannot access the file because it is being used by another process: 'D:\\lehuynhthuan\\Cam\\bida_ai_system\\archive\\ban1_1101.mp4'
[2026-07-17 11:01:09] Loi: Khong the doc tu camera
[2026-07-17 11:01:13] --- Bat dau khoi dong AI stream ---
[2026-07-17 11:01:39] Loi: Khong the doc tu camera
[2026-07-17 11:01:43] --- Bat dau khoi dong AI stream ---
[2026-07-17 11:02:00] Da dong archive phut: 1101
[2026-07-17 11:02:00] Mo archive moi: D:\lehuynhthuan\Cam\bida_ai_system\archive\ban1_1102.mp4
[2026-07-17 11:02:00] Da xoa archive cu: ban1_1101.mp4
[2026-07-17 11:02:00] Loi xoa archive cu: [WinError 32] The process cannot access the file because it is being used by another process: 'D:\\lehuynhthuan\\Cam\\bida_ai_system\\archive\\ban1_1102.mp4'
[2026-07-17 11:02:08] Loi: Khong the doc tu camera
[2026-07-17 11:02:13] --- Bat dau khoi dong AI stream ---
[2026-07-17 11:02:41] Loi: Khong the doc tu camera
[2026-07-17 11:02:44] --- Bat dau khoi dong AI stream ---
[2026-07-17 11:03:00] Da dong archive phut: 1102
[2026-07-17 11:03:00] Mo archive moi: D:\lehuynhthuan\Cam\bida_ai_system\archive\ban1_1103.mp4
[2026-07-17 11:03:00] Da xoa archive cu: ban1_1102.mp4
[2026-07-17 11:03:00] Loi xoa archive cu: [WinError 32] The process cannot access the file because it is being used by another process: 'D:\\lehuynhthuan\\Cam\\bida_ai_system\\archive\\ban1_1103.mp4'
[2026-07-17 11:03:05] Phat hien chuyen dong cam Menu (So pixel mau: 185)
[2026-07-17 11:03:06] Phat hien chuyen dong cam Menu (So pixel mau: 465)
[2026-07-17 11:03:06] Phat hien chuyen dong cam Menu (So pixel mau: 389)
[2026-07-17 11:03:06] XAC NHAN: KHACH CAM MENU VAY TAY ORDER! (3 lan/4s)
[2026-07-17 11:03:06] Phat hien chuyen dong cam Menu (So pixel mau: 322)
[2026-07-17 11:03:06] Phat hien chuyen dong cam Menu (So pixel mau: 921)
[2026-07-17 11:03:06] Phat hien chuyen dong cam Menu (So pixel mau: 323)
[2026-07-17 11:03:06] Phat hien chuyen dong cam Menu (So pixel mau: 473)
[2026-07-17 11:03:07] Phat hien chuyen dong cam Menu (So pixel mau: 533)
[2026-07-17 11:03:07] Phat hien chuyen dong cam Menu (So pixel mau: 202)
[2026-07-17 11:03:09] Loi: Khong the doc tu camera
[2026-07-17 11:03:09] Phat hien chuyen dong cam Menu (So pixel mau: 382)
[2026-07-17 11:03:09] Phat hien chuyen dong cam Menu (So pixel mau: 238)
[2026-07-17 11:03:13] --- Bat dau khoi dong AI stream ---
[2026-07-17 11:03:35] Loi: Khong the doc tu camera
[2026-07-17 11:03:38] --- Bat dau khoi dong AI stream ---
[2026-07-17 11:04:00] Da dong archive phut: 1103
[2026-07-17 11:04:00] Mo archive moi: D:\lehuynhthuan\Cam\bida_ai_system\archive\ban1_1104.mp4
[2026-07-17 11:04:00] Da xoa archive cu: ban1_1103.mp4
[2026-07-17 11:04:00] Loi xoa archive cu: [WinError 32] The process cannot access the file because it is being used by another process: 'D:\\lehuynhthuan\\Cam\\bida_ai_system\\archive\\ban1_1104.mp4'
[2026-07-17 11:04:03] Loi: Khong the doc tu camera
[2026-07-17 11:04:08] --- Bat dau khoi dong AI stream ---
[2026-07-17 11:04:33] Loi: Khong the doc tu camera
[2026-07-17 11:04:38] --- Bat dau khoi dong AI stream ---
[2026-07-17 11:05:00] Da dong archive phut: 1104
[2026-07-17 11:05:00] Mo archive moi: D:\lehuynhthuan\Cam\bida_ai_system\archive\ban1_1105.mp4
[2026-07-17 11:05:00] Da xoa archive cu: ban1_1104.mp4
[2026-07-17 11:05:00] Loi xoa archive cu: [WinError 32] The process cannot access the file because it is being used by another process: 'D:\\lehuynhthuan\\Cam\\bida_ai_system\\archive\\ban1_1105.mp4'
[2026-07-17 11:05:05] Loi: Khong the doc tu camera
[2026-07-17 11:05:08] --- Bat dau khoi dong AI stream ---
[2026-07-17 11:05:13] Phat hien chuyen dong cam Menu (So pixel mau: 2420)
[2026-07-17 11:05:13] Phat hien chuyen dong cam Menu (So pixel mau: 2101)
[2026-07-17 11:05:13] Phat hien chuyen dong cam Menu (So pixel mau: 3712)
[2026-07-17 11:05:13] XAC NHAN: KHACH CAM MENU VAY TAY ORDER! (3 lan/4s)
[2026-07-17 11:05:13] Phat hien chuyen dong cam Menu (So pixel mau: 250)
[2026-07-17 11:05:13] Phat hien chuyen dong cam Menu (So pixel mau: 295)
[2026-07-17 11:05:33] Loi: Khong the doc tu camera
[2026-07-17 11:05:38] --- Bat dau khoi dong AI stream ---
[2026-07-17 11:06:00] Da dong archive phut: 1105
[2026-07-17 11:06:00] Mo archive moi: D:\lehuynhthuan\Cam\bida_ai_system\archive\ban1_1106.mp4
[2026-07-17 11:06:00] Da xoa archive cu: ban1_1105.mp4
[2026-07-17 11:06:00] Loi xoa archive cu: [WinError 32] The process cannot access the file because it is being used by another process: 'D:\\lehuynhthuan\\Cam\\bida_ai_system\\archive\\ban1_1106.mp4'
[2026-07-17 11:06:05] Loi: Khong the doc tu camera
[2026-07-17 11:06:08] --- Bat dau khoi dong AI stream ---
[2026-07-17 11:06:34] Loi: Khong the doc tu camera
[2026-07-17 11:06:38] --- Bat dau khoi dong AI stream ---
[2026-07-17 11:07:00] Da dong archive phut: 1106
[2026-07-17 11:07:00] Mo archive moi: D:\lehuynhthuan\Cam\bida_ai_system\archive\ban1_1107.mp4
[2026-07-17 11:07:00] Da xoa archive cu: ban1_1106.mp4
[2026-07-17 11:07:00] Loi xoa archive cu: [WinError 32] The process cannot access the file because it is being used by another process: 'D:\\lehuynhthuan\\Cam\\bida_ai_system\\archive\\ban1_1107.mp4'
[2026-07-17 11:07:02] Loi: Khong the doc tu camera
[2026-07-17 11:07:03] --- Bat dau khoi dong AI stream ---
[2026-07-17 11:07:28] Loi: Khong the doc tu camera
[2026-07-17 11:07:33] --- Bat dau khoi dong AI stream ---
[2026-07-17 11:07:59] Phat hien chuyen dong cam Menu (So pixel mau: 4612)
[2026-07-17 11:07:59] Phat hien chuyen dong cam Menu (So pixel mau: 345)
[2026-07-17 11:07:59] Phat hien chuyen dong cam Menu (So pixel mau: 3084)
[2026-07-17 11:07:59] XAC NHAN: KHACH CAM MENU VAY TAY ORDER! (3 lan/4s)
[2026-07-17 11:07:59] Phat hien chuyen dong cam Menu (So pixel mau: 7721)
[2026-07-17 11:08:00] Da dong archive phut: 1107
[2026-07-17 11:08:00] Mo archive moi: D:\lehuynhthuan\Cam\bida_ai_system\archive\ban1_1108.mp4
[2026-07-17 11:08:00] Da xoa archive cu: ban1_1107.mp4
[2026-07-17 11:08:00] Loi xoa archive cu: [WinError 32] The process cannot access the file because it is being used by another process: 'D:\\lehuynhthuan\\Cam\\bida_ai_system\\archive\\ban1_1108.mp4'
[2026-07-17 11:08:00] Loi: Khong the doc tu camera
[2026-07-17 11:08:03] --- Bat dau khoi dong AI stream ---
[2026-07-17 11:08:23] Loi: Khong the doc tu camera
[2026-07-17 11:08:28] --- Bat dau khoi dong AI stream ---
[2026-07-17 11:08:48] Loi: Khong the doc tu camera
[2026-07-17 11:08:53] --- Bat dau khoi dong AI stream ---
[2026-07-17 11:09:00] Da dong archive phut: 1108
[2026-07-17 11:09:00] Mo archive moi: D:\lehuynhthuan\Cam\bida_ai_system\archive\ban1_1109.mp4
[2026-07-17 11:09:00] Da xoa archive cu: ban1_1108.mp4
[2026-07-17 11:09:00] Loi xoa archive cu: [WinError 32] The process cannot access the file because it is being used by another process: 'D:\\lehuynhthuan\\Cam\\bida_ai_system\\archive\\ban1_1109.mp4'
[2026-07-17 11:09:13] Loi: Khong the doc tu camera
[2026-07-17 11:09:18] --- Bat dau khoi dong AI stream ---
[2026-07-17 11:09:39] Loi: Khong the doc tu camera
[2026-07-17 11:09:43] --- Bat dau khoi dong AI stream ---
[2026-07-17 11:10:00] Da dong archive phut: 1109
[2026-07-17 11:10:00] Mo archive moi: D:\lehuynhthuan\Cam\bida_ai_system\archive\ban1_1110.mp4
[2026-07-17 11:10:00] Da xoa archive cu: ban1_1109.mp4
[2026-07-17 11:10:00] Loi xoa archive cu: [WinError 32] The process cannot access the file because it is being used by another process: 'D:\\lehuynhthuan\\Cam\\bida_ai_system\\archive\\ban1_1110.mp4'
[2026-07-17 11:10:03] Loi: Khong the doc tu camera
[2026-07-17 11:10:08] --- Bat dau khoi dong AI stream ---
[2026-07-17 11:10:17] Phat hien chuyen dong cam Menu (So pixel mau: 555)
[2026-07-17 11:10:29] Loi: Khong the doc tu camera
[2026-07-17 11:10:33] --- Bat dau khoi dong AI stream ---
[2026-07-17 11:10:53] Loi: Khong the doc tu camera
[2026-07-17 11:10:58] --- Bat dau khoi dong AI stream ---
[2026-07-17 11:11:00] Da dong archive phut: 1110
[2026-07-17 11:11:00] Mo archive moi: D:\lehuynhthuan\Cam\bida_ai_system\archive\ban1_1111.mp4
[2026-07-17 11:11:00] Da xoa archive cu: ban1_1110.mp4
[2026-07-17 11:11:00] Loi xoa archive cu: [WinError 32] The process cannot access the file because it is being used by another process: 'D:\\lehuynhthuan\\Cam\\bida_ai_system\\archive\\ban1_1111.mp4'
[2026-07-17 11:11:18] Loi: Khong the doc tu camera
[2026-07-17 11:11:23] --- Bat dau khoi dong AI stream ---
[2026-07-17 11:11:44] Loi: Khong the doc tu camera
[2026-07-17 11:11:48] --- Bat dau khoi dong AI stream ---
[2026-07-17 11:12:00] Da dong archive phut: 1111
[2026-07-17 11:12:00] Mo archive moi: D:\lehuynhthuan\Cam\bida_ai_system\archive\ban1_1112.mp4
[2026-07-17 11:12:00] Da xoa archive cu: ban1_1111.mp4
[2026-07-17 11:12:00] Loi xoa archive cu: [WinError 32] The process cannot access the file because it is being used by another process: 'D:\\lehuynhthuan\\Cam\\bida_ai_system\\archive\\ban1_1112.mp4'
[2026-07-17 11:12:08] Loi: Khong the doc tu camera
[2026-07-17 11:12:13] --- Bat dau khoi dong AI stream ---
[2026-07-17 11:12:34] Loi: Khong the doc tu camera
[2026-07-17 11:12:38] --- Bat dau khoi dong AI stream ---
[2026-07-17 11:12:59] Loi: Khong the doc tu camera
[2026-07-17 11:13:00] Da dong archive phut: 1112
[2026-07-17 11:13:00] Mo archive moi: D:\lehuynhthuan\Cam\bida_ai_system\archive\ban1_1113.mp4
[2026-07-17 11:13:00] Da xoa archive cu: ban1_1112.mp4
[2026-07-17 11:13:00] Loi xoa archive cu: [WinError 32] The process cannot access the file because it is being used by another process: 'D:\\lehuynhthuan\\Cam\\bida_ai_system\\archive\\ban1_1113.mp4'
[2026-07-17 11:13:03] --- Bat dau khoi dong AI stream ---
[2026-07-17 11:13:05] Phat hien chuyen dong cam Menu (So pixel mau: 1958)
[2026-07-17 11:13:23] Loi: Khong the doc tu camera
[2026-07-17 11:13:28] --- Bat dau khoi dong AI stream ---
[2026-07-17 11:13:49] Loi: Khong the doc tu camera
[2026-07-17 11:13:53] --- Bat dau khoi dong AI stream ---
[2026-07-17 11:14:00] Da dong archive phut: 1113
[2026-07-17 11:14:00] Mo archive moi: D:\lehuynhthuan\Cam\bida_ai_system\archive\ban1_1114.mp4
[2026-07-17 11:14:00] Da xoa archive cu: ban1_1113.mp4
[2026-07-17 11:14:00] Loi xoa archive cu: [WinError 32] The process cannot access the file because it is being used by another process: 'D:\\lehuynhthuan\\Cam\\bida_ai_system\\archive\\ban1_1114.mp4'
[2026-07-17 11:14:14] Loi: Khong the doc tu camera
[2026-07-17 11:14:18] --- Bat dau khoi dong AI stream ---
[2026-07-17 11:14:39] Loi: Khong the doc tu camera
[2026-07-17 11:14:43] --- Bat dau khoi dong AI stream ---
[2026-07-17 11:15:00] Da dong archive phut: 1114
[2026-07-17 11:15:00] Mo archive moi: D:\lehuynhthuan\Cam\bida_ai_system\archive\ban1_1115.mp4
[2026-07-17 11:15:00] Da xoa archive cu: ban1_1114.mp4
[2026-07-17 11:15:00] Loi xoa archive cu: [WinError 32] The process cannot access the file because it is being used by another process: 'D:\\lehuynhthuan\\Cam\\bida_ai_system\\archive\\ban1_1115.mp4'
[2026-07-17 11:15:04] Loi: Khong the doc tu camera
[2026-07-17 11:15:08] --- Bat dau khoi dong AI stream ---
[2026-07-17 11:15:28] Loi: Khong the doc tu camera
[2026-07-17 11:15:33] --- Bat dau khoi dong AI stream ---
[2026-07-17 11:15:53] Loi: Khong the doc tu camera
[2026-07-17 11:15:58] --- Bat dau khoi dong AI stream ---
[2026-07-17 11:16:00] Da dong archive phut: 1115
[2026-07-17 11:16:00] Mo archive moi: D:\lehuynhthuan\Cam\bida_ai_system\archive\ban1_1116.mp4
[2026-07-17 11:16:00] Da xoa archive cu: ban1_1115.mp4
[2026-07-17 11:16:00] Loi xoa archive cu: [WinError 32] The process cannot access the file because it is being used by another process: 'D:\\lehuynhthuan\\Cam\\bida_ai_system\\archive\\ban1_1116.mp4'
[2026-07-17 11:16:19] Loi: Khong the doc tu camera
[2026-07-17 11:16:23] --- Bat dau khoi dong AI stream ---
[2026-07-17 11:16:43] Loi: Khong the doc tu camera
[2026-07-17 11:16:48] --- Bat dau khoi dong AI stream ---
[2026-07-17 11:17:00] Da dong archive phut: 1116
[2026-07-17 11:17:00] Mo archive moi: D:\lehuynhthuan\Cam\bida_ai_system\archive\ban1_1117.mp4
[2026-07-17 11:17:00] Da xoa archive cu: ban1_1116.mp4
[2026-07-17 11:17:00] Loi xoa archive cu: [WinError 32] The process cannot access the file because it is being used by another process: 'D:\\lehuynhthuan\\Cam\\bida_ai_system\\archive\\ban1_1117.mp4'
[2026-07-17 11:17:08] Loi: Khong the doc tu camera
[2026-07-17 11:17:13] --- Bat dau khoi dong AI stream ---
[2026-07-17 11:17:33] Loi: Khong the doc tu camera
[2026-07-17 11:17:38] --- Bat dau khoi dong AI stream ---
[2026-07-17 11:18:00] Da dong archive phut: 1117
[2026-07-17 11:18:00] Mo archive moi: D:\lehuynhthuan\Cam\bida_ai_system\archive\ban1_1118.mp4
[2026-07-17 11:18:00] Da xoa archive cu: ban1_1117.mp4
[2026-07-17 11:18:00] Loi xoa archive cu: [WinError 32] The process cannot access the file because it is being used by another process: 'D:\\lehuynhthuan\\Cam\\bida_ai_system\\archive\\ban1_1118.mp4'
[2026-07-17 11:18:04] Loi: Khong the doc tu camera
[2026-07-17 11:18:08] --- Bat dau khoi dong AI stream ---
[2026-07-17 11:18:32] Loi: Khong the doc tu camera
[2026-07-17 11:18:38] --- Bat dau khoi dong AI stream ---
[2026-07-17 11:18:59] Loi: Khong the doc tu camera
[2026-07-17 11:19:00] Da dong archive phut: 1118
[2026-07-17 11:19:00] Mo archive moi: D:\lehuynhthuan\Cam\bida_ai_system\archive\ban1_1119.mp4
[2026-07-17 11:19:00] Da xoa archive cu: ban1_1118.mp4
[2026-07-17 11:19:00] Loi xoa archive cu: [WinError 32] The process cannot access the file because it is being used by another process: 'D:\\lehuynhthuan\\Cam\\bida_ai_system\\archive\\ban1_1119.mp4'
[2026-07-17 11:19:03] --- Bat dau khoi dong AI stream ---
[2026-07-17 11:19:24] Loi: Khong the doc tu camera
[2026-07-17 11:19:28] --- Bat dau khoi dong AI stream ---
[2026-07-17 11:19:50] Loi: Khong the doc tu camera
[2026-07-17 11:19:53] --- Bat dau khoi dong AI stream ---
[2026-07-17 11:20:00] Da dong archive phut: 1119
[2026-07-17 11:20:00] Mo archive moi: D:\lehuynhthuan\Cam\bida_ai_system\archive\ban1_1120.mp4
[2026-07-17 11:20:00] Da xoa archive cu: ban1_1119.mp4
[2026-07-17 11:20:00] Loi xoa archive cu: [WinError 32] The process cannot access the file because it is being used by another process: 'D:\\lehuynhthuan\\Cam\\bida_ai_system\\archive\\ban1_1120.mp4'
[2026-07-17 11:20:22] Loi: Khong the doc tu camera
[2026-07-17 11:20:23] --- Bat dau khoi dong AI stream ---
[2026-07-17 11:20:51] Loi: Khong the doc tu camera
[2026-07-17 11:20:53] --- Bat dau khoi dong AI stream ---
[2026-07-17 11:21:00] Da dong archive phut: 1120
[2026-07-17 11:21:00] Mo archive moi: D:\lehuynhthuan\Cam\bida_ai_system\archive\ban1_1121.mp4
[2026-07-17 11:21:00] Da xoa archive cu: ban1_1120.mp4
[2026-07-17 11:21:00] Loi xoa archive cu: [WinError 32] The process cannot access the file because it is being used by another process: 'D:\\lehuynhthuan\\Cam\\bida_ai_system\\archive\\ban1_1121.mp4'
[2026-07-17 11:21:21] Loi: Khong the doc tu camera
[2026-07-17 11:21:23] --- Bat dau khoi dong AI stream ---
[2026-07-17 11:21:51] Loi: Khong the doc tu camera
[2026-07-17 11:21:53] --- Bat dau khoi dong AI stream ---
[2026-07-17 11:22:00] Da dong archive phut: 1121
[2026-07-17 11:22:00] Mo archive moi: D:\lehuynhthuan\Cam\bida_ai_system\archive\ban1_1122.mp4
[2026-07-17 11:22:00] Da xoa archive cu: ban1_1121.mp4
[2026-07-17 11:22:00] Loi xoa archive cu: [WinError 32] The process cannot access the file because it is being used by another process: 'D:\\lehuynhthuan\\Cam\\bida_ai_system\\archive\\ban1_1122.mp4'
[2026-07-17 11:22:20] Loi: Khong the doc tu camera
[2026-07-17 11:22:23] --- Bat dau khoi dong AI stream ---
[2026-07-17 11:22:51] Loi: Khong the doc tu camera
[2026-07-17 11:22:53] --- Bat dau khoi dong AI stream ---
[2026-07-17 11:23:00] Da dong archive phut: 1122
[2026-07-17 11:23:00] Mo archive moi: D:\lehuynhthuan\Cam\bida_ai_system\archive\ban1_1123.mp4
[2026-07-17 11:23:00] Da xoa archive cu: ban1_1122.mp4
[2026-07-17 11:23:00] Loi xoa archive cu: [WinError 32] The process cannot access the file because it is being used by another process: 'D:\\lehuynhthuan\\Cam\\bida_ai_system\\archive\\ban1_1123.mp4'
[2026-07-17 11:23:21] Loi: Khong the doc tu camera
[2026-07-17 11:23:23] --- Bat dau khoi dong AI stream ---
[2026-07-17 11:23:51] Loi: Khong the doc tu camera
[2026-07-17 11:23:53] --- Bat dau khoi dong AI stream ---
[2026-07-17 11:24:00] Da dong archive phut: 1123
[2026-07-17 11:24:00] Mo archive moi: D:\lehuynhthuan\Cam\bida_ai_system\archive\ban1_1124.mp4
[2026-07-17 11:24:00] Da xoa archive cu: ban1_1123.mp4
[2026-07-17 11:24:00] Loi xoa archive cu: [WinError 32] The process cannot access the file because it is being used by another process: 'D:\\lehuynhthuan\\Cam\\bida_ai_system\\archive\\ban1_1124.mp4'
[2026-07-17 11:24:21] Loi: Khong the doc tu camera
[2026-07-17 11:24:23] --- Bat dau khoi dong AI stream ---
[2026-07-17 11:24:50] Loi: Khong the doc tu camera
[2026-07-17 11:24:53] --- Bat dau khoi dong AI stream ---
[2026-07-17 11:25:00] Da dong archive phut: 1124
[2026-07-17 11:25:00] Mo archive moi: D:\lehuynhthuan\Cam\bida_ai_system\archive\ban1_1125.mp4
[2026-07-17 11:25:00] Da xoa archive cu: ban1_1124.mp4
[2026-07-17 11:25:00] Loi xoa archive cu: [WinError 32] The process cannot access the file because it is being used by another process: 'D:\\lehuynhthuan\\Cam\\bida_ai_system\\archive\\ban1_1125.mp4'
[2026-07-17 11:25:17] Loi: Khong the doc tu camera
[2026-07-17 11:25:18] --- Bat dau khoi dong AI stream ---
[2026-07-17 11:25:42] Loi: Khong the doc tu camera
[2026-07-17 11:25:43] --- Bat dau khoi dong AI stream ---
[2026-07-17 11:26:00] Da dong archive phut: 1125
[2026-07-17 11:26:00] Mo archive moi: D:\lehuynhthuan\Cam\bida_ai_system\archive\ban1_1126.mp4
[2026-07-17 11:26:00] Da xoa archive cu: ban1_1125.mp4
[2026-07-17 11:26:00] Loi xoa archive cu: [WinError 32] The process cannot access the file because it is being used by another process: 'D:\\lehuynhthuan\\Cam\\bida_ai_system\\archive\\ban1_1126.mp4'
[2026-07-17 11:26:07] Loi: Khong the doc tu camera
[2026-07-17 11:26:08] --- Bat dau khoi dong AI stream ---
[2026-07-17 11:26:33] Loi: Khong the doc tu camera
[2026-07-17 11:26:38] --- Bat dau khoi dong AI stream ---
[2026-07-17 11:27:00] Da dong archive phut: 1126
[2026-07-17 11:27:00] Mo archive moi: D:\lehuynhthuan\Cam\bida_ai_system\archive\ban1_1127.mp4
[2026-07-17 11:27:00] Da xoa archive cu: ban1_1126.mp4
[2026-07-17 11:27:00] Loi xoa archive cu: [WinError 32] The process cannot access the file because it is being used by another process: 'D:\\lehuynhthuan\\Cam\\bida_ai_system\\archive\\ban1_1127.mp4'
[2026-07-17 11:27:04] Loi: Khong the doc tu camera
[2026-07-17 11:27:08] --- Bat dau khoi dong AI stream ---
[2026-07-17 11:27:30] Loi: Khong the doc tu camera
[2026-07-17 11:27:30] Phat hien chuyen dong cam Menu (So pixel mau: 210)
[2026-07-17 11:27:30] Phat hien chuyen dong cam Menu (So pixel mau: 191)
[2026-07-17 11:27:33] --- Bat dau khoi dong AI stream ---
[2026-07-17 11:27:54] Loi: Khong the doc tu camera
[2026-07-17 11:27:58] --- Bat dau khoi dong AI stream ---
[2026-07-17 11:28:00] Da dong archive phut: 1127
[2026-07-17 11:28:00] Mo archive moi: D:\lehuynhthuan\Cam\bida_ai_system\archive\ban1_1128.mp4
[2026-07-17 11:28:00] Da xoa archive cu: ban1_1127.mp4
[2026-07-17 11:28:00] Loi xoa archive cu: [WinError 32] The process cannot access the file because it is being used by another process: 'D:\\lehuynhthuan\\Cam\\bida_ai_system\\archive\\ban1_1128.mp4'
[2026-07-17 11:28:20] Loi: Khong the doc tu camera
[2026-07-17 11:28:23] --- Bat dau khoi dong AI stream ---
[2026-07-17 11:28:40] Phat hien chuyen dong cam Menu (So pixel mau: 749)
[2026-07-17 11:28:40] Phat hien chuyen dong cam Menu (So pixel mau: 1129)
[2026-07-17 11:28:40] Phat hien chuyen dong cam Menu (So pixel mau: 7889)
[2026-07-17 11:28:40] XAC NHAN: KHACH CAM MENU VAY TAY ORDER! (3 lan/4s)
[2026-07-17 11:28:40] Phat hien chuyen dong cam Menu (So pixel mau: 8319)
[2026-07-17 11:28:40] Phat hien chuyen dong cam Menu (So pixel mau: 183)
[2026-07-17 11:28:40] Phat hien chuyen dong cam Menu (So pixel mau: 7766)
[2026-07-17 11:28:40] Phat hien chuyen dong cam Menu (So pixel mau: 5699)
[2026-07-17 11:28:40] Phat hien chuyen dong cam Menu (So pixel mau: 370)
[2026-07-17 11:28:41] Phat hien chuyen dong cam Menu (So pixel mau: 416)
[2026-07-17 11:28:41] Phat hien chuyen dong cam Menu (So pixel mau: 517)
[2026-07-17 11:28:41] Phat hien chuyen dong cam Menu (So pixel mau: 1075)
[2026-07-17 11:28:41] Phat hien chuyen dong cam Menu (So pixel mau: 711)
[2026-07-17 11:28:41] Phat hien chuyen dong cam Menu (So pixel mau: 964)
[2026-07-17 11:28:41] Phat hien chuyen dong cam Menu (So pixel mau: 916)
[2026-07-17 11:28:41] Phat hien chuyen dong cam Menu (So pixel mau: 950)
[2026-07-17 11:28:41] Phat hien chuyen dong cam Menu (So pixel mau: 620)
[2026-07-17 11:28:41] Phat hien chuyen dong cam Menu (So pixel mau: 775)
[2026-07-17 11:28:41] Phat hien chuyen dong cam Menu (So pixel mau: 777)
[2026-07-17 11:28:41] Phat hien chuyen dong cam Menu (So pixel mau: 425)
[2026-07-17 11:28:41] Phat hien chuyen dong cam Menu (So pixel mau: 312)
[2026-07-17 11:28:41] Phat hien chuyen dong cam Menu (So pixel mau: 250)
[2026-07-17 11:28:45] Loi: Khong the doc tu camera
[2026-07-17 11:28:48] --- Bat dau khoi dong AI stream ---
[2026-07-17 11:29:00] Da dong archive phut: 1128
[2026-07-17 11:29:00] Mo archive moi: D:\lehuynhthuan\Cam\bida_ai_system\archive\ban1_1129.mp4
[2026-07-17 11:29:00] Da xoa archive cu: ban1_1128.mp4
[2026-07-17 11:29:00] Loi xoa archive cu: [WinError 32] The process cannot access the file because it is being used by another process: 'D:\\lehuynhthuan\\Cam\\bida_ai_system\\archive\\ban1_1129.mp4'
[2026-07-17 11:29:10] Loi: Khong the doc tu camera
[2026-07-17 11:29:13] --- Bat dau khoi dong AI stream ---
[2026-07-17 11:29:29] Phat hien chuyen dong cam Menu (So pixel mau: 430)
[2026-07-17 11:29:29] Phat hien chuyen dong cam Menu (So pixel mau: 598)
[2026-07-17 11:29:29] Phat hien chuyen dong cam Menu (So pixel mau: 1606)
[2026-07-17 11:29:29] XAC NHAN: KHACH CAM MENU VAY TAY ORDER! (3 lan/4s)
[2026-07-17 11:29:30] Phat hien chuyen dong cam Menu (So pixel mau: 351)
[2026-07-17 11:29:30] Phat hien chuyen dong cam Menu (So pixel mau: 702)
[2026-07-17 11:29:30] Phat hien chuyen dong cam Menu (So pixel mau: 667)
[2026-07-17 11:29:30] Phat hien chuyen dong cam Menu (So pixel mau: 242)
[2026-07-17 11:29:30] Phat hien chuyen dong cam Menu (So pixel mau: 202)
[2026-07-17 11:29:35] Loi: Khong the doc tu camera
[2026-07-17 11:29:38] --- Bat dau khoi dong AI stream ---
[2026-07-17 11:30:00] Da dong archive phut: 1129
[2026-07-17 11:30:00] Mo archive moi: D:\lehuynhthuan\Cam\bida_ai_system\archive\ban1_1130.mp4
[2026-07-17 11:30:00] Da xoa archive cu: ban1_1129.mp4
[2026-07-17 11:30:00] Loi xoa archive cu: [WinError 32] The process cannot access the file because it is being used by another process: 'D:\\lehuynhthuan\\Cam\\bida_ai_system\\archive\\ban1_1130.mp4'
[2026-07-17 11:30:01] Loi: Khong the doc tu camera
[2026-07-17 11:30:03] --- Bat dau khoi dong AI stream ---
[2026-07-17 11:30:24] Loi: Khong the doc tu camera
[2026-07-17 11:30:28] --- Bat dau khoi dong AI stream ---
[2026-07-17 11:30:49] Loi: Khong the doc tu camera
[2026-07-17 11:30:53] --- Bat dau khoi dong AI stream ---
[2026-07-17 11:31:00] Da dong archive phut: 1130
[2026-07-17 11:31:00] Mo archive moi: D:\lehuynhthuan\Cam\bida_ai_system\archive\ban1_1131.mp4
[2026-07-17 11:31:00] Da xoa archive cu: ban1_1130.mp4
[2026-07-17 11:31:00] Loi xoa archive cu: [WinError 32] The process cannot access the file because it is being used by another process: 'D:\\lehuynhthuan\\Cam\\bida_ai_system\\archive\\ban1_1131.mp4'
[2026-07-17 11:31:14] Loi: Khong the doc tu camera
[2026-07-17 11:31:18] --- Bat dau khoi dong AI stream ---
[2026-07-17 11:31:39] Loi: Khong the doc tu camera
[2026-07-17 11:31:43] --- Bat dau khoi dong AI stream ---
[2026-07-17 11:32:00] Da dong archive phut: 1131
[2026-07-17 11:32:00] Mo archive moi: D:\lehuynhthuan\Cam\bida_ai_system\archive\ban1_1132.mp4
[2026-07-17 11:32:00] Da xoa archive cu: ban1_1131.mp4
[2026-07-17 11:32:00] Loi xoa archive cu: [WinError 32] The process cannot access the file because it is being used by another process: 'D:\\lehuynhthuan\\Cam\\bida_ai_system\\archive\\ban1_1132.mp4'
[2026-07-17 11:32:06] Loi: Khong the doc tu camera
[2026-07-17 11:32:08] --- Bat dau khoi dong AI stream ---
[2026-07-17 11:32:35] Loi: Khong the doc tu camera
[2026-07-17 11:32:38] --- Bat dau khoi dong AI stream ---
[2026-07-17 11:33:00] Da dong archive phut: 1132
[2026-07-17 11:33:00] Mo archive moi: D:\lehuynhthuan\Cam\bida_ai_system\archive\ban1_1133.mp4
[2026-07-17 11:33:00] Da xoa archive cu: ban1_1132.mp4
[2026-07-17 11:33:00] Loi xoa archive cu: [WinError 32] The process cannot access the file because it is being used by another process: 'D:\\lehuynhthuan\\Cam\\bida_ai_system\\archive\\ban1_1133.mp4'
[2026-07-17 11:33:02] Loi: Khong the doc tu camera
[2026-07-17 11:33:03] --- Bat dau khoi dong AI stream ---
[2026-07-17 11:33:27] Loi: Khong the doc tu camera
[2026-07-17 11:33:33] --- Bat dau khoi dong AI stream ---
[2026-07-17 11:33:52] Loi: Khong the doc tu camera
[2026-07-17 11:33:53] --- Bat dau khoi dong AI stream ---
[2026-07-17 11:34:00] Da dong archive phut: 1133
[2026-07-17 11:34:00] Mo archive moi: D:\lehuynhthuan\Cam\bida_ai_system\archive\ban1_1134.mp4
[2026-07-17 11:34:00] Da xoa archive cu: ban1_1133.mp4
[2026-07-17 11:34:00] Loi xoa archive cu: [WinError 32] The process cannot access the file because it is being used by another process: 'D:\\lehuynhthuan\\Cam\\bida_ai_system\\archive\\ban1_1134.mp4'
[2026-07-17 11:34:13] Loi: Khong the doc tu camera
[2026-07-17 11:34:18] --- Bat dau khoi dong AI stream ---
[2026-07-17 11:34:19] Phat hien chuyen dong cam Menu (So pixel mau: 7093)
[2026-07-17 11:34:20] Phat hien chuyen dong cam Menu (So pixel mau: 1923)
[2026-07-17 11:34:20] Phat hien chuyen dong cam Menu (So pixel mau: 1440)
[2026-07-17 11:34:20] XAC NHAN: KHACH CAM MENU VAY TAY ORDER! (3 lan/4s)
[2026-07-17 11:34:20] Phat hien chuyen dong cam Menu (So pixel mau: 919)
[2026-07-17 11:34:20] Phat hien chuyen dong cam Menu (So pixel mau: 1193)
[2026-07-17 11:34:20] Phat hien chuyen dong cam Menu (So pixel mau: 151)
[2026-07-17 11:34:20] Phat hien chuyen dong cam Menu (So pixel mau: 2445)
[2026-07-17 11:34:20] Phat hien chuyen dong cam Menu (So pixel mau: 454)
[2026-07-17 11:34:38] Loi: Khong the doc tu camera
[2026-07-17 11:34:43] --- Bat dau khoi dong AI stream ---
[2026-07-17 11:35:00] Da dong archive phut: 1134
[2026-07-17 11:35:00] Mo archive moi: D:\lehuynhthuan\Cam\bida_ai_system\archive\ban1_1135.mp4
[2026-07-17 11:35:00] Da xoa archive cu: ban1_1134.mp4
[2026-07-17 11:35:00] Loi xoa archive cu: [WinError 32] The process cannot access the file because it is being used by another process: 'D:\\lehuynhthuan\\Cam\\bida_ai_system\\archive\\ban1_1135.mp4'
[2026-07-17 11:35:02] Loi: Khong the doc tu camera
[2026-07-17 11:35:03] --- Bat dau khoi dong AI stream ---
[2026-07-17 11:35:22] Loi: Khong the doc tu camera
[2026-07-17 11:35:23] --- Bat dau khoi dong AI stream ---
[2026-07-17 11:35:43] Loi: Khong the doc tu camera
[2026-07-17 11:35:48] --- Bat dau khoi dong AI stream ---
[2026-07-17 11:36:00] Da dong archive phut: 1135
[2026-07-17 11:36:00] Mo archive moi: D:\lehuynhthuan\Cam\bida_ai_system\archive\ban1_1136.mp4
[2026-07-17 11:36:00] Da xoa archive cu: ban1_1135.mp4
[2026-07-17 11:36:00] Loi xoa archive cu: [WinError 32] The process cannot access the file because it is being used by another process: 'D:\\lehuynhthuan\\Cam\\bida_ai_system\\archive\\ban1_1136.mp4'
[2026-07-17 11:36:07] Loi: Khong the doc tu camera
[2026-07-17 11:36:08] --- Bat dau khoi dong AI stream ---
[2026-07-17 11:36:28] Loi: Khong the doc tu camera
[2026-07-17 11:36:28] --- Bat dau khoi dong AI stream ---
[2026-07-17 11:36:48] Loi: Khong the doc tu camera
[2026-07-17 11:36:53] --- Bat dau khoi dong AI stream ---
[2026-07-17 11:37:00] Da dong archive phut: 1136
[2026-07-17 11:37:00] Mo archive moi: D:\lehuynhthuan\Cam\bida_ai_system\archive\ban1_1137.mp4
[2026-07-17 11:37:00] Da xoa archive cu: ban1_1136.mp4
[2026-07-17 11:37:00] Loi xoa archive cu: [WinError 32] The process cannot access the file because it is being used by another process: 'D:\\lehuynhthuan\\Cam\\bida_ai_system\\archive\\ban1_1137.mp4'
[2026-07-17 11:37:14] Loi: Khong the doc tu camera
[2026-07-17 11:37:18] --- Bat dau khoi dong AI stream ---
[2026-07-17 11:37:46] Loi: Khong the doc tu camera
[2026-07-17 11:37:48] --- Bat dau khoi dong AI stream ---
[2026-07-17 11:38:00] Da dong archive phut: 1137
[2026-07-17 11:38:00] Mo archive moi: D:\lehuynhthuan\Cam\bida_ai_system\archive\ban1_1138.mp4
[2026-07-17 11:38:00] Da xoa archive cu: ban1_1137.mp4
[2026-07-17 11:38:00] Loi xoa archive cu: [WinError 32] The process cannot access the file because it is being used by another process: 'D:\\lehuynhthuan\\Cam\\bida_ai_system\\archive\\ban1_1138.mp4'
[2026-07-17 11:38:08] Loi: Khong the doc tu camera
[2026-07-17 11:38:13] --- Bat dau khoi dong AI stream ---
[2026-07-17 11:38:33] Loi: Khong the doc tu camera
[2026-07-17 11:38:38] --- Bat dau khoi dong AI stream ---
[2026-07-17 11:39:00] Da dong archive phut: 1138
[2026-07-17 11:39:00] Mo archive moi: D:\lehuynhthuan\Cam\bida_ai_system\archive\ban1_1139.mp4
[2026-07-17 11:39:00] Da xoa archive cu: ban1_1138.mp4
[2026-07-17 11:39:00] Loi xoa archive cu: [WinError 32] The process cannot access the file because it is being used by another process: 'D:\\lehuynhthuan\\Cam\\bida_ai_system\\archive\\ban1_1139.mp4'
[2026-07-17 11:39:05] Loi: Khong the doc tu camera
[2026-07-17 11:39:08] --- Bat dau khoi dong AI stream ---
[2026-07-17 11:39:32] Loi: Khong the doc tu camera
[2026-07-17 11:39:33] --- Bat dau khoi dong AI stream ---
[2026-07-17 11:39:56] Loi: Khong the doc tu camera
[2026-07-17 11:39:58] --- Bat dau khoi dong AI stream ---
[2026-07-17 11:40:00] Da dong archive phut: 1139
[2026-07-17 11:40:00] Mo archive moi: D:\lehuynhthuan\Cam\bida_ai_system\archive\ban1_1140.mp4
[2026-07-17 11:40:00] Da xoa archive cu: ban1_1139.mp4
[2026-07-17 11:40:00] Loi xoa archive cu: [WinError 32] The process cannot access the file because it is being used by another process: 'D:\\lehuynhthuan\\Cam\\bida_ai_system\\archive\\ban1_1140.mp4'
[2026-07-17 11:40:17] Loi: Khong the doc tu camera
[2026-07-17 11:40:18] --- Bat dau khoi dong AI stream ---
[2026-07-17 11:40:45] Loi: Khong the doc tu camera
[2026-07-17 11:40:48] --- Bat dau khoi dong AI stream ---
[2026-07-17 11:41:00] Da dong archive phut: 1140
[2026-07-17 11:41:00] Mo archive moi: D:\lehuynhthuan\Cam\bida_ai_system\archive\ban1_1141.mp4
[2026-07-17 11:41:00] Da xoa archive cu: ban1_1140.mp4
[2026-07-17 11:41:00] Loi xoa archive cu: [WinError 32] The process cannot access the file because it is being used by another process: 'D:\\lehuynhthuan\\Cam\\bida_ai_system\\archive\\ban1_1141.mp4'
[2026-07-17 11:41:13] Loi: Khong the doc tu camera
[2026-07-17 11:41:19] --- Bat dau khoi dong AI stream ---
[2026-07-17 11:41:44] Loi: Khong the doc tu camera
[2026-07-17 11:41:49] --- Bat dau khoi dong AI stream ---
[2026-07-17 11:41:59] Phat hien chuyen dong cam Menu (So pixel mau: 392)
[2026-07-17 11:41:59] Phat hien chuyen dong cam Menu (So pixel mau: 598)
[2026-07-17 11:41:59] Phat hien chuyen dong cam Menu (So pixel mau: 602)
[2026-07-17 11:41:59] XAC NHAN: KHACH CAM MENU VAY TAY ORDER! (3 lan/4s)
[2026-07-17 11:41:59] Phat hien chuyen dong cam Menu (So pixel mau: 630)
[2026-07-17 11:41:59] Phat hien chuyen dong cam Menu (So pixel mau: 930)
[2026-07-17 11:41:59] Phat hien chuyen dong cam Menu (So pixel mau: 1104)
[2026-07-17 11:42:00] Da dong archive phut: 1141
[2026-07-17 11:42:00] Mo archive moi: D:\lehuynhthuan\Cam\bida_ai_system\archive\ban1_1142.mp4
[2026-07-17 11:42:00] Da xoa archive cu: ban1_1141.mp4
[2026-07-17 11:42:00] Loi xoa archive cu: [WinError 32] The process cannot access the file because it is being used by another process: 'D:\\lehuynhthuan\\Cam\\bida_ai_system\\archive\\ban1_1142.mp4'
[2026-07-17 11:42:01] Phat hien chuyen dong cam Menu (So pixel mau: 175)
[2026-07-17 11:42:01] Phat hien chuyen dong cam Menu (So pixel mau: 253)
[2026-07-17 11:42:01] Phat hien chuyen dong cam Menu (So pixel mau: 570)
[2026-07-17 11:42:01] Phat hien chuyen dong cam Menu (So pixel mau: 305)
[2026-07-17 11:42:01] Phat hien chuyen dong cam Menu (So pixel mau: 318)
[2026-07-17 11:42:01] Phat hien chuyen dong cam Menu (So pixel mau: 348)
[2026-07-17 11:42:01] Phat hien chuyen dong cam Menu (So pixel mau: 306)
[2026-07-17 11:42:01] Phat hien chuyen dong cam Menu (So pixel mau: 517)
[2026-07-17 11:42:01] Phat hien chuyen dong cam Menu (So pixel mau: 554)
[2026-07-17 11:42:01] Phat hien chuyen dong cam Menu (So pixel mau: 560)
[2026-07-17 11:42:01] Phat hien chuyen dong cam Menu (So pixel mau: 711)
[2026-07-17 11:42:01] Phat hien chuyen dong cam Menu (So pixel mau: 1370)
[2026-07-17 11:42:01] Phat hien chuyen dong cam Menu (So pixel mau: 1760)
[2026-07-17 11:42:01] Phat hien chuyen dong cam Menu (So pixel mau: 1874)
[2026-07-17 11:42:01] Phat hien chuyen dong cam Menu (So pixel mau: 1303)
[2026-07-17 11:42:01] Phat hien chuyen dong cam Menu (So pixel mau: 1965)
[2026-07-17 11:42:01] Phat hien chuyen dong cam Menu (So pixel mau: 4082)
[2026-07-17 11:42:01] Phat hien chuyen dong cam Menu (So pixel mau: 4235)
[2026-07-17 11:42:01] Phat hien chuyen dong cam Menu (So pixel mau: 4092)
[2026-07-17 11:42:01] Phat hien chuyen dong cam Menu (So pixel mau: 4186)
[2026-07-17 11:42:01] Phat hien chuyen dong cam Menu (So pixel mau: 3732)
[2026-07-17 11:42:01] Phat hien chuyen dong cam Menu (So pixel mau: 5619)
[2026-07-17 11:42:01] Phat hien chuyen dong cam Menu (So pixel mau: 3354)
[2026-07-17 11:42:01] Phat hien chuyen dong cam Menu (So pixel mau: 2965)
[2026-07-17 11:42:02] Phat hien chuyen dong cam Menu (So pixel mau: 2378)
[2026-07-17 11:42:02] Phat hien chuyen dong cam Menu (So pixel mau: 2001)
[2026-07-17 11:42:02] Phat hien chuyen dong cam Menu (So pixel mau: 2032)
[2026-07-17 11:42:02] Phat hien chuyen dong cam Menu (So pixel mau: 1521)
[2026-07-17 11:42:02] Phat hien chuyen dong cam Menu (So pixel mau: 819)
[2026-07-17 11:42:02] Phat hien chuyen dong cam Menu (So pixel mau: 243)
[2026-07-17 11:42:02] Phat hien chuyen dong cam Menu (So pixel mau: 630)
[2026-07-17 11:42:02] Phat hien chuyen dong cam Menu (So pixel mau: 188)
[2026-07-17 11:42:02] Phat hien chuyen dong cam Menu (So pixel mau: 191)
[2026-07-17 11:42:02] Phat hien chuyen dong cam Menu (So pixel mau: 191)
[2026-07-17 11:42:02] Phat hien chuyen dong cam Menu (So pixel mau: 387)
[2026-07-17 11:42:02] Phat hien chuyen dong cam Menu (So pixel mau: 954)
[2026-07-17 11:42:02] Phat hien chuyen dong cam Menu (So pixel mau: 2862)
[2026-07-17 11:42:02] Phat hien chuyen dong cam Menu (So pixel mau: 1171)
[2026-07-17 11:42:02] Phat hien chuyen dong cam Menu (So pixel mau: 649)
[2026-07-17 11:42:02] Phat hien chuyen dong cam Menu (So pixel mau: 1895)
[2026-07-17 11:42:02] Phat hien chuyen dong cam Menu (So pixel mau: 2817)
[2026-07-17 11:42:02] Phat hien chuyen dong cam Menu (So pixel mau: 1224)
[2026-07-17 11:42:02] Phat hien chuyen dong cam Menu (So pixel mau: 676)
[2026-07-17 11:42:02] Phat hien chuyen dong cam Menu (So pixel mau: 338)
[2026-07-17 11:42:03] Phat hien chuyen dong cam Menu (So pixel mau: 903)
[2026-07-17 11:42:03] Phat hien chuyen dong cam Menu (So pixel mau: 809)
[2026-07-17 11:42:12] Loi: Khong the doc tu camera
[2026-07-17 11:42:13] --- Bat dau khoi dong AI stream ---
[2026-07-17 11:42:24] Phat hien chuyen dong cam Menu (So pixel mau: 10821)
[2026-07-17 11:42:24] Phat hien chuyen dong cam Menu (So pixel mau: 7881)
[2026-07-17 11:42:24] Phat hien chuyen dong cam Menu (So pixel mau: 6664)
[2026-07-17 11:42:24] Phat hien chuyen dong cam Menu (So pixel mau: 4608)
[2026-07-17 11:42:24] Phat hien chuyen dong cam Menu (So pixel mau: 3494)
[2026-07-17 11:42:24] Phat hien chuyen dong cam Menu (So pixel mau: 559)
[2026-07-17 11:42:24] Phat hien chuyen dong cam Menu (So pixel mau: 781)
[2026-07-17 11:42:24] Phat hien chuyen dong cam Menu (So pixel mau: 1016)
[2026-07-17 11:42:25] Phat hien chuyen dong cam Menu (So pixel mau: 2412)
[2026-07-17 11:42:25] Phat hien chuyen dong cam Menu (So pixel mau: 2220)
[2026-07-17 11:42:25] Phat hien chuyen dong cam Menu (So pixel mau: 1667)
[2026-07-17 11:42:25] Phat hien chuyen dong cam Menu (So pixel mau: 1657)
[2026-07-17 11:42:25] Phat hien chuyen dong cam Menu (So pixel mau: 398)
[2026-07-17 11:42:25] Phat hien chuyen dong cam Menu (So pixel mau: 1547)
[2026-07-17 11:42:25] Phat hien chuyen dong cam Menu (So pixel mau: 546)
[2026-07-17 11:42:25] Phat hien chuyen dong cam Menu (So pixel mau: 5051)
[2026-07-17 11:42:25] Phat hien chuyen dong cam Menu (So pixel mau: 3524)
[2026-07-17 11:42:25] Phat hien chuyen dong cam Menu (So pixel mau: 11725)
[2026-07-17 11:42:25] Phat hien chuyen dong cam Menu (So pixel mau: 222)
[2026-07-17 11:42:25] Phat hien chuyen dong cam Menu (So pixel mau: 217)
[2026-07-17 11:42:26] Phat hien chuyen dong cam Menu (So pixel mau: 218)
[2026-07-17 11:42:26] Phat hien chuyen dong cam Menu (So pixel mau: 369)
[2026-07-17 11:42:29] Phat hien chuyen dong cam Menu (So pixel mau: 1677)
[2026-07-17 11:42:29] XAC NHAN: KHACH CAM MENU VAY TAY ORDER! (13 lan/4s)
[2026-07-17 11:42:30] Phat hien chuyen dong cam Menu (So pixel mau: 3645)
[2026-07-17 11:42:30] Phat hien chuyen dong cam Menu (So pixel mau: 1253)
[2026-07-17 11:42:30] Phat hien chuyen dong cam Menu (So pixel mau: 2259)
[2026-07-17 11:42:30] Phat hien chuyen dong cam Menu (So pixel mau: 3050)
[2026-07-17 11:42:30] Phat hien chuyen dong cam Menu (So pixel mau: 1228)
[2026-07-17 11:42:30] Phat hien chuyen dong cam Menu (So pixel mau: 3812)
[2026-07-17 11:42:30] Phat hien chuyen dong cam Menu (So pixel mau: 3622)
[2026-07-17 11:42:30] Phat hien chuyen dong cam Menu (So pixel mau: 1065)
[2026-07-17 11:42:31] Phat hien chuyen dong cam Menu (So pixel mau: 1238)
[2026-07-17 11:42:31] Phat hien chuyen dong cam Menu (So pixel mau: 3010)
[2026-07-17 11:42:31] Phat hien chuyen dong cam Menu (So pixel mau: 4087)
[2026-07-17 11:42:31] Phat hien chuyen dong cam Menu (So pixel mau: 4061)
[2026-07-17 11:42:31] Phat hien chuyen dong cam Menu (So pixel mau: 2692)
[2026-07-17 11:42:31] Phat hien chuyen dong cam Menu (So pixel mau: 3855)
[2026-07-17 11:42:31] Phat hien chuyen dong cam Menu (So pixel mau: 4834)
[2026-07-17 11:42:31] Phat hien chuyen dong cam Menu (So pixel mau: 619)
[2026-07-17 11:42:31] Phat hien chuyen dong cam Menu (So pixel mau: 644)
[2026-07-17 11:42:31] Phat hien chuyen dong cam Menu (So pixel mau: 444)
[2026-07-17 11:42:31] Phat hien chuyen dong cam Menu (So pixel mau: 223)
[2026-07-17 11:42:31] Phat hien chuyen dong cam Menu (So pixel mau: 5833)
[2026-07-17 11:42:33] Loi: Khong the doc tu camera
[2026-07-17 11:42:38] --- Bat dau khoi dong AI stream ---
[2026-07-17 11:42:59] Loi: Khong the doc tu camera
[2026-07-17 11:43:00] Da dong archive phut: 1142
[2026-07-17 11:43:00] Mo archive moi: D:\lehuynhthuan\Cam\bida_ai_system\archive\ban1_1143.mp4
[2026-07-17 11:43:00] Da xoa archive cu: ban1_1142.mp4
[2026-07-17 11:43:00] Loi xoa archive cu: [WinError 32] The process cannot access the file because it is being used by another process: 'D:\\lehuynhthuan\\Cam\\bida_ai_system\\archive\\ban1_1143.mp4'
[2026-07-17 11:43:00] Phat hien chuyen dong cam Menu (So pixel mau: 562)
[2026-07-17 11:43:04] --- Bat dau khoi dong AI stream ---
[2026-07-17 11:43:29] Loi: Khong the doc tu camera
[2026-07-17 11:43:33] --- Bat dau khoi dong AI stream ---
[2026-07-17 11:43:37] Phat hien chuyen dong cam Menu (So pixel mau: 405)
[2026-07-17 11:43:44] Phat hien chuyen dong cam Menu (So pixel mau: 1481)
[2026-07-17 11:43:58] Loi: Khong the doc tu camera
[2026-07-17 11:44:00] Da dong archive phut: 1143
[2026-07-17 11:44:00] Mo archive moi: D:\lehuynhthuan\Cam\bida_ai_system\archive\ban1_1144.mp4
[2026-07-17 11:44:00] Da xoa archive cu: ban1_1143.mp4
[2026-07-17 11:44:00] Loi xoa archive cu: [WinError 32] The process cannot access the file because it is being used by another process: 'D:\\lehuynhthuan\\Cam\\bida_ai_system\\archive\\ban1_1144.mp4'
[2026-07-17 11:44:03] --- Bat dau khoi dong AI stream ---
[2026-07-17 11:44:28] Loi: Khong the doc tu camera
[2026-07-17 11:44:34] --- Bat dau khoi dong AI stream ---
[2026-07-17 11:44:58] Loi: Khong the doc tu camera
[2026-07-17 11:45:00] Da dong archive phut: 1144
[2026-07-17 11:45:00] Mo archive moi: D:\lehuynhthuan\Cam\bida_ai_system\archive\ban1_1145.mp4
[2026-07-17 11:45:00] Da xoa archive cu: ban1_1144.mp4
[2026-07-17 11:45:00] Loi xoa archive cu: [WinError 32] The process cannot access the file because it is being used by another process: 'D:\\lehuynhthuan\\Cam\\bida_ai_system\\archive\\ban1_1145.mp4'
[2026-07-17 11:45:03] --- Bat dau khoi dong AI stream ---
[2026-07-17 11:45:28] Loi: Khong the doc tu camera
[2026-07-17 11:45:34] --- Bat dau khoi dong AI stream ---
[2026-07-17 11:45:58] Loi: Khong the doc tu camera
[2026-07-17 11:46:00] Da dong archive phut: 1145
[2026-07-17 11:46:00] Mo archive moi: D:\lehuynhthuan\Cam\bida_ai_system\archive\ban1_1146.mp4
[2026-07-17 11:46:00] Da xoa archive cu: ban1_1145.mp4
[2026-07-17 11:46:00] Loi xoa archive cu: [WinError 32] The process cannot access the file because it is being used by another process: 'D:\\lehuynhthuan\\Cam\\bida_ai_system\\archive\\ban1_1146.mp4'
[2026-07-17 11:46:03] --- Bat dau khoi dong AI stream ---
[2026-07-17 11:46:27] Loi: Khong the doc tu camera
[2026-07-17 11:46:29] --- Bat dau khoi dong AI stream ---
[2026-07-17 11:46:41] Phat hien chuyen dong cam Menu (So pixel mau: 203)
[2026-07-17 11:46:42] Phat hien chuyen dong cam Menu (So pixel mau: 326)
[2026-07-17 11:46:42] Phat hien chuyen dong cam Menu (So pixel mau: 203)
[2026-07-17 11:46:42] XAC NHAN: KHACH CAM MENU VAY TAY ORDER! (3 lan/4s)
[2026-07-17 11:46:42] Phat hien chuyen dong cam Menu (So pixel mau: 605)
[2026-07-17 11:46:42] Phat hien chuyen dong cam Menu (So pixel mau: 1221)
[2026-07-17 11:46:42] Phat hien chuyen dong cam Menu (So pixel mau: 4821)
[2026-07-17 11:46:42] Phat hien chuyen dong cam Menu (So pixel mau: 4728)
[2026-07-17 11:46:42] Phat hien chuyen dong cam Menu (So pixel mau: 6527)
[2026-07-17 11:46:42] Phat hien chuyen dong cam Menu (So pixel mau: 5454)
[2026-07-17 11:46:42] Phat hien chuyen dong cam Menu (So pixel mau: 2697)
[2026-07-17 11:46:42] Phat hien chuyen dong cam Menu (So pixel mau: 1470)
[2026-07-17 11:46:42] Phat hien chuyen dong cam Menu (So pixel mau: 3077)
[2026-07-17 11:46:42] Phat hien chuyen dong cam Menu (So pixel mau: 3562)
[2026-07-17 11:46:42] Phat hien chuyen dong cam Menu (So pixel mau: 1834)
[2026-07-17 11:46:42] Phat hien chuyen dong cam Menu (So pixel mau: 518)
[2026-07-17 11:46:43] Phat hien chuyen dong cam Menu (So pixel mau: 522)
[2026-07-17 11:46:43] Phat hien chuyen dong cam Menu (So pixel mau: 1899)
[2026-07-17 11:46:43] Phat hien chuyen dong cam Menu (So pixel mau: 297)
[2026-07-17 11:46:48] Phat hien chuyen dong cam Menu (So pixel mau: 949)
[2026-07-17 11:46:52] Loi: Khong the doc tu camera
[2026-07-17 11:46:53] --- Bat dau khoi dong AI stream ---
[2026-07-17 11:47:00] Da dong archive phut: 1146
[2026-07-17 11:47:00] Mo archive moi: D:\lehuynhthuan\Cam\bida_ai_system\archive\ban1_1147.mp4
[2026-07-17 11:47:00] Da xoa archive cu: ban1_1146.mp4
[2026-07-17 11:47:00] Loi xoa archive cu: [WinError 32] The process cannot access the file because it is being used by another process: 'D:\\lehuynhthuan\\Cam\\bida_ai_system\\archive\\ban1_1147.mp4'
[2026-07-17 11:47:17] Loi: Khong the doc tu camera
[2026-07-17 11:47:19] --- Bat dau khoi dong AI stream ---
[2026-07-17 11:47:44] Loi: Khong the doc tu camera
[2026-07-17 11:47:49] --- Bat dau khoi dong AI stream ---
[2026-07-17 11:48:00] Da dong archive phut: 1147
[2026-07-17 11:48:00] Mo archive moi: D:\lehuynhthuan\Cam\bida_ai_system\archive\ban1_1148.mp4
[2026-07-17 11:48:00] Da xoa archive cu: ban1_1147.mp4
[2026-07-17 11:48:00] Loi xoa archive cu: [WinError 32] The process cannot access the file because it is being used by another process: 'D:\\lehuynhthuan\\Cam\\bida_ai_system\\archive\\ban1_1148.mp4'
[2026-07-17 11:48:09] Loi: Khong the doc tu camera
[2026-07-17 11:48:13] --- Bat dau khoi dong AI stream ---
[2026-07-17 11:48:32] Loi: Khong the doc tu camera
[2026-07-17 11:48:33] --- Bat dau khoi dong AI stream ---
[2026-07-17 11:48:38] Phat hien chuyen dong cam Menu (So pixel mau: 649)
[2026-07-17 11:48:54] Loi: Khong the doc tu camera
[2026-07-17 11:48:59] --- Bat dau khoi dong AI stream ---
[2026-07-17 11:49:00] Da dong archive phut: 1148
[2026-07-17 11:49:00] Mo archive moi: D:\lehuynhthuan\Cam\bida_ai_system\archive\ban1_1149.mp4
[2026-07-17 11:49:00] Da xoa archive cu: ban1_1148.mp4
[2026-07-17 11:49:00] Loi xoa archive cu: [WinError 32] The process cannot access the file because it is being used by another process: 'D:\\lehuynhthuan\\Cam\\bida_ai_system\\archive\\ban1_1149.mp4'
[2026-07-17 11:49:22] Loi: Khong the doc tu camera
[2026-07-17 11:49:24] --- Bat dau khoi dong AI stream ---
[2026-07-17 11:49:41] Phat hien chuyen dong cam Menu (So pixel mau: 1958)
[2026-07-17 11:49:46] Loi: Khong the doc tu camera
[2026-07-17 11:49:48] --- Bat dau khoi dong AI stream ---
[2026-07-17 11:50:00] Da dong archive phut: 1149
[2026-07-17 11:50:00] Mo archive moi: D:\lehuynhthuan\Cam\bida_ai_system\archive\ban1_1150.mp4
[2026-07-17 11:50:00] Da xoa archive cu: ban1_1149.mp4
[2026-07-17 11:50:00] Loi xoa archive cu: [WinError 32] The process cannot access the file because it is being used by another process: 'D:\\lehuynhthuan\\Cam\\bida_ai_system\\archive\\ban1_1150.mp4'
[2026-07-17 11:50:08] Loi: Khong the doc tu camera
[2026-07-17 11:50:14] --- Bat dau khoi dong AI stream ---
[2026-07-17 11:50:33] Loi: Khong the doc tu camera
[2026-07-17 11:50:39] --- Bat dau khoi dong AI stream ---
[2026-07-17 11:50:52] Phat hien chuyen dong cam Menu (So pixel mau: 3935)
[2026-07-17 11:50:52] Phat hien chuyen dong cam Menu (So pixel mau: 187)
[2026-07-17 11:50:53] Phat hien chuyen dong cam Menu (So pixel mau: 8805)
[2026-07-17 11:50:53] XAC NHAN: KHACH CAM MENU VAY TAY ORDER! (3 lan/4s)
[2026-07-17 11:50:53] Phat hien chuyen dong cam Menu (So pixel mau: 4744)
[2026-07-17 11:50:53] Phat hien chuyen dong cam Menu (So pixel mau: 4689)
[2026-07-17 11:50:53] Phat hien chuyen dong cam Menu (So pixel mau: 9420)
[2026-07-17 11:50:53] Phat hien chuyen dong cam Menu (So pixel mau: 11027)
[2026-07-17 11:50:53] Phat hien chuyen dong cam Menu (So pixel mau: 1887)
[2026-07-17 11:50:53] Phat hien chuyen dong cam Menu (So pixel mau: 2427)
[2026-07-17 11:50:53] Phat hien chuyen dong cam Menu (So pixel mau: 572)
[2026-07-17 11:50:53] Phat hien chuyen dong cam Menu (So pixel mau: 230)
[2026-07-17 11:50:53] Phat hien chuyen dong cam Menu (So pixel mau: 637)
[2026-07-17 11:50:53] Phat hien chuyen dong cam Menu (So pixel mau: 521)
[2026-07-17 11:50:53] Phat hien chuyen dong cam Menu (So pixel mau: 579)
[2026-07-17 11:50:53] Phat hien chuyen dong cam Menu (So pixel mau: 1304)
[2026-07-17 11:50:53] Phat hien chuyen dong cam Menu (So pixel mau: 2461)
[2026-07-17 11:50:53] Phat hien chuyen dong cam Menu (So pixel mau: 2175)
[2026-07-17 11:50:53] Phat hien chuyen dong cam Menu (So pixel mau: 2010)
[2026-07-17 11:50:53] Phat hien chuyen dong cam Menu (So pixel mau: 1812)
[2026-07-17 11:50:53] Phat hien chuyen dong cam Menu (So pixel mau: 1601)
[2026-07-17 11:50:53] Phat hien chuyen dong cam Menu (So pixel mau: 1537)
[2026-07-17 11:50:53] Phat hien chuyen dong cam Menu (So pixel mau: 1166)
[2026-07-17 11:50:53] Phat hien chuyen dong cam Menu (So pixel mau: 1548)
[2026-07-17 11:50:53] Phat hien chuyen dong cam Menu (So pixel mau: 4681)
[2026-07-17 11:50:54] Phat hien chuyen dong cam Menu (So pixel mau: 2275)
[2026-07-17 11:50:54] Phat hien chuyen dong cam Menu (So pixel mau: 2201)
[2026-07-17 11:50:54] Phat hien chuyen dong cam Menu (So pixel mau: 2400)
[2026-07-17 11:50:54] Phat hien chuyen dong cam Menu (So pixel mau: 2302)
[2026-07-17 11:50:54] Phat hien chuyen dong cam Menu (So pixel mau: 2846)
[2026-07-17 11:50:54] Phat hien chuyen dong cam Menu (So pixel mau: 2351)
[2026-07-17 11:50:55] Phat hien chuyen dong cam Menu (So pixel mau: 2257)
[2026-07-17 11:50:55] Phat hien chuyen dong cam Menu (So pixel mau: 2052)
[2026-07-17 11:50:55] Phat hien chuyen dong cam Menu (So pixel mau: 3905)
[2026-07-17 11:50:55] Phat hien chuyen dong cam Menu (So pixel mau: 3498)
[2026-07-17 11:50:55] Phat hien chuyen dong cam Menu (So pixel mau: 3266)
[2026-07-17 11:50:55] Phat hien chuyen dong cam Menu (So pixel mau: 4504)
[2026-07-17 11:50:55] Phat hien chuyen dong cam Menu (So pixel mau: 2907)
[2026-07-17 11:50:58] Loi: Khong the doc tu camera
[2026-07-17 11:51:00] Da dong archive phut: 1150
[2026-07-17 11:51:00] Mo archive moi: D:\lehuynhthuan\Cam\bida_ai_system\archive\ban1_1151.mp4
[2026-07-17 11:51:00] Da xoa archive cu: ban1_1150.mp4
[2026-07-17 11:51:00] Loi xoa archive cu: [WinError 32] The process cannot access the file because it is being used by another process: 'D:\\lehuynhthuan\\Cam\\bida_ai_system\\archive\\ban1_1151.mp4'
[2026-07-17 11:51:03] --- Bat dau khoi dong AI stream ---
[2026-07-17 11:51:23] Loi: Khong the doc tu camera
[2026-07-17 11:51:28] --- Bat dau khoi dong AI stream ---
[2026-07-17 11:51:47] Loi: Khong the doc tu camera
[2026-07-17 11:51:48] --- Bat dau khoi dong AI stream ---
[2026-07-17 11:52:00] Da dong archive phut: 1151
[2026-07-17 11:52:00] Mo archive moi: D:\lehuynhthuan\Cam\bida_ai_system\archive\ban1_1152.mp4
[2026-07-17 11:52:00] Da xoa archive cu: ban1_1151.mp4
[2026-07-17 11:52:00] Loi xoa archive cu: [WinError 32] The process cannot access the file because it is being used by another process: 'D:\\lehuynhthuan\\Cam\\bida_ai_system\\archive\\ban1_1152.mp4'
[2026-07-17 11:52:07] Loi: Khong the doc tu camera
[2026-07-17 11:52:08] --- Bat dau khoi dong AI stream ---
[2026-07-17 11:52:27] Loi: Khong the doc tu camera
[2026-07-17 11:52:29] --- Bat dau khoi dong AI stream ---
[2026-07-17 11:52:50] Loi: Khong the doc tu camera
[2026-07-17 11:52:54] --- Bat dau khoi dong AI stream ---
[2026-07-17 11:52:57] Phat hien chuyen dong cam Menu (So pixel mau: 246)
[2026-07-17 11:52:57] Phat hien chuyen dong cam Menu (So pixel mau: 523)
[2026-07-17 11:52:57] Phat hien chuyen dong cam Menu (So pixel mau: 763)
[2026-07-17 11:52:57] XAC NHAN: KHACH CAM MENU VAY TAY ORDER! (3 lan/4s)
[2026-07-17 11:52:57] Phat hien chuyen dong cam Menu (So pixel mau: 515)
[2026-07-17 11:52:57] Phat hien chuyen dong cam Menu (So pixel mau: 1473)
[2026-07-17 11:52:57] Phat hien chuyen dong cam Menu (So pixel mau: 1367)
[2026-07-17 11:52:57] Phat hien chuyen dong cam Menu (So pixel mau: 1546)
[2026-07-17 11:52:57] Phat hien chuyen dong cam Menu (So pixel mau: 1800)
[2026-07-17 11:52:57] Phat hien chuyen dong cam Menu (So pixel mau: 1800)
[2026-07-17 11:52:57] Phat hien chuyen dong cam Menu (So pixel mau: 1620)
[2026-07-17 11:52:57] Phat hien chuyen dong cam Menu (So pixel mau: 2192)
[2026-07-17 11:52:57] Phat hien chuyen dong cam Menu (So pixel mau: 1861)
[2026-07-17 11:52:57] Phat hien chuyen dong cam Menu (So pixel mau: 1770)
[2026-07-17 11:52:57] Phat hien chuyen dong cam Menu (So pixel mau: 1565)
[2026-07-17 11:52:57] Phat hien chuyen dong cam Menu (So pixel mau: 684)
[2026-07-17 11:52:57] Phat hien chuyen dong cam Menu (So pixel mau: 280)
[2026-07-17 11:53:00] Da dong archive phut: 1152
[2026-07-17 11:53:00] Mo archive moi: D:\lehuynhthuan\Cam\bida_ai_system\archive\ban1_1153.mp4
[2026-07-17 11:53:00] Da xoa archive cu: ban1_1152.mp4
[2026-07-17 11:53:00] Loi xoa archive cu: [WinError 32] The process cannot access the file because it is being used by another process: 'D:\\lehuynhthuan\\Cam\\bida_ai_system\\archive\\ban1_1153.mp4'
[2026-07-17 11:53:19] Loi: Khong the doc tu camera
[2026-07-17 11:53:24] --- Bat dau khoi dong AI stream ---
[2026-07-17 11:53:47] Loi: Khong the doc tu camera
[2026-07-17 11:53:49] --- Bat dau khoi dong AI stream ---
[2026-07-17 11:54:00] Da dong archive phut: 1153
[2026-07-17 11:54:00] Mo archive moi: D:\lehuynhthuan\Cam\bida_ai_system\archive\ban1_1154.mp4
[2026-07-17 11:54:00] Da xoa archive cu: ban1_1153.mp4
[2026-07-17 11:54:00] Loi xoa archive cu: [WinError 32] The process cannot access the file because it is being used by another process: 'D:\\lehuynhthuan\\Cam\\bida_ai_system\\archive\\ban1_1154.mp4'
[2026-07-17 11:54:12] Loi: Khong the doc tu camera
[2026-07-17 11:54:14] --- Bat dau khoi dong AI stream ---
[2026-07-17 11:54:37] Loi: Khong the doc tu camera
[2026-07-17 11:54:39] --- Bat dau khoi dong AI stream ---
[2026-07-17 11:55:00] Da dong archive phut: 1154
[2026-07-17 11:55:00] Mo archive moi: D:\lehuynhthuan\Cam\bida_ai_system\archive\ban1_1155.mp4
[2026-07-17 11:55:00] Da xoa archive cu: ban1_1154.mp4
[2026-07-17 11:55:00] Loi xoa archive cu: [WinError 32] The process cannot access the file because it is being used by another process: 'D:\\lehuynhthuan\\Cam\\bida_ai_system\\archive\\ban1_1155.mp4'
[2026-07-17 11:55:02] Loi: Khong the doc tu camera
[2026-07-17 11:55:04] --- Bat dau khoi dong AI stream ---
[2026-07-17 11:55:26] Loi: Khong the doc tu camera
[2026-07-17 11:55:29] --- Bat dau khoi dong AI stream ---
[2026-07-17 11:55:50] Loi: Khong the doc tu camera
[2026-07-17 11:55:54] --- Bat dau khoi dong AI stream ---
[2026-07-17 11:56:00] Da dong archive phut: 1155
[2026-07-17 11:56:00] Mo archive moi: D:\lehuynhthuan\Cam\bida_ai_system\archive\ban1_1156.mp4
[2026-07-17 11:56:00] Da xoa archive cu: ban1_1155.mp4
[2026-07-17 11:56:00] Loi xoa archive cu: [WinError 32] The process cannot access the file because it is being used by another process: 'D:\\lehuynhthuan\\Cam\\bida_ai_system\\archive\\ban1_1156.mp4'
[2026-07-17 11:56:17] Loi: Khong the doc tu camera
[2026-07-17 11:56:19] --- Bat dau khoi dong AI stream ---
[2026-07-17 11:56:42] Loi: Khong the doc tu camera
[2026-07-17 11:56:44] --- Bat dau khoi dong AI stream ---
[2026-07-17 11:57:00] Da dong archive phut: 1156
[2026-07-17 11:57:00] Mo archive moi: D:\lehuynhthuan\Cam\bida_ai_system\archive\ban1_1157.mp4
[2026-07-17 11:57:00] Da xoa archive cu: ban1_1156.mp4
[2026-07-17 11:57:00] Loi xoa archive cu: [WinError 32] The process cannot access the file because it is being used by another process: 'D:\\lehuynhthuan\\Cam\\bida_ai_system\\archive\\ban1_1157.mp4'
[2026-07-17 11:57:07] Loi: Khong the doc tu camera
[2026-07-17 11:57:09] --- Bat dau khoi dong AI stream ---
[2026-07-17 11:57:32] Loi: Khong the doc tu camera
[2026-07-17 11:57:34] --- Bat dau khoi dong AI stream ---
[2026-07-17 11:57:55] Loi: Khong the doc tu camera
[2026-07-17 11:57:59] --- Bat dau khoi dong AI stream ---
[2026-07-17 11:58:00] Da dong archive phut: 1157
[2026-07-17 11:58:00] Mo archive moi: D:\lehuynhthuan\Cam\bida_ai_system\archive\ban1_1158.mp4
[2026-07-17 11:58:00] Da xoa archive cu: ban1_1157.mp4
[2026-07-17 11:58:00] Loi xoa archive cu: [WinError 32] The process cannot access the file because it is being used by another process: 'D:\\lehuynhthuan\\Cam\\bida_ai_system\\archive\\ban1_1158.mp4'
[2026-07-17 11:58:20] Loi: Khong the doc tu camera
[2026-07-17 11:58:24] --- Bat dau khoi dong AI stream ---
[2026-07-17 11:58:45] Loi: Khong the doc tu camera
[2026-07-17 11:58:49] --- Bat dau khoi dong AI stream ---
[2026-07-17 11:59:00] Da dong archive phut: 1158
[2026-07-17 11:59:00] Mo archive moi: D:\lehuynhthuan\Cam\bida_ai_system\archive\ban1_1159.mp4
[2026-07-17 11:59:00] Da xoa archive cu: ban1_1158.mp4
[2026-07-17 11:59:00] Loi xoa archive cu: [WinError 32] The process cannot access the file because it is being used by another process: 'D:\\lehuynhthuan\\Cam\\bida_ai_system\\archive\\ban1_1159.mp4'
[2026-07-17 11:59:10] Loi: Khong the doc tu camera
[2026-07-17 11:59:14] --- Bat dau khoi dong AI stream ---
[2026-07-17 11:59:36] Loi: Khong the doc tu camera
[2026-07-17 11:59:39] --- Bat dau khoi dong AI stream ---
[2026-07-17 11:59:58] Loi: Khong the doc tu camera
[2026-07-17 12:00:00] Da dong archive phut: 1159
[2026-07-17 12:00:00] Mo archive moi: D:\lehuynhthuan\Cam\bida_ai_system\archive\ban1_1200.mp4
[2026-07-17 12:00:00] Da xoa archive cu: ban1_1159.mp4
[2026-07-17 12:00:00] Loi xoa archive cu: [WinError 32] The process cannot access the file because it is being used by another process: 'D:\\lehuynhthuan\\Cam\\bida_ai_system\\archive\\ban1_1200.mp4'
[2026-07-17 12:00:04] --- Bat dau khoi dong AI stream ---
[2026-07-17 12:00:29] Loi: Khong the doc tu camera
[2026-07-17 12:00:34] --- Bat dau khoi dong AI stream ---
[2026-07-17 12:00:54] Loi: Khong the doc tu camera
[2026-07-17 12:00:59] --- Bat dau khoi dong AI stream ---
[2026-07-17 12:01:00] Da dong archive phut: 1200
[2026-07-17 12:01:00] Mo archive moi: D:\lehuynhthuan\Cam\bida_ai_system\archive\ban1_1201.mp4
[2026-07-17 12:01:00] Da xoa archive cu: ban1_1200.mp4
[2026-07-17 12:01:00] Loi xoa archive cu: [WinError 32] The process cannot access the file because it is being used by another process: 'D:\\lehuynhthuan\\Cam\\bida_ai_system\\archive\\ban1_1201.mp4'
[2026-07-17 12:01:18] Loi: Khong the doc tu camera
[2026-07-17 12:01:24] --- Bat dau khoi dong AI stream ---
[2026-07-17 12:01:44] Loi: Khong the doc tu camera
[2026-07-17 12:01:49] --- Bat dau khoi dong AI stream ---
[2026-07-17 12:02:00] Da dong archive phut: 1201
[2026-07-17 12:02:00] Mo archive moi: D:\lehuynhthuan\Cam\bida_ai_system\archive\ban1_1202.mp4
[2026-07-17 12:02:00] Da xoa archive cu: ban1_1201.mp4
[2026-07-17 12:02:00] Loi xoa archive cu: [WinError 32] The process cannot access the file because it is being used by another process: 'D:\\lehuynhthuan\\Cam\\bida_ai_system\\archive\\ban1_1202.mp4'
[2026-07-17 12:02:08] Loi: Khong the doc tu camera
[2026-07-17 12:02:14] --- Bat dau khoi dong AI stream ---
[2026-07-17 12:02:33] Loi: Khong the doc tu camera
[2026-07-17 12:02:34] --- Bat dau khoi dong AI stream ---
[2026-07-17 12:02:53] Loi: Khong the doc tu camera
[2026-07-17 12:02:59] --- Bat dau khoi dong AI stream ---
[2026-07-17 12:03:00] Da dong archive phut: 1202
[2026-07-17 12:03:00] Mo archive moi: D:\lehuynhthuan\Cam\bida_ai_system\archive\ban1_1203.mp4
[2026-07-17 12:03:00] Da xoa archive cu: ban1_1202.mp4
[2026-07-17 12:03:00] Loi xoa archive cu: [WinError 32] The process cannot access the file because it is being used by another process: 'D:\\lehuynhthuan\\Cam\\bida_ai_system\\archive\\ban1_1203.mp4'
[2026-07-17 12:03:28] Loi: Khong the doc tu camera
[2026-07-17 12:03:34] --- Bat dau khoi dong AI stream ---
[2026-07-17 12:04:00] Da dong archive phut: 1203
[2026-07-17 12:04:00] Mo archive moi: D:\lehuynhthuan\Cam\bida_ai_system\archive\ban1_1204.mp4
[2026-07-17 12:04:00] Da xoa archive cu: ban1_1203.mp4
[2026-07-17 12:04:00] Loi xoa archive cu: [WinError 32] The process cannot access the file because it is being used by another process: 'D:\\lehuynhthuan\\Cam\\bida_ai_system\\archive\\ban1_1204.mp4'
[2026-07-17 12:04:03] Loi: Khong the doc tu camera
[2026-07-17 12:04:04] --- Bat dau khoi dong AI stream ---
[2026-07-17 12:04:28] Loi: Khong the doc tu camera
[2026-07-17 12:04:34] --- Bat dau khoi dong AI stream ---
[2026-07-17 12:04:42] Phat hien chuyen dong cam Menu (So pixel mau: 1590)
[2026-07-17 12:04:42] Phat hien chuyen dong cam Menu (So pixel mau: 2444)
[2026-07-17 12:04:42] Phat hien chuyen dong cam Menu (So pixel mau: 766)
[2026-07-17 12:04:42] XAC NHAN: KHACH CAM MENU VAY TAY ORDER! (3 lan/4s)
[2026-07-17 12:04:42] Phat hien chuyen dong cam Menu (So pixel mau: 7120)
[2026-07-17 12:04:42] Phat hien chuyen dong cam Menu (So pixel mau: 5780)
[2026-07-17 12:04:42] Phat hien chuyen dong cam Menu (So pixel mau: 2062)
[2026-07-17 12:04:42] Phat hien chuyen dong cam Menu (So pixel mau: 461)
[2026-07-17 12:04:42] Phat hien chuyen dong cam Menu (So pixel mau: 1065)
[2026-07-17 12:04:42] Phat hien chuyen dong cam Menu (So pixel mau: 1601)
[2026-07-17 12:04:42] Phat hien chuyen dong cam Menu (So pixel mau: 1360)
[2026-07-17 12:04:42] Phat hien chuyen dong cam Menu (So pixel mau: 890)
[2026-07-17 12:04:42] Phat hien chuyen dong cam Menu (So pixel mau: 608)
[2026-07-17 12:04:42] Phat hien chuyen dong cam Menu (So pixel mau: 986)
[2026-07-17 12:04:42] Phat hien chuyen dong cam Menu (So pixel mau: 815)
[2026-07-17 12:04:55] Loi: Khong the doc tu camera
[2026-07-17 12:04:59] --- Bat dau khoi dong AI stream ---
[2026-07-17 12:05:00] Da dong archive phut: 1204
[2026-07-17 12:05:00] Mo archive moi: D:\lehuynhthuan\Cam\bida_ai_system\archive\ban1_1205.mp4
[2026-07-17 12:05:00] Da xoa archive cu: ban1_1204.mp4
[2026-07-17 12:05:00] Loi xoa archive cu: [WinError 32] The process cannot access the file because it is being used by another process: 'D:\\lehuynhthuan\\Cam\\bida_ai_system\\archive\\ban1_1205.mp4'
[2026-07-17 12:05:20] Loi: Khong the doc tu camera
[2026-07-17 12:05:24] --- Bat dau khoi dong AI stream ---
[2026-07-17 12:05:45] Loi: Khong the doc tu camera
[2026-07-17 12:05:49] --- Bat dau khoi dong AI stream ---
[2026-07-17 12:06:00] Da dong archive phut: 1205
[2026-07-17 12:06:00] Mo archive moi: D:\lehuynhthuan\Cam\bida_ai_system\archive\ban1_1206.mp4
[2026-07-17 12:06:00] Da xoa archive cu: ban1_1205.mp4
[2026-07-17 12:06:00] Loi xoa archive cu: [WinError 32] The process cannot access the file because it is being used by another process: 'D:\\lehuynhthuan\\Cam\\bida_ai_system\\archive\\ban1_1206.mp4'
[2026-07-17 12:06:10] Loi: Khong the doc tu camera
[2026-07-17 12:06:14] --- Bat dau khoi dong AI stream ---
[2026-07-17 12:06:35] Loi: Khong the doc tu camera
[2026-07-17 12:06:39] --- Bat dau khoi dong AI stream ---
[2026-07-17 12:07:00] Da dong archive phut: 1206
[2026-07-17 12:07:00] Mo archive moi: D:\lehuynhthuan\Cam\bida_ai_system\archive\ban1_1207.mp4
[2026-07-17 12:07:00] Da xoa archive cu: ban1_1206.mp4
[2026-07-17 12:07:00] Loi xoa archive cu: [WinError 32] The process cannot access the file because it is being used by another process: 'D:\\lehuynhthuan\\Cam\\bida_ai_system\\archive\\ban1_1207.mp4'
[2026-07-17 12:07:00] Loi: Khong the doc tu camera
[2026-07-17 12:07:04] --- Bat dau khoi dong AI stream ---
[2026-07-17 12:07:25] Loi: Khong the doc tu camera
[2026-07-17 12:07:29] --- Bat dau khoi dong AI stream ---
[2026-07-17 12:07:50] Loi: Khong the doc tu camera
[2026-07-17 12:07:54] --- Bat dau khoi dong AI stream ---
[2026-07-17 12:08:00] Da dong archive phut: 1207
[2026-07-17 12:08:00] Mo archive moi: D:\lehuynhthuan\Cam\bida_ai_system\archive\ban1_1208.mp4
[2026-07-17 12:08:00] Da xoa archive cu: ban1_1207.mp4
[2026-07-17 12:08:00] Loi xoa archive cu: [WinError 32] The process cannot access the file because it is being used by another process: 'D:\\lehuynhthuan\\Cam\\bida_ai_system\\archive\\ban1_1208.mp4'
[2026-07-17 12:08:15] Loi: Khong the doc tu camera
[2026-07-17 12:08:19] --- Bat dau khoi dong AI stream ---
[2026-07-17 12:08:41] Loi: Khong the doc tu camera
[2026-07-17 12:08:44] --- Bat dau khoi dong AI stream ---
[2026-07-17 12:09:00] Da dong archive phut: 1208
[2026-07-17 12:09:00] Mo archive moi: D:\lehuynhthuan\Cam\bida_ai_system\archive\ban1_1209.mp4
[2026-07-17 12:09:00] Da xoa archive cu: ban1_1208.mp4
[2026-07-17 12:09:00] Loi xoa archive cu: [WinError 32] The process cannot access the file because it is being used by another process: 'D:\\lehuynhthuan\\Cam\\bida_ai_system\\archive\\ban1_1209.mp4'
[2026-07-17 12:09:06] Loi: Khong the doc tu camera
[2026-07-17 12:09:09] --- Bat dau khoi dong AI stream ---
[2026-07-17 12:09:32] Loi: Khong the doc tu camera
[2026-07-17 12:09:39] --- Bat dau khoi dong AI stream ---
[2026-07-17 12:10:00] Da dong archive phut: 1209
[2026-07-17 12:10:00] Mo archive moi: D:\lehuynhthuan\Cam\bida_ai_system\archive\ban1_1210.mp4
[2026-07-17 12:10:00] Da xoa archive cu: ban1_1209.mp4
[2026-07-17 12:10:00] Loi xoa archive cu: [WinError 32] The process cannot access the file because it is being used by another process: 'D:\\lehuynhthuan\\Cam\\bida_ai_system\\archive\\ban1_1210.mp4'
[2026-07-17 12:10:00] Loi: Khong the doc tu camera
[2026-07-17 12:10:04] --- Bat dau khoi dong AI stream ---
[2026-07-17 12:10:25] Loi: Khong the doc tu camera
[2026-07-17 12:10:29] --- Bat dau khoi dong AI stream ---
[2026-07-17 12:10:50] Loi: Khong the doc tu camera
[2026-07-17 12:10:54] --- Bat dau khoi dong AI stream ---
[2026-07-17 12:11:00] Da dong archive phut: 1210
[2026-07-17 12:11:00] Mo archive moi: D:\lehuynhthuan\Cam\bida_ai_system\archive\ban1_1211.mp4
[2026-07-17 12:11:00] Da xoa archive cu: ban1_1210.mp4
[2026-07-17 12:11:00] Loi xoa archive cu: [WinError 32] The process cannot access the file because it is being used by another process: 'D:\\lehuynhthuan\\Cam\\bida_ai_system\\archive\\ban1_1211.mp4'
[2026-07-17 12:11:15] Loi: Khong the doc tu camera
[2026-07-17 12:11:19] --- Bat dau khoi dong AI stream ---
[2026-07-17 12:11:40] Loi: Khong the doc tu camera
[2026-07-17 12:11:44] --- Bat dau khoi dong AI stream ---
[2026-07-17 12:12:00] Da dong archive phut: 1211
[2026-07-17 12:12:00] Mo archive moi: D:\lehuynhthuan\Cam\bida_ai_system\archive\ban1_1212.mp4
[2026-07-17 12:12:00] Da xoa archive cu: ban1_1211.mp4
[2026-07-17 12:12:00] Loi xoa archive cu: [WinError 32] The process cannot access the file because it is being used by another process: 'D:\\lehuynhthuan\\Cam\\bida_ai_system\\archive\\ban1_1212.mp4'
[2026-07-17 12:12:05] Loi: Khong the doc tu camera
[2026-07-17 12:12:09] --- Bat dau khoi dong AI stream ---
[2026-07-17 12:12:29] Loi: Khong the doc tu camera
[2026-07-17 12:12:34] --- Bat dau khoi dong AI stream ---
[2026-07-17 12:12:55] Loi: Khong the doc tu camera
[2026-07-17 12:12:59] --- Bat dau khoi dong AI stream ---
[2026-07-17 12:13:00] Da dong archive phut: 1212
[2026-07-17 12:13:00] Mo archive moi: D:\lehuynhthuan\Cam\bida_ai_system\archive\ban1_1213.mp4
[2026-07-17 12:13:00] Da xoa archive cu: ban1_1212.mp4
[2026-07-17 12:13:00] Loi xoa archive cu: [WinError 32] The process cannot access the file because it is being used by another process: 'D:\\lehuynhthuan\\Cam\\bida_ai_system\\archive\\ban1_1213.mp4'
[2026-07-17 12:13:19] Loi: Khong the doc tu camera
[2026-07-17 12:13:24] --- Bat dau khoi dong AI stream ---
[2026-07-17 12:13:45] Loi: Khong the doc tu camera
[2026-07-17 12:13:49] --- Bat dau khoi dong AI stream ---
[2026-07-17 12:14:00] Da dong archive phut: 1213
[2026-07-17 12:14:00] Mo archive moi: D:\lehuynhthuan\Cam\bida_ai_system\archive\ban1_1214.mp4
[2026-07-17 12:14:00] Da xoa archive cu: ban1_1213.mp4
[2026-07-17 12:14:00] Loi xoa archive cu: [WinError 32] The process cannot access the file because it is being used by another process: 'D:\\lehuynhthuan\\Cam\\bida_ai_system\\archive\\ban1_1214.mp4'
[2026-07-17 12:14:10] Loi: Khong the doc tu camera
[2026-07-17 12:14:14] --- Bat dau khoi dong AI stream ---
[2026-07-17 12:14:35] Loi: Khong the doc tu camera
[2026-07-17 12:14:39] --- Bat dau khoi dong AI stream ---
[2026-07-17 12:15:00] Da dong archive phut: 1214
[2026-07-17 12:15:00] Mo archive moi: D:\lehuynhthuan\Cam\bida_ai_system\archive\ban1_1215.mp4
[2026-07-17 12:15:00] Da xoa archive cu: ban1_1214.mp4
[2026-07-17 12:15:00] Loi xoa archive cu: [WinError 32] The process cannot access the file because it is being used by another process: 'D:\\lehuynhthuan\\Cam\\bida_ai_system\\archive\\ban1_1215.mp4'
[2026-07-17 12:15:00] Loi: Khong the doc tu camera
[2026-07-17 12:15:04] --- Bat dau khoi dong AI stream ---
[2026-07-17 12:15:25] Loi: Khong the doc tu camera
[2026-07-17 12:15:29] --- Bat dau khoi dong AI stream ---
[2026-07-17 12:15:50] Loi: Khong the doc tu camera
[2026-07-17 12:15:54] --- Bat dau khoi dong AI stream ---
[2026-07-17 12:16:00] Da dong archive phut: 1215
[2026-07-17 12:16:00] Mo archive moi: D:\lehuynhthuan\Cam\bida_ai_system\archive\ban1_1216.mp4
[2026-07-17 12:16:00] Da xoa archive cu: ban1_1215.mp4
[2026-07-17 12:16:00] Loi xoa archive cu: [WinError 32] The process cannot access the file because it is being used by another process: 'D:\\lehuynhthuan\\Cam\\bida_ai_system\\archive\\ban1_1216.mp4'
[2026-07-17 12:16:15] Loi: Khong the doc tu camera
[2026-07-17 12:16:19] --- Bat dau khoi dong AI stream ---
[2026-07-17 12:16:39] Loi: Khong the doc tu camera
[2026-07-17 12:16:44] --- Bat dau khoi dong AI stream ---
[2026-07-17 12:17:00] Da dong archive phut: 1216
[2026-07-17 12:17:00] Mo archive moi: D:\lehuynhthuan\Cam\bida_ai_system\archive\ban1_1217.mp4
[2026-07-17 12:17:00] Da xoa archive cu: ban1_1216.mp4
[2026-07-17 12:17:00] Loi xoa archive cu: [WinError 32] The process cannot access the file because it is being used by another process: 'D:\\lehuynhthuan\\Cam\\bida_ai_system\\archive\\ban1_1217.mp4'
[2026-07-17 12:17:04] Loi: Khong the doc tu camera
[2026-07-17 12:17:09] --- Bat dau khoi dong AI stream ---
[2026-07-17 12:17:30] Loi: Khong the doc tu camera
[2026-07-17 12:17:34] --- Bat dau khoi dong AI stream ---
[2026-07-17 12:17:54] Loi: Khong the doc tu camera
[2026-07-17 12:17:59] --- Bat dau khoi dong AI stream ---
[2026-07-17 12:18:00] Da dong archive phut: 1217
[2026-07-17 12:18:00] Mo archive moi: D:\lehuynhthuan\Cam\bida_ai_system\archive\ban1_1218.mp4
[2026-07-17 12:18:00] Da xoa archive cu: ban1_1217.mp4
[2026-07-17 12:18:00] Loi xoa archive cu: [WinError 32] The process cannot access the file because it is being used by another process: 'D:\\lehuynhthuan\\Cam\\bida_ai_system\\archive\\ban1_1218.mp4'
[2026-07-17 12:18:19] Loi: Khong the doc tu camera
[2026-07-17 12:18:24] --- Bat dau khoi dong AI stream ---
[2026-07-17 12:18:45] Loi: Khong the doc tu camera
[2026-07-17 12:18:49] --- Bat dau khoi dong AI stream ---
[2026-07-17 12:19:00] Da dong archive phut: 1218
[2026-07-17 12:19:00] Mo archive moi: D:\lehuynhthuan\Cam\bida_ai_system\archive\ban1_1219.mp4
[2026-07-17 12:19:00] Da xoa archive cu: ban1_1218.mp4
[2026-07-17 12:19:00] Loi xoa archive cu: [WinError 32] The process cannot access the file because it is being used by another process: 'D:\\lehuynhthuan\\Cam\\bida_ai_system\\archive\\ban1_1219.mp4'
[2026-07-17 12:19:10] Loi: Khong the doc tu camera
[2026-07-17 12:19:14] --- Bat dau khoi dong AI stream ---
[2026-07-17 12:19:35] Loi: Khong the doc tu camera
[2026-07-17 12:19:39] --- Bat dau khoi dong AI stream ---
[2026-07-17 12:19:59] Loi: Khong the doc tu camera
[2026-07-17 12:20:00] Da dong archive phut: 1219
[2026-07-17 12:20:00] Mo archive moi: D:\lehuynhthuan\Cam\bida_ai_system\archive\ban1_1220.mp4
[2026-07-17 12:20:00] Da xoa archive cu: ban1_1219.mp4
[2026-07-17 12:20:00] Loi xoa archive cu: [WinError 32] The process cannot access the file because it is being used by another process: 'D:\\lehuynhthuan\\Cam\\bida_ai_system\\archive\\ban1_1220.mp4'
[2026-07-17 12:20:04] --- Bat dau khoi dong AI stream ---
[2026-07-17 12:20:24] Loi: Khong the doc tu camera
[2026-07-17 12:20:29] --- Bat dau khoi dong AI stream ---
[2026-07-17 12:20:50] Loi: Khong the doc tu camera
[2026-07-17 12:20:54] --- Bat dau khoi dong AI stream ---
[2026-07-17 12:21:00] Da dong archive phut: 1220
[2026-07-17 12:21:00] Mo archive moi: D:\lehuynhthuan\Cam\bida_ai_system\archive\ban1_1221.mp4
[2026-07-17 12:21:00] Da xoa archive cu: ban1_1220.mp4
[2026-07-17 12:21:00] Loi xoa archive cu: [WinError 32] The process cannot access the file because it is being used by another process: 'D:\\lehuynhthuan\\Cam\\bida_ai_system\\archive\\ban1_1221.mp4'
[2026-07-17 12:21:14] Loi: Khong the doc tu camera
[2026-07-17 12:21:19] --- Bat dau khoi dong AI stream ---
[2026-07-17 12:21:39] Loi: Khong the doc tu camera
[2026-07-17 12:21:44] --- Bat dau khoi dong AI stream ---
[2026-07-17 12:22:00] Da dong archive phut: 1221
[2026-07-17 12:22:00] Mo archive moi: D:\lehuynhthuan\Cam\bida_ai_system\archive\ban1_1222.mp4
[2026-07-17 12:22:00] Da xoa archive cu: ban1_1221.mp4
[2026-07-17 12:22:00] Loi xoa archive cu: [WinError 32] The process cannot access the file because it is being used by another process: 'D:\\lehuynhthuan\\Cam\\bida_ai_system\\archive\\ban1_1222.mp4'
[2026-07-17 12:22:05] Loi: Khong the doc tu camera
[2026-07-17 12:22:09] --- Bat dau khoi dong AI stream ---
[2026-07-17 12:22:30] Loi: Khong the doc tu camera
[2026-07-17 12:22:34] --- Bat dau khoi dong AI stream ---
[2026-07-17 12:22:55] Loi: Khong the doc tu camera
[2026-07-17 12:22:59] --- Bat dau khoi dong AI stream ---
[2026-07-17 12:23:00] Da dong archive phut: 1222
[2026-07-17 12:23:00] Mo archive moi: D:\lehuynhthuan\Cam\bida_ai_system\archive\ban1_1223.mp4
[2026-07-17 12:23:00] Da xoa archive cu: ban1_1222.mp4
[2026-07-17 12:23:00] Loi xoa archive cu: [WinError 32] The process cannot access the file because it is being used by another process: 'D:\\lehuynhthuan\\Cam\\bida_ai_system\\archive\\ban1_1223.mp4'
[2026-07-17 12:23:20] Loi: Khong the doc tu camera
[2026-07-17 12:23:24] --- Bat dau khoi dong AI stream ---
[2026-07-17 12:23:45] Loi: Khong the doc tu camera
[2026-07-17 12:23:49] --- Bat dau khoi dong AI stream ---
[2026-07-17 12:24:00] Da dong archive phut: 1223
[2026-07-17 12:24:00] Mo archive moi: D:\lehuynhthuan\Cam\bida_ai_system\archive\ban1_1224.mp4
[2026-07-17 12:24:00] Da xoa archive cu: ban1_1223.mp4
[2026-07-17 12:24:00] Loi xoa archive cu: [WinError 32] The process cannot access the file because it is being used by another process: 'D:\\lehuynhthuan\\Cam\\bida_ai_system\\archive\\ban1_1224.mp4'
[2026-07-17 12:24:11] Loi: Khong the doc tu camera
[2026-07-17 12:24:14] --- Bat dau khoi dong AI stream ---
[2026-07-17 12:24:35] Loi: Khong the doc tu camera
[2026-07-17 12:24:39] --- Bat dau khoi dong AI stream ---
[2026-07-17 12:24:39] Phat hien chuyen dong cam Menu (So pixel mau: 810)
[2026-07-17 12:25:00] Da dong archive phut: 1224
[2026-07-17 12:25:00] Mo archive moi: D:\lehuynhthuan\Cam\bida_ai_system\archive\ban1_1225.mp4
[2026-07-17 12:25:00] Da xoa archive cu: ban1_1224.mp4
[2026-07-17 12:25:00] Loi xoa archive cu: [WinError 32] The process cannot access the file because it is being used by another process: 'D:\\lehuynhthuan\\Cam\\bida_ai_system\\archive\\ban1_1225.mp4'
[2026-07-17 12:25:01] Loi: Khong the doc tu camera
[2026-07-17 12:25:04] --- Bat dau khoi dong AI stream ---
[2026-07-17 12:25:25] Loi: Khong the doc tu camera
[2026-07-17 12:25:29] --- Bat dau khoi dong AI stream ---
[2026-07-17 12:25:49] Loi: Khong the doc tu camera
[2026-07-17 12:25:54] --- Bat dau khoi dong AI stream ---
[2026-07-17 12:26:00] Da dong archive phut: 1225
[2026-07-17 12:26:00] Mo archive moi: D:\lehuynhthuan\Cam\bida_ai_system\archive\ban1_1226.mp4
[2026-07-17 12:26:00] Da xoa archive cu: ban1_1225.mp4
[2026-07-17 12:26:00] Loi xoa archive cu: [WinError 32] The process cannot access the file because it is being used by another process: 'D:\\lehuynhthuan\\Cam\\bida_ai_system\\archive\\ban1_1226.mp4'
[2026-07-17 12:26:14] Loi: Khong the doc tu camera
[2026-07-17 12:26:19] --- Bat dau khoi dong AI stream ---
[2026-07-17 12:26:40] Loi: Khong the doc tu camera
[2026-07-17 12:26:44] --- Bat dau khoi dong AI stream ---
[2026-07-17 12:27:00] Da dong archive phut: 1226
[2026-07-17 12:27:00] Mo archive moi: D:\lehuynhthuan\Cam\bida_ai_system\archive\ban1_1227.mp4
[2026-07-17 12:27:00] Da xoa archive cu: ban1_1226.mp4
[2026-07-17 12:27:00] Loi xoa archive cu: [WinError 32] The process cannot access the file because it is being used by another process: 'D:\\lehuynhthuan\\Cam\\bida_ai_system\\archive\\ban1_1227.mp4'
[2026-07-17 12:27:04] Loi: Khong the doc tu camera
[2026-07-17 12:27:09] --- Bat dau khoi dong AI stream ---
[2026-07-17 12:27:30] Loi: Khong the doc tu camera
[2026-07-17 12:27:34] --- Bat dau khoi dong AI stream ---
[2026-07-17 12:27:54] Loi: Khong the doc tu camera
[2026-07-17 12:27:59] --- Bat dau khoi dong AI stream ---
[2026-07-17 12:28:00] Da dong archive phut: 1227
[2026-07-17 12:28:00] Mo archive moi: D:\lehuynhthuan\Cam\bida_ai_system\archive\ban1_1228.mp4
[2026-07-17 12:28:00] Da xoa archive cu: ban1_1227.mp4
[2026-07-17 12:28:00] Loi xoa archive cu: [WinError 32] The process cannot access the file because it is being used by another process: 'D:\\lehuynhthuan\\Cam\\bida_ai_system\\archive\\ban1_1228.mp4'
[2026-07-17 12:28:19] Loi: Khong the doc tu camera
[2026-07-17 12:28:24] --- Bat dau khoi dong AI stream ---
[2026-07-17 12:28:45] Loi: Khong the doc tu camera
[2026-07-17 12:28:49] --- Bat dau khoi dong AI stream ---
[2026-07-17 12:29:00] Da dong archive phut: 1228
[2026-07-17 12:29:00] Mo archive moi: D:\lehuynhthuan\Cam\bida_ai_system\archive\ban1_1229.mp4
[2026-07-17 12:29:00] Da xoa archive cu: ban1_1228.mp4
[2026-07-17 12:29:00] Loi xoa archive cu: [WinError 32] The process cannot access the file because it is being used by another process: 'D:\\lehuynhthuan\\Cam\\bida_ai_system\\archive\\ban1_1229.mp4'
[2026-07-17 12:29:09] Loi: Khong the doc tu camera
[2026-07-17 12:29:14] --- Bat dau khoi dong AI stream ---
[2026-07-17 12:29:39] Loi: Khong the doc tu camera
[2026-07-17 12:29:44] --- Bat dau khoi dong AI stream ---
[2026-07-17 12:30:00] Da dong archive phut: 1229
[2026-07-17 12:30:00] Mo archive moi: D:\lehuynhthuan\Cam\bida_ai_system\archive\ban1_1230.mp4
[2026-07-17 12:30:00] Da xoa archive cu: ban1_1229.mp4
[2026-07-17 12:30:00] Loi xoa archive cu: [WinError 32] The process cannot access the file because it is being used by another process: 'D:\\lehuynhthuan\\Cam\\bida_ai_system\\archive\\ban1_1230.mp4'
[2026-07-17 12:30:09] Loi: Khong the doc tu camera
[2026-07-17 12:30:14] --- Bat dau khoi dong AI stream ---
[2026-07-17 12:30:38] Loi: Khong the doc tu camera
[2026-07-17 12:30:39] --- Bat dau khoi dong AI stream ---
[2026-07-17 12:31:00] Da dong archive phut: 1230
[2026-07-17 12:31:00] Mo archive moi: D:\lehuynhthuan\Cam\bida_ai_system\archive\ban1_1231.mp4
[2026-07-17 12:31:00] Da xoa archive cu: ban1_1230.mp4
[2026-07-17 12:31:00] Loi xoa archive cu: [WinError 32] The process cannot access the file because it is being used by another process: 'D:\\lehuynhthuan\\Cam\\bida_ai_system\\archive\\ban1_1231.mp4'
[2026-07-17 12:31:02] Loi: Khong the doc tu camera
[2026-07-17 12:31:04] --- Bat dau khoi dong AI stream ---
[2026-07-17 12:31:26] Loi: Khong the doc tu camera
[2026-07-17 12:31:29] --- Bat dau khoi dong AI stream ---
[2026-07-17 12:31:51] Loi: Khong the doc tu camera
[2026-07-17 12:31:54] --- Bat dau khoi dong AI stream ---
[2026-07-17 12:32:00] Da dong archive phut: 1231
[2026-07-17 12:32:00] Mo archive moi: D:\lehuynhthuan\Cam\bida_ai_system\archive\ban1_1232.mp4
[2026-07-17 12:32:00] Da xoa archive cu: ban1_1231.mp4
[2026-07-17 12:32:00] Loi xoa archive cu: [WinError 32] The process cannot access the file because it is being used by another process: 'D:\\lehuynhthuan\\Cam\\bida_ai_system\\archive\\ban1_1232.mp4'
[2026-07-17 12:32:17] Loi: Khong the doc tu camera
[2026-07-17 12:32:19] --- Bat dau khoi dong AI stream ---
[2026-07-17 12:32:41] Loi: Khong the doc tu camera
[2026-07-17 12:32:46] --- Bat dau khoi dong AI stream ---
[2026-07-17 12:33:00] Da dong archive phut: 1232
[2026-07-17 12:33:00] Mo archive moi: D:\lehuynhthuan\Cam\bida_ai_system\archive\ban1_1233.mp4
[2026-07-17 12:33:00] Da xoa archive cu: ban1_1232.mp4
[2026-07-17 12:33:00] Loi xoa archive cu: [WinError 32] The process cannot access the file because it is being used by another process: 'D:\\lehuynhthuan\\Cam\\bida_ai_system\\archive\\ban1_1233.mp4'
[2026-07-17 12:33:09] Loi: Khong the doc tu camera
[2026-07-17 12:33:14] --- Bat dau khoi dong AI stream ---
[2026-07-17 12:33:36] Loi: Khong the doc tu camera
[2026-07-17 12:33:39] --- Bat dau khoi dong AI stream ---
[2026-07-17 12:34:00] Da dong archive phut: 1233
[2026-07-17 12:34:00] Mo archive moi: D:\lehuynhthuan\Cam\bida_ai_system\archive\ban1_1234.mp4
[2026-07-17 12:34:00] Da xoa archive cu: ban1_1233.mp4
[2026-07-17 12:34:00] Loi xoa archive cu: [WinError 32] The process cannot access the file because it is being used by another process: 'D:\\lehuynhthuan\\Cam\\bida_ai_system\\archive\\ban1_1234.mp4'
[2026-07-17 12:34:01] Loi: Khong the doc tu camera
[2026-07-17 12:34:04] --- Bat dau khoi dong AI stream ---
[2026-07-17 12:34:26] Loi: Khong the doc tu camera
[2026-07-17 12:34:29] --- Bat dau khoi dong AI stream ---
[2026-07-17 12:34:52] Loi: Khong the doc tu camera
[2026-07-17 12:34:54] --- Bat dau khoi dong AI stream ---
[2026-07-17 12:35:00] Da dong archive phut: 1234
[2026-07-17 12:35:00] Mo archive moi: D:\lehuynhthuan\Cam\bida_ai_system\archive\ban1_1235.mp4
[2026-07-17 12:35:00] Da xoa archive cu: ban1_1234.mp4
[2026-07-17 12:35:00] Loi xoa archive cu: [WinError 32] The process cannot access the file because it is being used by another process: 'D:\\lehuynhthuan\\Cam\\bida_ai_system\\archive\\ban1_1235.mp4'
[2026-07-17 12:35:18] Loi: Khong the doc tu camera
[2026-07-17 12:35:19] --- Bat dau khoi dong AI stream ---
[2026-07-17 12:35:41] Loi: Khong the doc tu camera
[2026-07-17 12:35:44] --- Bat dau khoi dong AI stream ---
[2026-07-17 12:36:00] Da dong archive phut: 1235
[2026-07-17 12:36:00] Mo archive moi: D:\lehuynhthuan\Cam\bida_ai_system\archive\ban1_1236.mp4
[2026-07-17 12:36:00] Da xoa archive cu: ban1_1235.mp4
[2026-07-17 12:36:00] Loi xoa archive cu: [WinError 32] The process cannot access the file because it is being used by another process: 'D:\\lehuynhthuan\\Cam\\bida_ai_system\\archive\\ban1_1236.mp4'
[2026-07-17 12:36:05] Loi: Khong the doc tu camera
[2026-07-17 12:36:09] --- Bat dau khoi dong AI stream ---
[2026-07-17 12:36:30] Loi: Khong the doc tu camera
[2026-07-17 12:36:34] --- Bat dau khoi dong AI stream ---
[2026-07-17 12:36:55] Loi: Khong the doc tu camera
[2026-07-17 12:36:59] --- Bat dau khoi dong AI stream ---
[2026-07-17 12:37:00] Da dong archive phut: 1236
[2026-07-17 12:37:00] Mo archive moi: D:\lehuynhthuan\Cam\bida_ai_system\archive\ban1_1237.mp4
[2026-07-17 12:37:00] Da xoa archive cu: ban1_1236.mp4
[2026-07-17 12:37:00] Loi xoa archive cu: [WinError 32] The process cannot access the file because it is being used by another process: 'D:\\lehuynhthuan\\Cam\\bida_ai_system\\archive\\ban1_1237.mp4'
[2026-07-17 12:37:20] Loi: Khong the doc tu camera
[2026-07-17 12:37:24] --- Bat dau khoi dong AI stream ---
[2026-07-17 12:37:45] Loi: Khong the doc tu camera
[2026-07-17 12:37:49] --- Bat dau khoi dong AI stream ---
[2026-07-17 12:38:00] Da dong archive phut: 1237
[2026-07-17 12:38:00] Mo archive moi: D:\lehuynhthuan\Cam\bida_ai_system\archive\ban1_1238.mp4
[2026-07-17 12:38:00] Da xoa archive cu: ban1_1237.mp4
[2026-07-17 12:38:00] Loi xoa archive cu: [WinError 32] The process cannot access the file because it is being used by another process: 'D:\\lehuynhthuan\\Cam\\bida_ai_system\\archive\\ban1_1238.mp4'
[2026-07-17 12:38:10] Loi: Khong the doc tu camera
[2026-07-17 12:38:14] --- Bat dau khoi dong AI stream ---
[2026-07-17 12:38:35] Loi: Khong the doc tu camera
[2026-07-17 12:38:39] --- Bat dau khoi dong AI stream ---
[2026-07-17 12:39:00] Da dong archive phut: 1238
[2026-07-17 12:39:00] Mo archive moi: D:\lehuynhthuan\Cam\bida_ai_system\archive\ban1_1239.mp4
[2026-07-17 12:39:00] Da xoa archive cu: ban1_1238.mp4
[2026-07-17 12:39:00] Loi xoa archive cu: [WinError 32] The process cannot access the file because it is being used by another process: 'D:\\lehuynhthuan\\Cam\\bida_ai_system\\archive\\ban1_1239.mp4'
[2026-07-17 12:39:00] Loi: Khong the doc tu camera
[2026-07-17 12:39:04] --- Bat dau khoi dong AI stream ---
[2026-07-17 12:39:25] Loi: Khong the doc tu camera
[2026-07-17 12:39:29] --- Bat dau khoi dong AI stream ---
[2026-07-17 12:39:50] Loi: Khong the doc tu camera
[2026-07-17 12:39:54] --- Bat dau khoi dong AI stream ---
[2026-07-17 12:40:00] Da dong archive phut: 1239
[2026-07-17 12:40:00] Mo archive moi: D:\lehuynhthuan\Cam\bida_ai_system\archive\ban1_1240.mp4
[2026-07-17 12:40:00] Da xoa archive cu: ban1_1239.mp4
[2026-07-17 12:40:00] Loi xoa archive cu: [WinError 32] The process cannot access the file because it is being used by another process: 'D:\\lehuynhthuan\\Cam\\bida_ai_system\\archive\\ban1_1240.mp4'
[2026-07-17 12:40:15] Loi: Khong the doc tu camera
[2026-07-17 12:40:19] --- Bat dau khoi dong AI stream ---
[2026-07-17 12:40:40] Loi: Khong the doc tu camera
[2026-07-17 12:40:44] --- Bat dau khoi dong AI stream ---
[2026-07-17 12:41:00] Da dong archive phut: 1240
[2026-07-17 12:41:00] Mo archive moi: D:\lehuynhthuan\Cam\bida_ai_system\archive\ban1_1241.mp4
[2026-07-17 12:41:00] Da xoa archive cu: ban1_1240.mp4
[2026-07-17 12:41:00] Loi xoa archive cu: [WinError 32] The process cannot access the file because it is being used by another process: 'D:\\lehuynhthuan\\Cam\\bida_ai_system\\archive\\ban1_1241.mp4'
[2026-07-17 12:41:05] Loi: Khong the doc tu camera
[2026-07-17 12:41:09] --- Bat dau khoi dong AI stream ---
[2026-07-17 12:41:30] Loi: Khong the doc tu camera
[2026-07-17 12:41:34] --- Bat dau khoi dong AI stream ---
[2026-07-17 12:41:55] Loi: Khong the doc tu camera
[2026-07-17 12:41:59] --- Bat dau khoi dong AI stream ---
[2026-07-17 12:42:00] Da dong archive phut: 1241
[2026-07-17 12:42:00] Mo archive moi: D:\lehuynhthuan\Cam\bida_ai_system\archive\ban1_1242.mp4
[2026-07-17 12:42:00] Da xoa archive cu: ban1_1241.mp4
[2026-07-17 12:42:00] Loi xoa archive cu: [WinError 32] The process cannot access the file because it is being used by another process: 'D:\\lehuynhthuan\\Cam\\bida_ai_system\\archive\\ban1_1242.mp4'
[2026-07-17 12:42:20] Loi: Khong the doc tu camera
[2026-07-17 12:42:24] --- Bat dau khoi dong AI stream ---
[2026-07-17 12:42:45] Loi: Khong the doc tu camera
[2026-07-17 12:42:49] --- Bat dau khoi dong AI stream ---
[2026-07-17 12:43:00] Da dong archive phut: 1242
[2026-07-17 12:43:00] Mo archive moi: D:\lehuynhthuan\Cam\bida_ai_system\archive\ban1_1243.mp4
[2026-07-17 12:43:00] Da xoa archive cu: ban1_1242.mp4
[2026-07-17 12:43:00] Loi xoa archive cu: [WinError 32] The process cannot access the file because it is being used by another process: 'D:\\lehuynhthuan\\Cam\\bida_ai_system\\archive\\ban1_1243.mp4'
[2026-07-17 12:43:10] Loi: Khong the doc tu camera
[2026-07-17 12:43:14] --- Bat dau khoi dong AI stream ---
[2026-07-17 12:43:36] Loi: Khong the doc tu camera
[2026-07-17 12:43:39] --- Bat dau khoi dong AI stream ---
[2026-07-17 12:44:00] Da dong archive phut: 1243
[2026-07-17 12:44:00] Mo archive moi: D:\lehuynhthuan\Cam\bida_ai_system\archive\ban1_1244.mp4
[2026-07-17 12:44:00] Da xoa archive cu: ban1_1243.mp4
[2026-07-17 12:44:00] Loi xoa archive cu: [WinError 32] The process cannot access the file because it is being used by another process: 'D:\\lehuynhthuan\\Cam\\bida_ai_system\\archive\\ban1_1244.mp4'
[2026-07-17 12:44:00] Loi: Khong the doc tu camera
[2026-07-17 12:44:04] --- Bat dau khoi dong AI stream ---
[2026-07-17 12:44:25] Loi: Khong the doc tu camera
[2026-07-17 12:44:29] --- Bat dau khoi dong AI stream ---
[2026-07-17 12:44:50] Loi: Khong the doc tu camera
[2026-07-17 12:44:54] --- Bat dau khoi dong AI stream ---
[2026-07-17 12:45:00] Da dong archive phut: 1244
[2026-07-17 12:45:00] Mo archive moi: D:\lehuynhthuan\Cam\bida_ai_system\archive\ban1_1245.mp4
[2026-07-17 12:45:00] Da xoa archive cu: ban1_1244.mp4
[2026-07-17 12:45:00] Loi xoa archive cu: [WinError 32] The process cannot access the file because it is being used by another process: 'D:\\lehuynhthuan\\Cam\\bida_ai_system\\archive\\ban1_1245.mp4'
[2026-07-17 12:45:15] Loi: Khong the doc tu camera
[2026-07-17 12:45:19] --- Bat dau khoi dong AI stream ---
[2026-07-17 12:45:41] Loi: Khong the doc tu camera
[2026-07-17 12:45:44] --- Bat dau khoi dong AI stream ---
[2026-07-17 12:46:00] Da dong archive phut: 1245
[2026-07-17 12:46:00] Mo archive moi: D:\lehuynhthuan\Cam\bida_ai_system\archive\ban1_1246.mp4
[2026-07-17 12:46:00] Da xoa archive cu: ban1_1245.mp4
[2026-07-17 12:46:00] Loi xoa archive cu: [WinError 32] The process cannot access the file because it is being used by another process: 'D:\\lehuynhthuan\\Cam\\bida_ai_system\\archive\\ban1_1246.mp4'
[2026-07-17 12:46:05] Loi: Khong the doc tu camera
[2026-07-17 12:46:09] --- Bat dau khoi dong AI stream ---
[2026-07-17 12:46:29] Loi: Khong the doc tu camera
[2026-07-17 12:46:34] --- Bat dau khoi dong AI stream ---
[2026-07-17 12:46:53] Loi: Khong the doc tu camera
[2026-07-17 12:46:59] --- Bat dau khoi dong AI stream ---
[2026-07-17 12:47:00] Da dong archive phut: 1246
[2026-07-17 12:47:00] Mo archive moi: D:\lehuynhthuan\Cam\bida_ai_system\archive\ban1_1247.mp4
[2026-07-17 12:47:00] Da xoa archive cu: ban1_1246.mp4
[2026-07-17 12:47:00] Loi xoa archive cu: [WinError 32] The process cannot access the file because it is being used by another process: 'D:\\lehuynhthuan\\Cam\\bida_ai_system\\archive\\ban1_1247.mp4'
[2026-07-17 12:47:20] Loi: Khong the doc tu camera
[2026-07-17 12:47:24] --- Bat dau khoi dong AI stream ---
[2026-07-17 12:47:44] Loi: Khong the doc tu camera
[2026-07-17 12:47:49] --- Bat dau khoi dong AI stream ---
[2026-07-17 12:48:00] Da dong archive phut: 1247
[2026-07-17 12:48:00] Mo archive moi: D:\lehuynhthuan\Cam\bida_ai_system\archive\ban1_1248.mp4
[2026-07-17 12:48:00] Da xoa archive cu: ban1_1247.mp4
[2026-07-17 12:48:00] Loi xoa archive cu: [WinError 32] The process cannot access the file because it is being used by another process: 'D:\\lehuynhthuan\\Cam\\bida_ai_system\\archive\\ban1_1248.mp4'
[2026-07-17 12:48:12] Loi: Khong the doc tu camera
[2026-07-17 12:48:14] --- Bat dau khoi dong AI stream ---
[2026-07-17 12:48:36] Loi: Khong the doc tu camera
[2026-07-17 12:48:39] --- Bat dau khoi dong AI stream ---
[2026-07-17 12:49:00] Da dong archive phut: 1248
[2026-07-17 12:49:00] Mo archive moi: D:\lehuynhthuan\Cam\bida_ai_system\archive\ban1_1249.mp4
[2026-07-17 12:49:00] Da xoa archive cu: ban1_1248.mp4
[2026-07-17 12:49:00] Loi xoa archive cu: [WinError 32] The process cannot access the file because it is being used by another process: 'D:\\lehuynhthuan\\Cam\\bida_ai_system\\archive\\ban1_1249.mp4'
[2026-07-17 12:49:01] Loi: Khong the doc tu camera
[2026-07-17 12:49:04] --- Bat dau khoi dong AI stream ---
[2026-07-17 12:49:26] Loi: Khong the doc tu camera
[2026-07-17 12:49:29] --- Bat dau khoi dong AI stream ---
[2026-07-17 12:49:51] Loi: Khong the doc tu camera
[2026-07-17 12:49:54] --- Bat dau khoi dong AI stream ---
[2026-07-17 12:50:00] Da dong archive phut: 1249
[2026-07-17 12:50:00] Mo archive moi: D:\lehuynhthuan\Cam\bida_ai_system\archive\ban1_1250.mp4
[2026-07-17 12:50:00] Da xoa archive cu: ban1_1249.mp4
[2026-07-17 12:50:00] Loi xoa archive cu: [WinError 32] The process cannot access the file because it is being used by another process: 'D:\\lehuynhthuan\\Cam\\bida_ai_system\\archive\\ban1_1250.mp4'
[2026-07-17 12:50:16] Loi: Khong the doc tu camera
[2026-07-17 12:50:19] --- Bat dau khoi dong AI stream ---
[2026-07-17 12:50:41] Loi: Khong the doc tu camera
[2026-07-17 12:50:44] --- Bat dau khoi dong AI stream ---
[2026-07-17 12:51:00] Da dong archive phut: 1250
[2026-07-17 12:51:00] Mo archive moi: D:\lehuynhthuan\Cam\bida_ai_system\archive\ban1_1251.mp4
[2026-07-17 12:51:00] Da xoa archive cu: ban1_1250.mp4
[2026-07-17 12:51:00] Loi xoa archive cu: [WinError 32] The process cannot access the file because it is being used by another process: 'D:\\lehuynhthuan\\Cam\\bida_ai_system\\archive\\ban1_1251.mp4'
[2026-07-17 12:51:06] Loi: Khong the doc tu camera
[2026-07-17 12:51:09] --- Bat dau khoi dong AI stream ---
[2026-07-17 12:51:32] Loi: Khong the doc tu camera
[2026-07-17 12:51:34] --- Bat dau khoi dong AI stream ---
[2026-07-17 12:51:56] Loi: Khong the doc tu camera
[2026-07-17 12:51:59] --- Bat dau khoi dong AI stream ---
[2026-07-17 12:52:00] Da dong archive phut: 1251
[2026-07-17 12:52:00] Mo archive moi: D:\lehuynhthuan\Cam\bida_ai_system\archive\ban1_1252.mp4
[2026-07-17 12:52:00] Da xoa archive cu: ban1_1251.mp4
[2026-07-17 12:52:00] Loi xoa archive cu: [WinError 32] The process cannot access the file because it is being used by another process: 'D:\\lehuynhthuan\\Cam\\bida_ai_system\\archive\\ban1_1252.mp4'
[2026-07-17 12:52:22] Loi: Khong the doc tu camera
[2026-07-17 12:52:24] --- Bat dau khoi dong AI stream ---
[2026-07-17 12:52:48] Loi: Khong the doc tu camera
[2026-07-17 12:52:49] --- Bat dau khoi dong AI stream ---
[2026-07-17 12:53:00] Da dong archive phut: 1252
[2026-07-17 12:53:00] Mo archive moi: D:\lehuynhthuan\Cam\bida_ai_system\archive\ban1_1253.mp4
[2026-07-17 12:53:00] Da xoa archive cu: ban1_1252.mp4
[2026-07-17 12:53:00] Loi xoa archive cu: [WinError 32] The process cannot access the file because it is being used by another process: 'D:\\lehuynhthuan\\Cam\\bida_ai_system\\archive\\ban1_1253.mp4'
[2026-07-17 12:53:10] Loi: Khong the doc tu camera
[2026-07-17 12:53:14] --- Bat dau khoi dong AI stream ---
[2026-07-17 12:53:35] Loi: Khong the doc tu camera
[2026-07-17 12:53:39] --- Bat dau khoi dong AI stream ---
[2026-07-17 12:54:00] Da dong archive phut: 1253
[2026-07-17 12:54:00] Mo archive moi: D:\lehuynhthuan\Cam\bida_ai_system\archive\ban1_1254.mp4
[2026-07-17 12:54:00] Da xoa archive cu: ban1_1253.mp4
[2026-07-17 12:54:00] Loi xoa archive cu: [WinError 32] The process cannot access the file because it is being used by another process: 'D:\\lehuynhthuan\\Cam\\bida_ai_system\\archive\\ban1_1254.mp4'
[2026-07-17 12:54:01] Loi: Khong the doc tu camera
[2026-07-17 12:54:04] --- Bat dau khoi dong AI stream ---
[2026-07-17 12:54:24] Loi: Khong the doc tu camera
[2026-07-17 12:54:29] --- Bat dau khoi dong AI stream ---
[2026-07-17 12:54:50] Loi: Khong the doc tu camera
[2026-07-17 12:54:54] --- Bat dau khoi dong AI stream ---
[2026-07-17 12:55:00] Da dong archive phut: 1254
[2026-07-17 12:55:00] Mo archive moi: D:\lehuynhthuan\Cam\bida_ai_system\archive\ban1_1255.mp4
[2026-07-17 12:55:00] Da xoa archive cu: ban1_1254.mp4
[2026-07-17 12:55:00] Loi xoa archive cu: [WinError 32] The process cannot access the file because it is being used by another process: 'D:\\lehuynhthuan\\Cam\\bida_ai_system\\archive\\ban1_1255.mp4'
[2026-07-17 12:55:15] Loi: Khong the doc tu camera
[2026-07-17 12:55:19] --- Bat dau khoi dong AI stream ---
[2026-07-17 12:55:41] Loi: Khong the doc tu camera
[2026-07-17 12:55:44] --- Bat dau khoi dong AI stream ---
[2026-07-17 12:56:00] Da dong archive phut: 1255
[2026-07-17 12:56:00] Mo archive moi: D:\lehuynhthuan\Cam\bida_ai_system\archive\ban1_1256.mp4
[2026-07-17 12:56:00] Da xoa archive cu: ban1_1255.mp4
[2026-07-17 12:56:00] Loi xoa archive cu: [WinError 32] The process cannot access the file because it is being used by another process: 'D:\\lehuynhthuan\\Cam\\bida_ai_system\\archive\\ban1_1256.mp4'
[2026-07-17 12:56:06] Loi: Khong the doc tu camera
[2026-07-17 12:56:09] --- Bat dau khoi dong AI stream ---
[2026-07-17 12:56:31] Loi: Khong the doc tu camera
[2026-07-17 12:56:34] --- Bat dau khoi dong AI stream ---
[2026-07-17 12:56:56] Loi: Khong the doc tu camera
[2026-07-17 12:56:59] --- Bat dau khoi dong AI stream ---
[2026-07-17 12:57:00] Da dong archive phut: 1256
[2026-07-17 12:57:00] Mo archive moi: D:\lehuynhthuan\Cam\bida_ai_system\archive\ban1_1257.mp4
[2026-07-17 12:57:00] Da xoa archive cu: ban1_1256.mp4
[2026-07-17 12:57:00] Loi xoa archive cu: [WinError 32] The process cannot access the file because it is being used by another process: 'D:\\lehuynhthuan\\Cam\\bida_ai_system\\archive\\ban1_1257.mp4'
[2026-07-17 12:57:21] Loi: Khong the doc tu camera
[2026-07-17 12:57:24] --- Bat dau khoi dong AI stream ---
[2026-07-17 12:57:45] Loi: Khong the doc tu camera
[2026-07-17 12:57:49] --- Bat dau khoi dong AI stream ---
[2026-07-17 12:58:00] Da dong archive phut: 1257
[2026-07-17 12:58:00] Mo archive moi: D:\lehuynhthuan\Cam\bida_ai_system\archive\ban1_1258.mp4
[2026-07-17 12:58:00] Da xoa archive cu: ban1_1257.mp4
[2026-07-17 12:58:00] Loi xoa archive cu: [WinError 32] The process cannot access the file because it is being used by another process: 'D:\\lehuynhthuan\\Cam\\bida_ai_system\\archive\\ban1_1258.mp4'
[2026-07-17 12:58:11] Loi: Khong the doc tu camera
[2026-07-17 12:58:14] --- Bat dau khoi dong AI stream ---
[2026-07-17 12:58:38] Loi: Khong the doc tu camera
[2026-07-17 12:58:40] --- Bat dau khoi dong AI stream ---
[2026-07-17 12:59:00] Da dong archive phut: 1258
[2026-07-17 12:59:00] Mo archive moi: D:\lehuynhthuan\Cam\bida_ai_system\archive\ban1_1259.mp4
[2026-07-17 12:59:00] Da xoa archive cu: ban1_1258.mp4
[2026-07-17 12:59:00] Loi xoa archive cu: [WinError 32] The process cannot access the file because it is being used by another process: 'D:\\lehuynhthuan\\Cam\\bida_ai_system\\archive\\ban1_1259.mp4'
[2026-07-17 12:59:03] Loi: Khong the doc tu camera
[2026-07-17 12:59:04] --- Bat dau khoi dong AI stream ---
[2026-07-17 12:59:24] Loi: Khong the doc tu camera
[2026-07-17 12:59:29] --- Bat dau khoi dong AI stream ---
[2026-07-17 12:59:48] Loi: Khong the doc tu camera
[2026-07-17 12:59:49] --- Bat dau khoi dong AI stream ---
[2026-07-17 13:00:00] Da dong archive phut: 1259
[2026-07-17 13:00:00] Mo archive moi: D:\lehuynhthuan\Cam\bida_ai_system\archive\ban1_1300.mp4
[2026-07-17 13:00:00] Da xoa archive cu: ban1_1259.mp4
[2026-07-17 13:00:00] Loi xoa archive cu: [WinError 32] The process cannot access the file because it is being used by another process: 'D:\\lehuynhthuan\\Cam\\bida_ai_system\\archive\\ban1_1300.mp4'
[2026-07-17 13:00:09] Loi: Khong the doc tu camera
[2026-07-17 13:00:14] --- Bat dau khoi dong AI stream ---
[2026-07-17 13:00:34] Loi: Khong the doc tu camera
[2026-07-17 13:00:39] --- Bat dau khoi dong AI stream ---
[2026-07-17 13:00:58] Loi: Khong the doc tu camera
[2026-07-17 13:01:00] Da dong archive phut: 1300
[2026-07-17 13:01:00] Mo archive moi: D:\lehuynhthuan\Cam\bida_ai_system\archive\ban1_1301.mp4
[2026-07-17 13:01:00] Da xoa archive cu: ban1_1300.mp4
[2026-07-17 13:01:00] Loi xoa archive cu: [WinError 32] The process cannot access the file because it is being used by another process: 'D:\\lehuynhthuan\\Cam\\bida_ai_system\\archive\\ban1_1301.mp4'
[2026-07-17 13:01:00] --- Bat dau khoi dong AI stream ---
[2026-07-17 13:01:19] Loi: Khong the doc tu camera
[2026-07-17 13:01:25] --- Bat dau khoi dong AI stream ---
[2026-07-17 13:01:46] Loi: Khong the doc tu camera
[2026-07-17 13:01:50] --- Bat dau khoi dong AI stream ---
[2026-07-17 13:02:00] Da dong archive phut: 1301
[2026-07-17 13:02:00] Mo archive moi: D:\lehuynhthuan\Cam\bida_ai_system\archive\ban1_1302.mp4
[2026-07-17 13:02:00] Da xoa archive cu: ban1_1301.mp4
[2026-07-17 13:02:00] Loi xoa archive cu: [WinError 32] The process cannot access the file because it is being used by another process: 'D:\\lehuynhthuan\\Cam\\bida_ai_system\\archive\\ban1_1302.mp4'
[2026-07-17 13:02:09] Loi: Khong the doc tu camera
[2026-07-17 13:02:15] --- Bat dau khoi dong AI stream ---
[2026-07-17 13:02:33] Loi: Khong the doc tu camera
[2026-07-17 13:02:35] --- Bat dau khoi dong AI stream ---
[2026-07-17 13:02:53] Loi: Khong the doc tu camera
[2026-07-17 13:02:55] --- Bat dau khoi dong AI stream ---
[2026-07-17 13:03:00] Da dong archive phut: 1302
[2026-07-17 13:03:00] Mo archive moi: D:\lehuynhthuan\Cam\bida_ai_system\archive\ban1_1303.mp4
[2026-07-17 13:03:00] Da xoa archive cu: ban1_1302.mp4
[2026-07-17 13:03:00] Loi xoa archive cu: [WinError 32] The process cannot access the file because it is being used by another process: 'D:\\lehuynhthuan\\Cam\\bida_ai_system\\archive\\ban1_1303.mp4'
[2026-07-17 13:03:15] Loi: Khong the doc tu camera
[2026-07-17 13:03:20] --- Bat dau khoi dong AI stream ---
[2026-07-17 13:03:40] Loi: Khong the doc tu camera
[2026-07-17 13:03:45] --- Bat dau khoi dong AI stream ---
[2026-07-17 13:04:00] Da dong archive phut: 1303
[2026-07-17 13:04:00] Mo archive moi: D:\lehuynhthuan\Cam\bida_ai_system\archive\ban1_1304.mp4
[2026-07-17 13:04:00] Da xoa archive cu: ban1_1303.mp4
[2026-07-17 13:04:00] Loi xoa archive cu: [WinError 32] The process cannot access the file because it is being used by another process: 'D:\\lehuynhthuan\\Cam\\bida_ai_system\\archive\\ban1_1304.mp4'
[2026-07-17 13:04:05] Loi: Khong the doc tu camera
[2026-07-17 13:04:09] --- Bat dau khoi dong AI stream ---
[2026-07-17 13:04:31] Loi: Khong the doc tu camera
[2026-07-17 13:04:35] --- Bat dau khoi dong AI stream ---
[2026-07-17 13:04:56] Loi: Khong the doc tu camera
[2026-07-17 13:05:00] Da dong archive phut: 1304
[2026-07-17 13:05:00] Mo archive moi: D:\lehuynhthuan\Cam\bida_ai_system\archive\ban1_1305.mp4
[2026-07-17 13:05:00] Da xoa archive cu: ban1_1304.mp4
[2026-07-17 13:05:00] Loi xoa archive cu: [WinError 32] The process cannot access the file because it is being used by another process: 'D:\\lehuynhthuan\\Cam\\bida_ai_system\\archive\\ban1_1305.mp4'
[2026-07-17 13:05:00] --- Bat dau khoi dong AI stream ---
[2026-07-17 13:05:22] Loi: Khong the doc tu camera
[2026-07-17 13:05:25] --- Bat dau khoi dong AI stream ---
[2026-07-17 13:05:44] Loi: Khong the doc tu camera
[2026-07-17 13:05:50] --- Bat dau khoi dong AI stream ---
[2026-07-17 13:06:00] Da dong archive phut: 1305
[2026-07-17 13:06:00] Mo archive moi: D:\lehuynhthuan\Cam\bida_ai_system\archive\ban1_1306.mp4
[2026-07-17 13:06:00] Da xoa archive cu: ban1_1305.mp4
[2026-07-17 13:06:00] Loi xoa archive cu: [WinError 32] The process cannot access the file because it is being used by another process: 'D:\\lehuynhthuan\\Cam\\bida_ai_system\\archive\\ban1_1306.mp4'
[2026-07-17 13:06:09] Loi: Khong the doc tu camera
[2026-07-17 13:06:15] --- Bat dau khoi dong AI stream ---
[2026-07-17 13:06:39] Loi: Khong the doc tu camera
[2026-07-17 13:06:45] --- Bat dau khoi dong AI stream ---
[2026-07-17 13:07:00] Da dong archive phut: 1306
[2026-07-17 13:07:00] Mo archive moi: D:\lehuynhthuan\Cam\bida_ai_system\archive\ban1_1307.mp4
[2026-07-17 13:07:00] Da xoa archive cu: ban1_1306.mp4
[2026-07-17 13:07:00] Loi xoa archive cu: [WinError 32] The process cannot access the file because it is being used by another process: 'D:\\lehuynhthuan\\Cam\\bida_ai_system\\archive\\ban1_1307.mp4'
[2026-07-17 13:07:09] Loi: Khong the doc tu camera
[2026-07-17 13:07:10] --- Bat dau khoi dong AI stream ---
[2026-07-17 13:07:35] Loi: Khong the doc tu camera
[2026-07-17 13:07:40] --- Bat dau khoi dong AI stream ---
[2026-07-17 13:08:00] Da dong archive phut: 1307
[2026-07-17 13:08:00] Mo archive moi: D:\lehuynhthuan\Cam\bida_ai_system\archive\ban1_1308.mp4
[2026-07-17 13:08:00] Da xoa archive cu: ban1_1307.mp4
[2026-07-17 13:08:00] Loi xoa archive cu: [WinError 32] The process cannot access the file because it is being used by another process: 'D:\\lehuynhthuan\\Cam\\bida_ai_system\\archive\\ban1_1308.mp4'
[2026-07-17 13:08:02] Loi: Khong the doc tu camera
[2026-07-17 13:08:05] --- Bat dau khoi dong AI stream ---
[2026-07-17 13:08:28] Loi: Khong the doc tu camera
[2026-07-17 13:08:30] --- Bat dau khoi dong AI stream ---
[2026-07-17 13:08:52] Loi: Khong the doc tu camera
[2026-07-17 13:08:55] --- Bat dau khoi dong AI stream ---
[2026-07-17 13:09:00] Da dong archive phut: 1308
[2026-07-17 13:09:00] Mo archive moi: D:\lehuynhthuan\Cam\bida_ai_system\archive\ban1_1309.mp4
[2026-07-17 13:09:00] Da xoa archive cu: ban1_1308.mp4
[2026-07-17 13:09:00] Loi xoa archive cu: [WinError 32] The process cannot access the file because it is being used by another process: 'D:\\lehuynhthuan\\Cam\\bida_ai_system\\archive\\ban1_1309.mp4'
[2026-07-17 13:09:15] Loi: Khong the doc tu camera
[2026-07-17 13:09:20] --- Bat dau khoi dong AI stream ---
[2026-07-17 13:09:39] Loi: Khong the doc tu camera
[2026-07-17 13:09:45] --- Bat dau khoi dong AI stream ---
[2026-07-17 13:10:00] Da dong archive phut: 1309
[2026-07-17 13:10:00] Mo archive moi: D:\lehuynhthuan\Cam\bida_ai_system\archive\ban1_1310.mp4
[2026-07-17 13:10:00] Da xoa archive cu: ban1_1309.mp4
[2026-07-17 13:10:00] Loi xoa archive cu: [WinError 32] The process cannot access the file because it is being used by another process: 'D:\\lehuynhthuan\\Cam\\bida_ai_system\\archive\\ban1_1310.mp4'
[2026-07-17 13:10:04] Loi: Khong the doc tu camera
[2026-07-17 13:10:10] --- Bat dau khoi dong AI stream ---
[2026-07-17 13:10:33] Loi: Khong the doc tu camera
[2026-07-17 13:10:35] --- Bat dau khoi dong AI stream ---
[2026-07-17 13:10:59] Loi: Khong the doc tu camera
[2026-07-17 13:11:00] Da dong archive phut: 1310
[2026-07-17 13:11:00] Mo archive moi: D:\lehuynhthuan\Cam\bida_ai_system\archive\ban1_1311.mp4
[2026-07-17 13:11:00] Da xoa archive cu: ban1_1310.mp4
[2026-07-17 13:11:00] Loi xoa archive cu: [WinError 32] The process cannot access the file because it is being used by another process: 'D:\\lehuynhthuan\\Cam\\bida_ai_system\\archive\\ban1_1311.mp4'
[2026-07-17 13:11:05] --- Bat dau khoi dong AI stream ---
[2026-07-17 13:11:27] Loi: Khong the doc tu camera
[2026-07-17 13:11:30] --- Bat dau khoi dong AI stream ---
[2026-07-17 13:11:56] Loi: Khong the doc tu camera
[2026-07-17 13:12:00] Da dong archive phut: 1311
[2026-07-17 13:12:00] Mo archive moi: D:\lehuynhthuan\Cam\bida_ai_system\archive\ban1_1312.mp4
[2026-07-17 13:12:00] Da xoa archive cu: ban1_1311.mp4
[2026-07-17 13:12:00] Loi xoa archive cu: [WinError 32] The process cannot access the file because it is being used by another process: 'D:\\lehuynhthuan\\Cam\\bida_ai_system\\archive\\ban1_1312.mp4'
[2026-07-17 13:12:00] --- Bat dau khoi dong AI stream ---
[2026-07-17 13:12:21] Loi: Khong the doc tu camera
[2026-07-17 13:12:25] --- Bat dau khoi dong AI stream ---
[2026-07-17 13:12:45] Loi: Khong the doc tu camera
[2026-07-17 13:12:50] --- Bat dau khoi dong AI stream ---
[2026-07-17 13:13:00] Da dong archive phut: 1312
[2026-07-17 13:13:00] Mo archive moi: D:\lehuynhthuan\Cam\bida_ai_system\archive\ban1_1313.mp4
[2026-07-17 13:13:00] Da xoa archive cu: ban1_1312.mp4
[2026-07-17 13:13:00] Loi xoa archive cu: [WinError 32] The process cannot access the file because it is being used by another process: 'D:\\lehuynhthuan\\Cam\\bida_ai_system\\archive\\ban1_1313.mp4'
[2026-07-17 13:13:12] Loi: Khong the doc tu camera
[2026-07-17 13:13:15] --- Bat dau khoi dong AI stream ---
[2026-07-17 13:13:35] Loi: Khong the doc tu camera
[2026-07-17 13:13:40] --- Bat dau khoi dong AI stream ---
[2026-07-17 13:14:00] Da dong archive phut: 1313
[2026-07-17 13:14:00] Mo archive moi: D:\lehuynhthuan\Cam\bida_ai_system\archive\ban1_1314.mp4
[2026-07-17 13:14:00] Da xoa archive cu: ban1_1313.mp4
[2026-07-17 13:14:00] Loi xoa archive cu: [WinError 32] The process cannot access the file because it is being used by another process: 'D:\\lehuynhthuan\\Cam\\bida_ai_system\\archive\\ban1_1314.mp4'
[2026-07-17 13:14:00] Loi: Khong the doc tu camera
[2026-07-17 13:14:05] --- Bat dau khoi dong AI stream ---
[2026-07-17 13:14:25] Loi: Khong the doc tu camera
[2026-07-17 13:14:30] --- Bat dau khoi dong AI stream ---
[2026-07-17 13:14:49] Loi: Khong the doc tu camera
[2026-07-17 13:14:50] --- Bat dau khoi dong AI stream ---
[2026-07-17 13:15:00] Da dong archive phut: 1314
[2026-07-17 13:15:00] Mo archive moi: D:\lehuynhthuan\Cam\bida_ai_system\archive\ban1_1315.mp4
[2026-07-17 13:15:00] Da xoa archive cu: ban1_1314.mp4
[2026-07-17 13:15:00] Loi xoa archive cu: [WinError 32] The process cannot access the file because it is being used by another process: 'D:\\lehuynhthuan\\Cam\\bida_ai_system\\archive\\ban1_1315.mp4'
[2026-07-17 13:15:09] Loi: Khong the doc tu camera
[2026-07-17 13:15:15] --- Bat dau khoi dong AI stream ---
[2026-07-17 13:15:35] Loi: Khong the doc tu camera
[2026-07-17 13:15:40] --- Bat dau khoi dong AI stream ---
[2026-07-17 13:16:00] Da dong archive phut: 1315
[2026-07-17 13:16:00] Mo archive moi: D:\lehuynhthuan\Cam\bida_ai_system\archive\ban1_1316.mp4
[2026-07-17 13:16:00] Da xoa archive cu: ban1_1315.mp4
[2026-07-17 13:16:00] Loi xoa archive cu: [WinError 32] The process cannot access the file because it is being used by another process: 'D:\\lehuynhthuan\\Cam\\bida_ai_system\\archive\\ban1_1316.mp4'
[2026-07-17 13:16:00] Loi: Khong the doc tu camera
[2026-07-17 13:16:05] --- Bat dau khoi dong AI stream ---
[2026-07-17 13:16:24] Loi: Khong the doc tu camera
[2026-07-17 13:16:30] --- Bat dau khoi dong AI stream ---
[2026-07-17 13:16:52] Loi: Khong the doc tu camera
[2026-07-17 13:16:55] --- Bat dau khoi dong AI stream ---
[2026-07-17 13:17:00] Da dong archive phut: 1316
[2026-07-17 13:17:00] Mo archive moi: D:\lehuynhthuan\Cam\bida_ai_system\archive\ban1_1317.mp4
[2026-07-17 13:17:00] Da xoa archive cu: ban1_1316.mp4
[2026-07-17 13:17:00] Loi xoa archive cu: [WinError 32] The process cannot access the file because it is being used by another process: 'D:\\lehuynhthuan\\Cam\\bida_ai_system\\archive\\ban1_1317.mp4'
[2026-07-17 13:17:21] Loi: Khong the doc tu camera
[2026-07-17 13:17:25] --- Bat dau khoi dong AI stream ---
[2026-07-17 13:17:49] Loi: Khong the doc tu camera
[2026-07-17 13:17:55] --- Bat dau khoi dong AI stream ---
[2026-07-17 13:18:00] Da dong archive phut: 1317
[2026-07-17 13:18:00] Mo archive moi: D:\lehuynhthuan\Cam\bida_ai_system\archive\ban1_1318.mp4
[2026-07-17 13:18:00] Da xoa archive cu: ban1_1317.mp4
[2026-07-17 13:18:00] Loi xoa archive cu: [WinError 32] The process cannot access the file because it is being used by another process: 'D:\\lehuynhthuan\\Cam\\bida_ai_system\\archive\\ban1_1318.mp4'
[2026-07-17 13:18:20] Loi: Khong the doc tu camera
[2026-07-17 13:18:25] --- Bat dau khoi dong AI stream ---
[2026-07-17 13:18:49] Loi: Khong the doc tu camera
[2026-07-17 13:18:55] --- Bat dau khoi dong AI stream ---
[2026-07-17 13:19:00] Da dong archive phut: 1318
[2026-07-17 13:19:00] Mo archive moi: D:\lehuynhthuan\Cam\bida_ai_system\archive\ban1_1319.mp4
[2026-07-17 13:19:00] Da xoa archive cu: ban1_1318.mp4
[2026-07-17 13:19:00] Loi xoa archive cu: [WinError 32] The process cannot access the file because it is being used by another process: 'D:\\lehuynhthuan\\Cam\\bida_ai_system\\archive\\ban1_1319.mp4'
[2026-07-17 13:19:21] Loi: Khong the doc tu camera
[2026-07-17 13:19:25] --- Bat dau khoi dong AI stream ---
[2026-07-17 13:19:51] Loi: Khong the doc tu camera
[2026-07-17 13:19:55] --- Bat dau khoi dong AI stream ---
[2026-07-17 13:20:00] Da dong archive phut: 1319
[2026-07-17 13:20:00] Mo archive moi: D:\lehuynhthuan\Cam\bida_ai_system\archive\ban1_1320.mp4
[2026-07-17 13:20:00] Da xoa archive cu: ban1_1319.mp4
[2026-07-17 13:20:00] Loi xoa archive cu: [WinError 32] The process cannot access the file because it is being used by another process: 'D:\\lehuynhthuan\\Cam\\bida_ai_system\\archive\\ban1_1320.mp4'
[2026-07-17 13:20:20] Loi: Khong the doc tu camera
[2026-07-17 13:20:25] --- Bat dau khoi dong AI stream ---
[2026-07-17 13:20:47] Loi: Khong the doc tu camera
[2026-07-17 13:20:50] --- Bat dau khoi dong AI stream ---
[2026-07-17 13:21:00] Da dong archive phut: 1320
[2026-07-17 13:21:00] Mo archive moi: D:\lehuynhthuan\Cam\bida_ai_system\archive\ban1_1321.mp4
[2026-07-17 13:21:00] Da xoa archive cu: ban1_1320.mp4
[2026-07-17 13:21:00] Loi xoa archive cu: [WinError 32] The process cannot access the file because it is being used by another process: 'D:\\lehuynhthuan\\Cam\\bida_ai_system\\archive\\ban1_1321.mp4'
[2026-07-17 13:21:14] Loi: Khong the doc tu camera
[2026-07-17 13:21:15] --- Bat dau khoi dong AI stream ---
[2026-07-17 13:21:39] Loi: Khong the doc tu camera
[2026-07-17 13:21:40] --- Bat dau khoi dong AI stream ---
[2026-07-17 13:22:00] Da dong archive phut: 1321
[2026-07-17 13:22:00] Mo archive moi: D:\lehuynhthuan\Cam\bida_ai_system\archive\ban1_1322.mp4
[2026-07-17 13:22:00] Da xoa archive cu: ban1_1321.mp4
[2026-07-17 13:22:00] Loi xoa archive cu: [WinError 32] The process cannot access the file because it is being used by another process: 'D:\\lehuynhthuan\\Cam\\bida_ai_system\\archive\\ban1_1322.mp4'
[2026-07-17 13:22:03] Loi: Khong the doc tu camera
[2026-07-17 13:22:05] --- Bat dau khoi dong AI stream ---
[2026-07-17 13:22:29] Loi: Khong the doc tu camera
[2026-07-17 13:22:36] --- Bat dau khoi dong AI stream ---
[2026-07-17 13:23:00] Da dong archive phut: 1322
[2026-07-17 13:23:00] Mo archive moi: D:\lehuynhthuan\Cam\bida_ai_system\archive\ban1_1323.mp4
[2026-07-17 13:23:00] Da xoa archive cu: ban1_1322.mp4
[2026-07-17 13:23:00] Loi xoa archive cu: [WinError 32] The process cannot access the file because it is being used by another process: 'D:\\lehuynhthuan\\Cam\\bida_ai_system\\archive\\ban1_1323.mp4'
[2026-07-17 13:23:02] Loi: Khong the doc tu camera
[2026-07-17 13:23:05] --- Bat dau khoi dong AI stream ---
[2026-07-17 13:23:36] Loi: Khong the doc tu camera
[2026-07-17 13:23:40] --- Bat dau khoi dong AI stream ---
[2026-07-17 13:24:00] Da dong archive phut: 1323
[2026-07-17 13:24:00] Mo archive moi: D:\lehuynhthuan\Cam\bida_ai_system\archive\ban1_1324.mp4
[2026-07-17 13:24:00] Da xoa archive cu: ban1_1323.mp4
[2026-07-17 13:24:00] Loi xoa archive cu: [WinError 32] The process cannot access the file because it is being used by another process: 'D:\\lehuynhthuan\\Cam\\bida_ai_system\\archive\\ban1_1324.mp4'
[2026-07-17 13:24:05] Loi: Khong the doc tu camera
[2026-07-17 13:24:10] --- Bat dau khoi dong AI stream ---
[2026-07-17 13:24:37] Loi: Khong the doc tu camera
[2026-07-17 13:24:40] --- Bat dau khoi dong AI stream ---
[2026-07-17 13:25:00] Da dong archive phut: 1324
[2026-07-17 13:25:00] Mo archive moi: D:\lehuynhthuan\Cam\bida_ai_system\archive\ban1_1325.mp4
[2026-07-17 13:25:00] Da xoa archive cu: ban1_1324.mp4
[2026-07-17 13:25:00] Loi xoa archive cu: [WinError 32] The process cannot access the file because it is being used by another process: 'D:\\lehuynhthuan\\Cam\\bida_ai_system\\archive\\ban1_1325.mp4'
[2026-07-17 13:25:03] Loi: Khong the doc tu camera
[2026-07-17 13:25:05] --- Bat dau khoi dong AI stream ---
[2026-07-17 13:25:27] Loi: Khong the doc tu camera
[2026-07-17 13:25:30] --- Bat dau khoi dong AI stream ---
[2026-07-17 13:25:53] Loi: Khong the doc tu camera
[2026-07-17 13:25:55] --- Bat dau khoi dong AI stream ---
[2026-07-17 13:26:00] Da dong archive phut: 1325
[2026-07-17 13:26:00] Mo archive moi: D:\lehuynhthuan\Cam\bida_ai_system\archive\ban1_1326.mp4
[2026-07-17 13:26:00] Da xoa archive cu: ban1_1325.mp4
[2026-07-17 13:26:00] Loi xoa archive cu: [WinError 32] The process cannot access the file because it is being used by another process: 'D:\\lehuynhthuan\\Cam\\bida_ai_system\\archive\\ban1_1326.mp4'
[2026-07-17 13:26:20] Loi: Khong the doc tu camera
[2026-07-17 13:26:25] --- Bat dau khoi dong AI stream ---
[2026-07-17 13:26:47] Loi: Khong the doc tu camera
[2026-07-17 13:26:50] --- Bat dau khoi dong AI stream ---
[2026-07-17 13:27:00] Da dong archive phut: 1326
[2026-07-17 13:27:00] Mo archive moi: D:\lehuynhthuan\Cam\bida_ai_system\archive\ban1_1327.mp4
[2026-07-17 13:27:00] Da xoa archive cu: ban1_1326.mp4
[2026-07-17 13:27:00] Loi xoa archive cu: [WinError 32] The process cannot access the file because it is being used by another process: 'D:\\lehuynhthuan\\Cam\\bida_ai_system\\archive\\ban1_1327.mp4'
[2026-07-17 13:27:12] Loi: Khong the doc tu camera
[2026-07-17 13:27:15] --- Bat dau khoi dong AI stream ---
[2026-07-17 13:27:39] Loi: Khong the doc tu camera
[2026-07-17 13:27:45] --- Bat dau khoi dong AI stream ---
[2026-07-17 13:28:00] Da dong archive phut: 1327
[2026-07-17 13:28:00] Mo archive moi: D:\lehuynhthuan\Cam\bida_ai_system\archive\ban1_1328.mp4
[2026-07-17 13:28:00] Da xoa archive cu: ban1_1327.mp4
[2026-07-17 13:28:00] Loi xoa archive cu: [WinError 32] The process cannot access the file because it is being used by another process: 'D:\\lehuynhthuan\\Cam\\bida_ai_system\\archive\\ban1_1328.mp4'
[2026-07-17 13:28:10] Loi: Khong the doc tu camera
[2026-07-17 13:28:15] --- Bat dau khoi dong AI stream ---
[2026-07-17 13:28:38] Loi: Khong the doc tu camera
[2026-07-17 13:28:40] --- Bat dau khoi dong AI stream ---
[2026-07-17 13:29:00] Da dong archive phut: 1328
[2026-07-17 13:29:00] Mo archive moi: D:\lehuynhthuan\Cam\bida_ai_system\archive\ban1_1329.mp4
[2026-07-17 13:29:00] Da xoa archive cu: ban1_1328.mp4
[2026-07-17 13:29:00] Loi xoa archive cu: [WinError 32] The process cannot access the file because it is being used by another process: 'D:\\lehuynhthuan\\Cam\\bida_ai_system\\archive\\ban1_1329.mp4'
[2026-07-17 13:29:01] Loi: Khong the doc tu camera
[2026-07-17 13:29:05] --- Bat dau khoi dong AI stream ---
[2026-07-17 13:29:26] Loi: Khong the doc tu camera
[2026-07-17 13:29:30] --- Bat dau khoi dong AI stream ---
[2026-07-17 13:29:51] Loi: Khong the doc tu camera
[2026-07-17 13:29:55] --- Bat dau khoi dong AI stream ---
[2026-07-17 13:30:00] Da dong archive phut: 1329
[2026-07-17 13:30:00] Mo archive moi: D:\lehuynhthuan\Cam\bida_ai_system\archive\ban1_1330.mp4
[2026-07-17 13:30:00] Da xoa archive cu: ban1_1329.mp4
[2026-07-17 13:30:00] Loi xoa archive cu: [WinError 32] The process cannot access the file because it is being used by another process: 'D:\\lehuynhthuan\\Cam\\bida_ai_system\\archive\\ban1_1330.mp4'
[2026-07-17 13:30:05] Phat hien chuyen dong cam Menu (So pixel mau: 160)
[2026-07-17 13:30:06] Phat hien chuyen dong cam Menu (So pixel mau: 1666)
[2026-07-17 13:30:06] Phat hien chuyen dong cam Menu (So pixel mau: 2461)
[2026-07-17 13:30:06] XAC NHAN: KHACH CAM MENU VAY TAY ORDER! (3 lan/4s)
[2026-07-17 13:30:06] Phat hien chuyen dong cam Menu (So pixel mau: 11037)
[2026-07-17 13:30:06] Phat hien chuyen dong cam Menu (So pixel mau: 8524)
[2026-07-17 13:30:06] Phat hien chuyen dong cam Menu (So pixel mau: 5540)
[2026-07-17 13:30:06] Phat hien chuyen dong cam Menu (So pixel mau: 4744)
[2026-07-17 13:30:06] Phat hien chuyen dong cam Menu (So pixel mau: 4289)
[2026-07-17 13:30:07] Phat hien chuyen dong cam Menu (So pixel mau: 2975)
[2026-07-17 13:30:07] Phat hien chuyen dong cam Menu (So pixel mau: 4930)
[2026-07-17 13:30:07] Phat hien chuyen dong cam Menu (So pixel mau: 1056)
[2026-07-17 13:30:21] Loi: Khong the doc tu camera
[2026-07-17 13:30:25] --- Bat dau khoi dong AI stream ---
[2026-07-17 13:30:48] Loi: Khong the doc tu camera
[2026-07-17 13:30:50] --- Bat dau khoi dong AI stream ---
[2026-07-17 13:31:00] Da dong archive phut: 1330
[2026-07-17 13:31:00] Mo archive moi: D:\lehuynhthuan\Cam\bida_ai_system\archive\ban1_1331.mp4
[2026-07-17 13:31:00] Da xoa archive cu: ban1_1330.mp4
[2026-07-17 13:31:00] Loi xoa archive cu: [WinError 32] The process cannot access the file because it is being used by another process: 'D:\\lehuynhthuan\\Cam\\bida_ai_system\\archive\\ban1_1331.mp4'
[2026-07-17 13:31:15] Loi: Khong the doc tu camera
[2026-07-17 13:31:20] --- Bat dau khoi dong AI stream ---
[2026-07-17 13:31:42] Loi: Khong the doc tu camera
[2026-07-17 13:31:45] --- Bat dau khoi dong AI stream ---
[2026-07-17 13:32:00] Da dong archive phut: 1331
[2026-07-17 13:32:00] Mo archive moi: D:\lehuynhthuan\Cam\bida_ai_system\archive\ban1_1332.mp4
[2026-07-17 13:32:00] Da xoa archive cu: ban1_1331.mp4
[2026-07-17 13:32:00] Loi xoa archive cu: [WinError 32] The process cannot access the file because it is being used by another process: 'D:\\lehuynhthuan\\Cam\\bida_ai_system\\archive\\ban1_1332.mp4'
[2026-07-17 13:32:08] Loi: Khong the doc tu camera
[2026-07-17 13:32:10] --- Bat dau khoi dong AI stream ---
[2026-07-17 13:32:31] Loi: Khong the doc tu camera
[2026-07-17 13:32:35] --- Bat dau khoi dong AI stream ---
[2026-07-17 13:32:57] Loi: Khong the doc tu camera
[2026-07-17 13:33:00] Da dong archive phut: 1332
[2026-07-17 13:33:00] Mo archive moi: D:\lehuynhthuan\Cam\bida_ai_system\archive\ban1_1333.mp4
[2026-07-17 13:33:00] Da xoa archive cu: ban1_1332.mp4
[2026-07-17 13:33:00] Loi xoa archive cu: [WinError 32] The process cannot access the file because it is being used by another process: 'D:\\lehuynhthuan\\Cam\\bida_ai_system\\archive\\ban1_1333.mp4'
[2026-07-17 13:33:00] --- Bat dau khoi dong AI stream ---
[2026-07-17 13:33:20] Phat hien chuyen dong cam Menu (So pixel mau: 185)
[2026-07-17 13:33:20] Phat hien chuyen dong cam Menu (So pixel mau: 243)
[2026-07-17 13:33:20] Phat hien chuyen dong cam Menu (So pixel mau: 235)
[2026-07-17 13:33:20] XAC NHAN: KHACH CAM MENU VAY TAY ORDER! (3 lan/4s)
[2026-07-17 13:33:20] Phat hien chuyen dong cam Menu (So pixel mau: 490)
[2026-07-17 13:33:20] Phat hien chuyen dong cam Menu (So pixel mau: 4154)
[2026-07-17 13:33:23] Loi: Khong the doc tu camera
[2026-07-17 13:33:25] --- Bat dau khoi dong AI stream ---
[2026-07-17 13:33:51] Loi: Khong the doc tu camera
[2026-07-17 13:33:55] --- Bat dau khoi dong AI stream ---
[2026-07-17 13:34:00] Da dong archive phut: 1333
[2026-07-17 13:34:00] Mo archive moi: D:\lehuynhthuan\Cam\bida_ai_system\archive\ban1_1334.mp4
[2026-07-17 13:34:00] Da xoa archive cu: ban1_1333.mp4
[2026-07-17 13:34:00] Loi xoa archive cu: [WinError 32] The process cannot access the file because it is being used by another process: 'D:\\lehuynhthuan\\Cam\\bida_ai_system\\archive\\ban1_1334.mp4'
[2026-07-17 13:34:15] Phat hien chuyen dong cam Menu (So pixel mau: 245)
[2026-07-17 13:34:15] Phat hien chuyen dong cam Menu (So pixel mau: 194)
[2026-07-17 13:34:15] Phat hien chuyen dong cam Menu (So pixel mau: 228)
[2026-07-17 13:34:15] XAC NHAN: KHACH CAM MENU VAY TAY ORDER! (3 lan/4s)
[2026-07-17 13:34:16] Phat hien chuyen dong cam Menu (So pixel mau: 184)
[2026-07-17 13:34:16] Phat hien chuyen dong cam Menu (So pixel mau: 171)
[2026-07-17 13:34:16] Phat hien chuyen dong cam Menu (So pixel mau: 267)
[2026-07-17 13:34:16] Phat hien chuyen dong cam Menu (So pixel mau: 267)
[2026-07-17 13:34:18] Phat hien chuyen dong cam Menu (So pixel mau: 261)
[2026-07-17 13:34:18] Phat hien chuyen dong cam Menu (So pixel mau: 184)
[2026-07-17 13:34:18] Phat hien chuyen dong cam Menu (So pixel mau: 185)
[2026-07-17 13:34:18] Phat hien chuyen dong cam Menu (So pixel mau: 154)
[2026-07-17 13:34:18] Phat hien chuyen dong cam Menu (So pixel mau: 236)
[2026-07-17 13:34:18] Phat hien chuyen dong cam Menu (So pixel mau: 207)
[2026-07-17 13:34:24] Loi: Khong the doc tu camera
[2026-07-17 13:34:31] --- Bat dau khoi dong AI stream ---
[2026-07-17 13:35:00] Da dong archive phut: 1334
[2026-07-17 13:35:00] Mo archive moi: D:\lehuynhthuan\Cam\bida_ai_system\archive\ban1_1335.mp4
[2026-07-17 13:35:00] Da xoa archive cu: ban1_1334.mp4
[2026-07-17 13:35:00] Loi xoa archive cu: [WinError 32] The process cannot access the file because it is being used by another process: 'D:\\lehuynhthuan\\Cam\\bida_ai_system\\archive\\ban1_1335.mp4'
[2026-07-17 13:35:00] Loi: Khong the doc tu camera
[2026-07-17 13:35:05] --- Bat dau khoi dong AI stream ---
[2026-07-17 13:35:14] Phat hien chuyen dong cam Menu (So pixel mau: 171)
[2026-07-17 13:35:14] Phat hien chuyen dong cam Menu (So pixel mau: 898)
[2026-07-17 13:35:14] Phat hien chuyen dong cam Menu (So pixel mau: 1456)
[2026-07-17 13:35:14] XAC NHAN: KHACH CAM MENU VAY TAY ORDER! (3 lan/4s)
[2026-07-17 13:35:14] Phat hien chuyen dong cam Menu (So pixel mau: 345)
[2026-07-17 13:35:14] Phat hien chuyen dong cam Menu (So pixel mau: 333)
[2026-07-17 13:35:14] Phat hien chuyen dong cam Menu (So pixel mau: 215)
[2026-07-17 13:35:14] Phat hien chuyen dong cam Menu (So pixel mau: 371)
[2026-07-17 13:35:14] Phat hien chuyen dong cam Menu (So pixel mau: 668)
[2026-07-17 13:35:14] Phat hien chuyen dong cam Menu (So pixel mau: 318)
[2026-07-17 13:35:14] Phat hien chuyen dong cam Menu (So pixel mau: 382)
[2026-07-17 13:35:14] Phat hien chuyen dong cam Menu (So pixel mau: 635)
[2026-07-17 13:35:14] Phat hien chuyen dong cam Menu (So pixel mau: 1351)
[2026-07-17 13:35:14] Phat hien chuyen dong cam Menu (So pixel mau: 1779)
[2026-07-17 13:35:14] Phat hien chuyen dong cam Menu (So pixel mau: 476)
[2026-07-17 13:35:14] Phat hien chuyen dong cam Menu (So pixel mau: 357)
[2026-07-17 13:35:14] Phat hien chuyen dong cam Menu (So pixel mau: 193)
[2026-07-17 13:35:14] Phat hien chuyen dong cam Menu (So pixel mau: 277)
[2026-07-17 13:35:14] Phat hien chuyen dong cam Menu (So pixel mau: 720)
[2026-07-17 13:35:15] Phat hien chuyen dong cam Menu (So pixel mau: 4545)
[2026-07-17 13:35:15] Phat hien chuyen dong cam Menu (So pixel mau: 418)
[2026-07-17 13:35:15] Phat hien chuyen dong cam Menu (So pixel mau: 475)
[2026-07-17 13:35:15] Phat hien chuyen dong cam Menu (So pixel mau: 711)
[2026-07-17 13:35:15] Phat hien chuyen dong cam Menu (So pixel mau: 4721)
[2026-07-17 13:35:15] Phat hien chuyen dong cam Menu (So pixel mau: 2850)
[2026-07-17 13:35:15] Phat hien chuyen dong cam Menu (So pixel mau: 2152)
[2026-07-17 13:35:15] Phat hien chuyen dong cam Menu (So pixel mau: 1786)
[2026-07-17 13:35:15] Phat hien chuyen dong cam Menu (So pixel mau: 1601)
[2026-07-17 13:35:15] Phat hien chuyen dong cam Menu (So pixel mau: 1388)
[2026-07-17 13:35:15] Phat hien chuyen dong cam Menu (So pixel mau: 302)
[2026-07-17 13:35:15] Phat hien chuyen dong cam Menu (So pixel mau: 1559)
[2026-07-17 13:35:15] Phat hien chuyen dong cam Menu (So pixel mau: 1168)
[2026-07-17 13:35:15] Phat hien chuyen dong cam Menu (So pixel mau: 1799)
[2026-07-17 13:35:15] Phat hien chuyen dong cam Menu (So pixel mau: 5394)
[2026-07-17 13:35:15] Phat hien chuyen dong cam Menu (So pixel mau: 2252)
[2026-07-17 13:35:15] Phat hien chuyen dong cam Menu (So pixel mau: 548)
[2026-07-17 13:35:28] Loi: Khong the doc tu camera
[2026-07-17 13:35:30] --- Bat dau khoi dong AI stream ---
[2026-07-17 13:35:52] Loi: Khong the doc tu camera
[2026-07-17 13:35:55] --- Bat dau khoi dong AI stream ---
[2026-07-17 13:36:00] Da dong archive phut: 1335
[2026-07-17 13:36:00] Mo archive moi: D:\lehuynhthuan\Cam\bida_ai_system\archive\ban1_1336.mp4
[2026-07-17 13:36:00] Da xoa archive cu: ban1_1335.mp4
[2026-07-17 13:36:00] Loi xoa archive cu: [WinError 32] The process cannot access the file because it is being used by another process: 'D:\\lehuynhthuan\\Cam\\bida_ai_system\\archive\\ban1_1336.mp4'
[2026-07-17 13:36:16] Loi: Khong the doc tu camera
[2026-07-17 13:36:20] --- Bat dau khoi dong AI stream ---
[2026-07-17 13:36:41] Loi: Khong the doc tu camera
[2026-07-17 13:36:45] --- Bat dau khoi dong AI stream ---
[2026-07-17 13:37:00] Da dong archive phut: 1336
[2026-07-17 13:37:00] Mo archive moi: D:\lehuynhthuan\Cam\bida_ai_system\archive\ban1_1337.mp4
[2026-07-17 13:37:00] Da xoa archive cu: ban1_1336.mp4
[2026-07-17 13:37:00] Loi xoa archive cu: [WinError 32] The process cannot access the file because it is being used by another process: 'D:\\lehuynhthuan\\Cam\\bida_ai_system\\archive\\ban1_1337.mp4'
[2026-07-17 13:37:06] Loi: Khong the doc tu camera
[2026-07-17 13:37:10] --- Bat dau khoi dong AI stream ---
[2026-07-17 13:37:31] Loi: Khong the doc tu camera
[2026-07-17 13:37:35] --- Bat dau khoi dong AI stream ---
[2026-07-17 13:37:55] Loi: Khong the doc tu camera
[2026-07-17 13:38:00] Da dong archive phut: 1337
[2026-07-17 13:38:00] Mo archive moi: D:\lehuynhthuan\Cam\bida_ai_system\archive\ban1_1338.mp4
[2026-07-17 13:38:00] Da xoa archive cu: ban1_1337.mp4
[2026-07-17 13:38:00] Loi xoa archive cu: [WinError 32] The process cannot access the file because it is being used by another process: 'D:\\lehuynhthuan\\Cam\\bida_ai_system\\archive\\ban1_1338.mp4'
[2026-07-17 13:38:00] --- Bat dau khoi dong AI stream ---
[2026-07-17 13:38:01] Phat hien chuyen dong cam Menu (So pixel mau: 259)
[2026-07-17 13:38:01] Phat hien chuyen dong cam Menu (So pixel mau: 662)
[2026-07-17 13:38:01] Phat hien chuyen dong cam Menu (So pixel mau: 254)
[2026-07-17 13:38:01] XAC NHAN: KHACH CAM MENU VAY TAY ORDER! (3 lan/4s)
[2026-07-17 13:38:01] Phat hien chuyen dong cam Menu (So pixel mau: 296)
[2026-07-17 13:38:01] Phat hien chuyen dong cam Menu (So pixel mau: 1933)
[2026-07-17 13:38:01] Phat hien chuyen dong cam Menu (So pixel mau: 1795)
[2026-07-17 13:38:01] Phat hien chuyen dong cam Menu (So pixel mau: 958)
[2026-07-17 13:38:01] Phat hien chuyen dong cam Menu (So pixel mau: 865)
[2026-07-17 13:38:01] Phat hien chuyen dong cam Menu (So pixel mau: 305)
[2026-07-17 13:38:01] Phat hien chuyen dong cam Menu (So pixel mau: 1407)
[2026-07-17 13:38:01] Phat hien chuyen dong cam Menu (So pixel mau: 303)
[2026-07-17 13:38:01] Phat hien chuyen dong cam Menu (So pixel mau: 228)
[2026-07-17 13:38:01] Phat hien chuyen dong cam Menu (So pixel mau: 208)
[2026-07-17 13:38:02] Phat hien chuyen dong cam Menu (So pixel mau: 434)
[2026-07-17 13:38:21] Loi: Khong the doc tu camera
[2026-07-17 13:38:26] --- Bat dau khoi dong AI stream ---
[2026-07-17 13:38:55] Loi: Khong the doc tu camera
[2026-07-17 13:39:00] Da dong archive phut: 1338
[2026-07-17 13:39:00] Mo archive moi: D:\lehuynhthuan\Cam\bida_ai_system\archive\ban1_1339.mp4
[2026-07-17 13:39:00] Da xoa archive cu: ban1_1338.mp4
[2026-07-17 13:39:00] Loi xoa archive cu: [WinError 32] The process cannot access the file because it is being used by another process: 'D:\\lehuynhthuan\\Cam\\bida_ai_system\\archive\\ban1_1339.mp4'
[2026-07-17 13:39:01] --- Bat dau khoi dong AI stream ---
[2026-07-17 13:39:33] Loi: Khong the doc tu camera
[2026-07-17 13:39:36] --- Bat dau khoi dong AI stream ---
[2026-07-17 13:39:57] Loi: Khong the doc tu camera
[2026-07-17 13:40:00] Da dong archive phut: 1339
[2026-07-17 13:40:00] Mo archive moi: D:\lehuynhthuan\Cam\bida_ai_system\archive\ban1_1340.mp4
[2026-07-17 13:40:00] Da xoa archive cu: ban1_1339.mp4
[2026-07-17 13:40:00] Loi xoa archive cu: [WinError 32] The process cannot access the file because it is being used by another process: 'D:\\lehuynhthuan\\Cam\\bida_ai_system\\archive\\ban1_1340.mp4'
[2026-07-17 13:40:00] --- Bat dau khoi dong AI stream ---
[2026-07-17 13:40:21] Loi: Khong the doc tu camera
[2026-07-17 13:40:25] --- Bat dau khoi dong AI stream ---
[2026-07-17 13:40:52] Loi: Khong the doc tu camera
[2026-07-17 13:40:57] --- Bat dau khoi dong AI stream ---
[2026-07-17 13:41:00] Da dong archive phut: 1340
[2026-07-17 13:41:00] Mo archive moi: D:\lehuynhthuan\Cam\bida_ai_system\archive\ban1_1341.mp4
[2026-07-17 13:41:00] Da xoa archive cu: ban1_1340.mp4
[2026-07-17 13:41:00] Loi xoa archive cu: [WinError 32] The process cannot access the file because it is being used by another process: 'D:\\lehuynhthuan\\Cam\\bida_ai_system\\archive\\ban1_1341.mp4'
[2026-07-17 13:41:25] Loi: Khong the doc tu camera
[2026-07-17 13:41:31] --- Bat dau khoi dong AI stream ---
[2026-07-17 13:41:55] Loi: Khong the doc tu camera
[2026-07-17 13:42:00] Da dong archive phut: 1341
[2026-07-17 13:42:00] Mo archive moi: D:\lehuynhthuan\Cam\bida_ai_system\archive\ban1_1342.mp4
[2026-07-17 13:42:00] Da xoa archive cu: ban1_1341.mp4
[2026-07-17 13:42:00] Loi xoa archive cu: [WinError 32] The process cannot access the file because it is being used by another process: 'D:\\lehuynhthuan\\Cam\\bida_ai_system\\archive\\ban1_1342.mp4'
[2026-07-17 13:42:01] --- Bat dau khoi dong AI stream ---
[2026-07-17 13:42:29] Loi: Khong the doc tu camera
[2026-07-17 13:42:35] --- Bat dau khoi dong AI stream ---
[2026-07-17 13:43:00] Da dong archive phut: 1342
[2026-07-17 13:43:00] Mo archive moi: D:\lehuynhthuan\Cam\bida_ai_system\archive\ban1_1343.mp4
[2026-07-17 13:43:00] Da xoa archive cu: ban1_1342.mp4
[2026-07-17 13:43:00] Loi xoa archive cu: [WinError 32] The process cannot access the file because it is being used by another process: 'D:\\lehuynhthuan\\Cam\\bida_ai_system\\archive\\ban1_1343.mp4'
[2026-07-17 13:43:02] Loi: Khong the doc tu camera
[2026-07-17 13:43:05] --- Bat dau khoi dong AI stream ---
[2026-07-17 13:43:27] Loi: Khong the doc tu camera
[2026-07-17 13:43:30] --- Bat dau khoi dong AI stream ---
[2026-07-17 13:43:51] Loi: Khong the doc tu camera
[2026-07-17 13:43:55] --- Bat dau khoi dong AI stream ---
[2026-07-17 13:44:00] Da dong archive phut: 1343
[2026-07-17 13:44:00] Mo archive moi: D:\lehuynhthuan\Cam\bida_ai_system\archive\ban1_1344.mp4
[2026-07-17 13:44:00] Da xoa archive cu: ban1_1343.mp4
[2026-07-17 13:44:00] Loi xoa archive cu: [WinError 32] The process cannot access the file because it is being used by another process: 'D:\\lehuynhthuan\\Cam\\bida_ai_system\\archive\\ban1_1344.mp4'
[2026-07-17 13:44:18] Loi: Khong the doc tu camera
[2026-07-17 13:44:20] --- Bat dau khoi dong AI stream ---
[2026-07-17 13:44:41] Loi: Khong the doc tu camera
[2026-07-17 13:44:45] --- Bat dau khoi dong AI stream ---
[2026-07-17 13:45:00] Da dong archive phut: 1344
[2026-07-17 13:45:00] Mo archive moi: D:\lehuynhthuan\Cam\bida_ai_system\archive\ban1_1345.mp4
[2026-07-17 13:45:00] Da xoa archive cu: ban1_1344.mp4
[2026-07-17 13:45:00] Loi xoa archive cu: [WinError 32] The process cannot access the file because it is being used by another process: 'D:\\lehuynhthuan\\Cam\\bida_ai_system\\archive\\ban1_1345.mp4'
[2026-07-17 13:45:08] Loi: Khong the doc tu camera
[2026-07-17 13:45:10] --- Bat dau khoi dong AI stream ---
[2026-07-17 13:45:31] Loi: Khong the doc tu camera
[2026-07-17 13:45:35] --- Bat dau khoi dong AI stream ---
[2026-07-17 13:45:57] Loi: Khong the doc tu camera
[2026-07-17 13:46:00] Da dong archive phut: 1345
[2026-07-17 13:46:00] Mo archive moi: D:\lehuynhthuan\Cam\bida_ai_system\archive\ban1_1346.mp4
[2026-07-17 13:46:00] Da xoa archive cu: ban1_1345.mp4
[2026-07-17 13:46:00] Loi xoa archive cu: [WinError 32] The process cannot access the file because it is being used by another process: 'D:\\lehuynhthuan\\Cam\\bida_ai_system\\archive\\ban1_1346.mp4'
[2026-07-17 13:46:00] --- Bat dau khoi dong AI stream ---
[2026-07-17 13:46:23] Loi: Khong the doc tu camera
[2026-07-17 13:46:26] --- Bat dau khoi dong AI stream ---
[2026-07-17 13:46:55] Loi: Khong the doc tu camera
[2026-07-17 13:47:00] Da dong archive phut: 1346
[2026-07-17 13:47:00] Mo archive moi: D:\lehuynhthuan\Cam\bida_ai_system\archive\ban1_1347.mp4
[2026-07-17 13:47:00] Da xoa archive cu: ban1_1346.mp4
[2026-07-17 13:47:00] Loi xoa archive cu: [WinError 32] The process cannot access the file because it is being used by another process: 'D:\\lehuynhthuan\\Cam\\bida_ai_system\\archive\\ban1_1347.mp4'
[2026-07-17 13:47:01] --- Bat dau khoi dong AI stream ---
[2026-07-17 13:47:28] Loi: Khong the doc tu camera
[2026-07-17 13:47:30] --- Bat dau khoi dong AI stream ---
[2026-07-17 13:47:55] Loi: Khong the doc tu camera
[2026-07-17 13:48:00] Da dong archive phut: 1347
[2026-07-17 13:48:00] Mo archive moi: D:\lehuynhthuan\Cam\bida_ai_system\archive\ban1_1348.mp4
[2026-07-17 13:48:00] Da xoa archive cu: ban1_1347.mp4
[2026-07-17 13:48:00] Loi xoa archive cu: [WinError 32] The process cannot access the file because it is being used by another process: 'D:\\lehuynhthuan\\Cam\\bida_ai_system\\archive\\ban1_1348.mp4'
[2026-07-17 13:48:01] --- Bat dau khoi dong AI stream ---
[2026-07-17 13:48:23] Loi: Khong the doc tu camera
[2026-07-17 13:48:25] --- Bat dau khoi dong AI stream ---
[2026-07-17 13:48:47] Loi: Khong the doc tu camera
[2026-07-17 13:48:50] --- Bat dau khoi dong AI stream ---
[2026-07-17 13:49:00] Da dong archive phut: 1348
[2026-07-17 13:49:00] Mo archive moi: D:\lehuynhthuan\Cam\bida_ai_system\archive\ban1_1349.mp4
[2026-07-17 13:49:00] Da xoa archive cu: ban1_1348.mp4
[2026-07-17 13:49:00] Loi xoa archive cu: [WinError 32] The process cannot access the file because it is being used by another process: 'D:\\lehuynhthuan\\Cam\\bida_ai_system\\archive\\ban1_1349.mp4'
[2026-07-17 13:49:12] Loi: Khong the doc tu camera
[2026-07-17 13:49:15] --- Bat dau khoi dong AI stream ---
[2026-07-17 13:49:37] Loi: Khong the doc tu camera
[2026-07-17 13:49:40] --- Bat dau khoi dong AI stream ---
[2026-07-17 13:50:00] Da dong archive phut: 1349
[2026-07-17 13:50:00] Mo archive moi: D:\lehuynhthuan\Cam\bida_ai_system\archive\ban1_1350.mp4
[2026-07-17 13:50:00] Da xoa archive cu: ban1_1349.mp4
[2026-07-17 13:50:00] Loi xoa archive cu: [WinError 32] The process cannot access the file because it is being used by another process: 'D:\\lehuynhthuan\\Cam\\bida_ai_system\\archive\\ban1_1350.mp4'
[2026-07-17 13:50:02] Loi: Khong the doc tu camera
[2026-07-17 13:50:05] --- Bat dau khoi dong AI stream ---
[2026-07-17 13:50:31] Loi: Khong the doc tu camera
[2026-07-17 13:50:35] --- Bat dau khoi dong AI stream ---
[2026-07-17 13:51:00] Da dong archive phut: 1350
[2026-07-17 13:51:00] Mo archive moi: D:\lehuynhthuan\Cam\bida_ai_system\archive\ban1_1351.mp4
[2026-07-17 13:51:00] Da xoa archive cu: ban1_1350.mp4
[2026-07-17 13:51:00] Loi xoa archive cu: [WinError 32] The process cannot access the file because it is being used by another process: 'D:\\lehuynhthuan\\Cam\\bida_ai_system\\archive\\ban1_1351.mp4'
[2026-07-17 13:51:02] Loi: Khong the doc tu camera
[2026-07-17 13:51:06] --- Bat dau khoi dong AI stream ---
[2026-07-17 13:51:36] Loi: Khong the doc tu camera
[2026-07-17 13:51:41] --- Bat dau khoi dong AI stream ---
[2026-07-17 13:52:00] Da dong archive phut: 1351
[2026-07-17 13:52:00] Mo archive moi: D:\lehuynhthuan\Cam\bida_ai_system\archive\ban1_1352.mp4
[2026-07-17 13:52:00] Da xoa archive cu: ban1_1351.mp4
[2026-07-17 13:52:00] Loi xoa archive cu: [WinError 32] The process cannot access the file because it is being used by another process: 'D:\\lehuynhthuan\\Cam\\bida_ai_system\\archive\\ban1_1352.mp4'
[2026-07-17 13:52:04] Loi: Khong the doc tu camera
[2026-07-17 13:52:05] --- Bat dau khoi dong AI stream ---
[2026-07-17 13:52:30] Loi: Khong the doc tu camera
[2026-07-17 13:52:36] --- Bat dau khoi dong AI stream ---
[2026-07-17 13:52:56] Loi: Khong the doc tu camera
[2026-07-17 13:53:00] Da dong archive phut: 1352
[2026-07-17 13:53:00] Mo archive moi: D:\lehuynhthuan\Cam\bida_ai_system\archive\ban1_1353.mp4
[2026-07-17 13:53:00] Da xoa archive cu: ban1_1352.mp4
[2026-07-17 13:53:00] Loi xoa archive cu: [WinError 32] The process cannot access the file because it is being used by another process: 'D:\\lehuynhthuan\\Cam\\bida_ai_system\\archive\\ban1_1353.mp4'
[2026-07-17 13:53:00] --- Bat dau khoi dong AI stream ---
[2026-07-17 13:53:22] Loi: Khong the doc tu camera
[2026-07-17 13:53:26] --- Bat dau khoi dong AI stream ---
[2026-07-17 13:53:26] Phat hien chuyen dong cam Menu (So pixel mau: 1067)
[2026-07-17 13:53:48] Loi: Khong the doc tu camera
[2026-07-17 13:53:51] --- Bat dau khoi dong AI stream ---
[2026-07-17 13:54:00] Da dong archive phut: 1353
[2026-07-17 13:54:00] Mo archive moi: D:\lehuynhthuan\Cam\bida_ai_system\archive\ban1_1354.mp4
[2026-07-17 13:54:00] Da xoa archive cu: ban1_1353.mp4
[2026-07-17 13:54:00] Loi xoa archive cu: [WinError 32] The process cannot access the file because it is being used by another process: 'D:\\lehuynhthuan\\Cam\\bida_ai_system\\archive\\ban1_1354.mp4'
[2026-07-17 13:54:12] Loi: Khong the doc tu camera
[2026-07-17 13:54:16] --- Bat dau khoi dong AI stream ---
[2026-07-17 13:54:37] Loi: Khong the doc tu camera
[2026-07-17 13:54:40] --- Bat dau khoi dong AI stream ---
[2026-07-17 13:55:00] Da dong archive phut: 1354
[2026-07-17 13:55:00] Mo archive moi: D:\lehuynhthuan\Cam\bida_ai_system\archive\ban1_1355.mp4
[2026-07-17 13:55:00] Da xoa archive cu: ban1_1354.mp4
[2026-07-17 13:55:00] Loi xoa archive cu: [WinError 32] The process cannot access the file because it is being used by another process: 'D:\\lehuynhthuan\\Cam\\bida_ai_system\\archive\\ban1_1355.mp4'
[2026-07-17 13:55:02] Loi: Khong the doc tu camera
[2026-07-17 13:55:06] --- Bat dau khoi dong AI stream ---
[2026-07-17 13:55:33] Loi: Khong the doc tu camera
[2026-07-17 13:55:36] --- Bat dau khoi dong AI stream ---
[2026-07-17 13:55:58] Loi: Khong the doc tu camera
[2026-07-17 13:56:00] Da dong archive phut: 1355
[2026-07-17 13:56:00] Mo archive moi: D:\lehuynhthuan\Cam\bida_ai_system\archive\ban1_1356.mp4
[2026-07-17 13:56:00] Da xoa archive cu: ban1_1355.mp4
[2026-07-17 13:56:00] Loi xoa archive cu: [WinError 32] The process cannot access the file because it is being used by another process: 'D:\\lehuynhthuan\\Cam\\bida_ai_system\\archive\\ban1_1356.mp4'
[2026-07-17 13:56:01] --- Bat dau khoi dong AI stream ---
[2026-07-17 13:56:22] Loi: Khong the doc tu camera
[2026-07-17 13:56:26] --- Bat dau khoi dong AI stream ---
[2026-07-17 13:56:47] Loi: Khong the doc tu camera
[2026-07-17 13:56:50] --- Bat dau khoi dong AI stream ---
[2026-07-17 13:57:00] Da dong archive phut: 1356
[2026-07-17 13:57:00] Mo archive moi: D:\lehuynhthuan\Cam\bida_ai_system\archive\ban1_1357.mp4
[2026-07-17 13:57:00] Da xoa archive cu: ban1_1356.mp4
[2026-07-17 13:57:00] Loi xoa archive cu: [WinError 32] The process cannot access the file because it is being used by another process: 'D:\\lehuynhthuan\\Cam\\bida_ai_system\\archive\\ban1_1357.mp4'
[2026-07-17 13:57:12] Loi: Khong the doc tu camera
[2026-07-17 13:57:16] --- Bat dau khoi dong AI stream ---
[2026-07-17 13:57:37] Loi: Khong the doc tu camera
[2026-07-17 13:57:41] --- Bat dau khoi dong AI stream ---
[2026-07-17 13:58:00] Da dong archive phut: 1357
[2026-07-17 13:58:00] Mo archive moi: D:\lehuynhthuan\Cam\bida_ai_system\archive\ban1_1358.mp4
[2026-07-17 13:58:00] Da xoa archive cu: ban1_1357.mp4
[2026-07-17 13:58:00] Loi xoa archive cu: [WinError 32] The process cannot access the file because it is being used by another process: 'D:\\lehuynhthuan\\Cam\\bida_ai_system\\archive\\ban1_1358.mp4'
[2026-07-17 13:58:02] Loi: Khong the doc tu camera
[2026-07-17 13:58:06] --- Bat dau khoi dong AI stream ---
[2026-07-17 13:58:35] Loi: Khong the doc tu camera
[2026-07-17 13:58:41] --- Bat dau khoi dong AI stream ---
[2026-07-17 13:59:00] Da dong archive phut: 1358
[2026-07-17 13:59:00] Mo archive moi: D:\lehuynhthuan\Cam\bida_ai_system\archive\ban1_1359.mp4
[2026-07-17 13:59:00] Da xoa archive cu: ban1_1358.mp4
[2026-07-17 13:59:00] Loi xoa archive cu: [WinError 32] The process cannot access the file because it is being used by another process: 'D:\\lehuynhthuan\\Cam\\bida_ai_system\\archive\\ban1_1359.mp4'
[2026-07-17 13:59:04] Loi: Khong the doc tu camera
[2026-07-17 13:59:06] --- Bat dau khoi dong AI stream ---
[2026-07-17 13:59:27] Loi: Khong the doc tu camera
[2026-07-17 13:59:31] --- Bat dau khoi dong AI stream ---
[2026-07-17 13:59:52] Loi: Khong the doc tu camera
[2026-07-17 13:59:56] --- Bat dau khoi dong AI stream ---
[2026-07-17 14:00:00] Da dong archive phut: 1359
[2026-07-17 14:00:00] Mo archive moi: D:\lehuynhthuan\Cam\bida_ai_system\archive\ban1_1400.mp4
[2026-07-17 14:00:00] Da xoa archive cu: ban1_1359.mp4
[2026-07-17 14:00:00] Loi xoa archive cu: [WinError 32] The process cannot access the file because it is being used by another process: 'D:\\lehuynhthuan\\Cam\\bida_ai_system\\archive\\ban1_1400.mp4'
[2026-07-17 14:00:21] Loi: Khong the doc tu camera
[2026-07-17 14:00:26] --- Bat dau khoi dong AI stream ---
[2026-07-17 14:00:54] Loi: Khong the doc tu camera
[2026-07-17 14:00:56] --- Bat dau khoi dong AI stream ---
[2026-07-17 14:01:00] Da dong archive phut: 1400
[2026-07-17 14:01:00] Mo archive moi: D:\lehuynhthuan\Cam\bida_ai_system\archive\ban1_1401.mp4
[2026-07-17 14:01:00] Da xoa archive cu: ban1_1400.mp4
[2026-07-17 14:01:00] Loi xoa archive cu: [WinError 32] The process cannot access the file because it is being used by another process: 'D:\\lehuynhthuan\\Cam\\bida_ai_system\\archive\\ban1_1401.mp4'
[2026-07-17 14:01:07] Phat hien chuyen dong cam Menu (So pixel mau: 1072)
[2026-07-17 14:01:08] Phat hien chuyen dong cam Menu (So pixel mau: 235)
[2026-07-17 14:01:08] Phat hien chuyen dong cam Menu (So pixel mau: 381)
[2026-07-17 14:01:08] XAC NHAN: KHACH CAM MENU VAY TAY ORDER! (3 lan/4s)
[2026-07-17 14:01:08] Phat hien chuyen dong cam Menu (So pixel mau: 215)
[2026-07-17 14:01:09] Phat hien chuyen dong cam Menu (So pixel mau: 256)
[2026-07-17 14:01:09] Phat hien chuyen dong cam Menu (So pixel mau: 505)
[2026-07-17 14:01:09] Phat hien chuyen dong cam Menu (So pixel mau: 281)
[2026-07-17 14:01:09] Phat hien chuyen dong cam Menu (So pixel mau: 365)
[2026-07-17 14:01:09] Phat hien chuyen dong cam Menu (So pixel mau: 264)
[2026-07-17 14:01:09] Phat hien chuyen dong cam Menu (So pixel mau: 194)
[2026-07-17 14:01:09] Phat hien chuyen dong cam Menu (So pixel mau: 341)
[2026-07-17 14:01:09] Phat hien chuyen dong cam Menu (So pixel mau: 199)
[2026-07-17 14:01:09] Phat hien chuyen dong cam Menu (So pixel mau: 162)
[2026-07-17 14:01:09] Phat hien chuyen dong cam Menu (So pixel mau: 173)
[2026-07-17 14:01:09] Phat hien chuyen dong cam Menu (So pixel mau: 1596)
[2026-07-17 14:01:09] Phat hien chuyen dong cam Menu (So pixel mau: 352)
[2026-07-17 14:01:09] Phat hien chuyen dong cam Menu (So pixel mau: 195)
[2026-07-17 14:01:09] Phat hien chuyen dong cam Menu (So pixel mau: 282)
[2026-07-17 14:01:10] Phat hien chuyen dong cam Menu (So pixel mau: 239)
[2026-07-17 14:01:11] Phat hien chuyen dong cam Menu (So pixel mau: 311)
[2026-07-17 14:01:11] Phat hien chuyen dong cam Menu (So pixel mau: 1268)
[2026-07-17 14:01:11] Phat hien chuyen dong cam Menu (So pixel mau: 3395)
[2026-07-17 14:01:11] Phat hien chuyen dong cam Menu (So pixel mau: 2212)
[2026-07-17 14:01:11] Phat hien chuyen dong cam Menu (So pixel mau: 4198)
[2026-07-17 14:01:11] Phat hien chuyen dong cam Menu (So pixel mau: 1387)
[2026-07-17 14:01:11] Phat hien chuyen dong cam Menu (So pixel mau: 2329)
[2026-07-17 14:01:11] Phat hien chuyen dong cam Menu (So pixel mau: 2083)
[2026-07-17 14:01:11] Phat hien chuyen dong cam Menu (So pixel mau: 454)
[2026-07-17 14:01:11] Phat hien chuyen dong cam Menu (So pixel mau: 10712)
[2026-07-17 14:01:11] Phat hien chuyen dong cam Menu (So pixel mau: 8279)
[2026-07-17 14:01:11] Phat hien chuyen dong cam Menu (So pixel mau: 4641)
[2026-07-17 14:01:11] Phat hien chuyen dong cam Menu (So pixel mau: 3990)
[2026-07-17 14:01:22] Loi: Khong the doc tu camera
[2026-07-17 14:01:26] --- Bat dau khoi dong AI stream ---
[2026-07-17 14:01:53] Loi: Khong the doc tu camera
[2026-07-17 14:01:56] --- Bat dau khoi dong AI stream ---
[2026-07-17 14:02:00] Da dong archive phut: 1401
[2026-07-17 14:02:00] Mo archive moi: D:\lehuynhthuan\Cam\bida_ai_system\archive\ban1_1402.mp4
[2026-07-17 14:02:00] Da xoa archive cu: ban1_1401.mp4
[2026-07-17 14:02:00] Loi xoa archive cu: [WinError 32] The process cannot access the file because it is being used by another process: 'D:\\lehuynhthuan\\Cam\\bida_ai_system\\archive\\ban1_1402.mp4'
[2026-07-17 14:02:24] Loi: Khong the doc tu camera
[2026-07-17 14:02:26] --- Bat dau khoi dong AI stream ---
[2026-07-17 14:02:50] Loi: Khong the doc tu camera
[2026-07-17 14:02:56] --- Bat dau khoi dong AI stream ---
[2026-07-17 14:03:00] Da dong archive phut: 1402
[2026-07-17 14:03:00] Mo archive moi: D:\lehuynhthuan\Cam\bida_ai_system\archive\ban1_1403.mp4
[2026-07-17 14:03:00] Da xoa archive cu: ban1_1402.mp4
[2026-07-17 14:03:00] Loi xoa archive cu: [WinError 32] The process cannot access the file because it is being used by another process: 'D:\\lehuynhthuan\\Cam\\bida_ai_system\\archive\\ban1_1403.mp4'
[2026-07-17 14:03:18] Loi: Khong the doc tu camera
[2026-07-17 14:03:21] --- Bat dau khoi dong AI stream ---
[2026-07-17 14:03:46] Loi: Khong the doc tu camera
[2026-07-17 14:03:51] --- Bat dau khoi dong AI stream ---
[2026-07-17 14:04:00] Da dong archive phut: 1403
[2026-07-17 14:04:00] Mo archive moi: D:\lehuynhthuan\Cam\bida_ai_system\archive\ban1_1404.mp4
[2026-07-17 14:04:00] Da xoa archive cu: ban1_1403.mp4
[2026-07-17 14:04:00] Loi xoa archive cu: [WinError 32] The process cannot access the file because it is being used by another process: 'D:\\lehuynhthuan\\Cam\\bida_ai_system\\archive\\ban1_1404.mp4'
[2026-07-17 14:04:15] Loi: Khong the doc tu camera
[2026-07-17 14:04:21] --- Bat dau khoi dong AI stream ---
[2026-07-17 14:04:45] Loi: Khong the doc tu camera
[2026-07-17 14:04:51] --- Bat dau khoi dong AI stream ---
[2026-07-17 14:05:00] Da dong archive phut: 1404
[2026-07-17 14:05:00] Mo archive moi: D:\lehuynhthuan\Cam\bida_ai_system\archive\ban1_1405.mp4
[2026-07-17 14:05:00] Da xoa archive cu: ban1_1404.mp4
[2026-07-17 14:05:00] Loi xoa archive cu: [WinError 32] The process cannot access the file because it is being used by another process: 'D:\\lehuynhthuan\\Cam\\bida_ai_system\\archive\\ban1_1405.mp4'
[2026-07-17 14:05:17] Loi: Khong the doc tu camera
[2026-07-17 14:05:21] --- Bat dau khoi dong AI stream ---
[2026-07-17 14:05:49] Loi: Khong the doc tu camera
[2026-07-17 14:05:51] --- Bat dau khoi dong AI stream ---
[2026-07-17 14:06:00] Da dong archive phut: 1405
[2026-07-17 14:06:00] Mo archive moi: D:\lehuynhthuan\Cam\bida_ai_system\archive\ban1_1406.mp4
[2026-07-17 14:06:00] Da xoa archive cu: ban1_1405.mp4
[2026-07-17 14:06:00] Loi xoa archive cu: [WinError 32] The process cannot access the file because it is being used by another process: 'D:\\lehuynhthuan\\Cam\\bida_ai_system\\archive\\ban1_1406.mp4'
[2026-07-17 14:06:16] Loi: Khong the doc tu camera
[2026-07-17 14:06:21] --- Bat dau khoi dong AI stream ---
[2026-07-17 14:06:45] Loi: Khong the doc tu camera
[2026-07-17 14:06:52] --- Bat dau khoi dong AI stream ---
[2026-07-17 14:07:00] Da dong archive phut: 1406
[2026-07-17 14:07:00] Mo archive moi: D:\lehuynhthuan\Cam\bida_ai_system\archive\ban1_1407.mp4
[2026-07-17 14:07:00] Da xoa archive cu: ban1_1406.mp4
[2026-07-17 14:07:00] Loi xoa archive cu: [WinError 32] The process cannot access the file because it is being used by another process: 'D:\\lehuynhthuan\\Cam\\bida_ai_system\\archive\\ban1_1407.mp4'
[2026-07-17 14:07:23] Loi: Khong the doc tu camera
[2026-07-17 14:07:26] --- Bat dau khoi dong AI stream ---
[2026-07-17 14:07:54] Loi: Khong the doc tu camera
[2026-07-17 14:07:56] --- Bat dau khoi dong AI stream ---
[2026-07-17 14:08:00] Da dong archive phut: 1407
[2026-07-17 14:08:00] Mo archive moi: D:\lehuynhthuan\Cam\bida_ai_system\archive\ban1_1408.mp4
[2026-07-17 14:08:00] Da xoa archive cu: ban1_1407.mp4
[2026-07-17 14:08:00] Loi xoa archive cu: [WinError 32] The process cannot access the file because it is being used by another process: 'D:\\lehuynhthuan\\Cam\\bida_ai_system\\archive\\ban1_1408.mp4'
[2026-07-17 14:08:24] Loi: Khong the doc tu camera
[2026-07-17 14:08:26] --- Bat dau khoi dong AI stream ---
[2026-07-17 14:08:56] Loi: Khong the doc tu camera
[2026-07-17 14:09:00] Da dong archive phut: 1408
[2026-07-17 14:09:00] Mo archive moi: D:\lehuynhthuan\Cam\bida_ai_system\archive\ban1_1409.mp4
[2026-07-17 14:09:00] Da xoa archive cu: ban1_1408.mp4
[2026-07-17 14:09:00] Loi xoa archive cu: [WinError 32] The process cannot access the file because it is being used by another process: 'D:\\lehuynhthuan\\Cam\\bida_ai_system\\archive\\ban1_1409.mp4'
[2026-07-17 14:09:01] --- Bat dau khoi dong AI stream ---
[2026-07-17 14:09:34] Loi: Khong the doc tu camera
[2026-07-17 14:09:36] --- Bat dau khoi dong AI stream ---
[2026-07-17 14:10:00] Da dong archive phut: 1409
[2026-07-17 14:10:00] Mo archive moi: D:\lehuynhthuan\Cam\bida_ai_system\archive\ban1_1410.mp4
[2026-07-17 14:10:00] Da xoa archive cu: ban1_1409.mp4
[2026-07-17 14:10:00] Loi xoa archive cu: [WinError 32] The process cannot access the file because it is being used by another process: 'D:\\lehuynhthuan\\Cam\\bida_ai_system\\archive\\ban1_1410.mp4'
[2026-07-17 14:10:04] Loi: Khong the doc tu camera
[2026-07-17 14:10:06] --- Bat dau khoi dong AI stream ---
[2026-07-17 14:10:27] Loi: Khong the doc tu camera
[2026-07-17 14:10:31] --- Bat dau khoi dong AI stream ---
[2026-07-17 14:10:52] Loi: Khong the doc tu camera
[2026-07-17 14:10:56] --- Bat dau khoi dong AI stream ---
[2026-07-17 14:11:00] Da dong archive phut: 1410
[2026-07-17 14:11:00] Mo archive moi: D:\lehuynhthuan\Cam\bida_ai_system\archive\ban1_1411.mp4
[2026-07-17 14:11:00] Da xoa archive cu: ban1_1410.mp4
[2026-07-17 14:11:00] Loi xoa archive cu: [WinError 32] The process cannot access the file because it is being used by another process: 'D:\\lehuynhthuan\\Cam\\bida_ai_system\\archive\\ban1_1411.mp4'
[2026-07-17 14:11:08] Phat hien chuyen dong cam Menu (So pixel mau: 538)
[2026-07-17 14:11:08] Phat hien chuyen dong cam Menu (So pixel mau: 759)
[2026-07-17 14:11:09] Phat hien chuyen dong cam Menu (So pixel mau: 567)
[2026-07-17 14:11:09] XAC NHAN: KHACH CAM MENU VAY TAY ORDER! (3 lan/4s)
[2026-07-17 14:11:09] Phat hien chuyen dong cam Menu (So pixel mau: 3432)
[2026-07-17 14:11:09] Phat hien chuyen dong cam Menu (So pixel mau: 314)
[2026-07-17 14:11:09] Phat hien chuyen dong cam Menu (So pixel mau: 1583)
[2026-07-17 14:11:09] Phat hien chuyen dong cam Menu (So pixel mau: 1023)
[2026-07-17 14:11:09] Phat hien chuyen dong cam Menu (So pixel mau: 310)
[2026-07-17 14:11:09] Phat hien chuyen dong cam Menu (So pixel mau: 728)
[2026-07-17 14:11:09] Phat hien chuyen dong cam Menu (So pixel mau: 2460)
[2026-07-17 14:11:09] Phat hien chuyen dong cam Menu (So pixel mau: 4148)
[2026-07-17 14:11:09] Phat hien chuyen dong cam Menu (So pixel mau: 4435)
[2026-07-17 14:11:09] Phat hien chuyen dong cam Menu (So pixel mau: 1084)
[2026-07-17 14:11:09] Phat hien chuyen dong cam Menu (So pixel mau: 349)
[2026-07-17 14:11:09] Phat hien chuyen dong cam Menu (So pixel mau: 4552)
[2026-07-17 14:11:09] Phat hien chuyen dong cam Menu (So pixel mau: 4282)
[2026-07-17 14:11:09] Phat hien chuyen dong cam Menu (So pixel mau: 2417)
[2026-07-17 14:11:16] Loi: Khong the doc tu camera
[2026-07-17 14:11:21] --- Bat dau khoi dong AI stream ---
[2026-07-17 14:11:42] Loi: Khong the doc tu camera
[2026-07-17 14:11:46] --- Bat dau khoi dong AI stream ---
[2026-07-17 14:12:00] Da dong archive phut: 1411
[2026-07-17 14:12:00] Mo archive moi: D:\lehuynhthuan\Cam\bida_ai_system\archive\ban1_1412.mp4
[2026-07-17 14:12:00] Da xoa archive cu: ban1_1411.mp4
[2026-07-17 14:12:00] Loi xoa archive cu: [WinError 32] The process cannot access the file because it is being used by another process: 'D:\\lehuynhthuan\\Cam\\bida_ai_system\\archive\\ban1_1412.mp4'
[2026-07-17 14:12:08] Loi: Khong the doc tu camera
[2026-07-17 14:12:11] --- Bat dau khoi dong AI stream ---
[2026-07-17 14:12:33] Loi: Khong the doc tu camera
[2026-07-17 14:12:36] --- Bat dau khoi dong AI stream ---
[2026-07-17 14:12:57] Loi: Khong the doc tu camera
[2026-07-17 14:13:00] Da dong archive phut: 1412
[2026-07-17 14:13:00] Mo archive moi: D:\lehuynhthuan\Cam\bida_ai_system\archive\ban1_1413.mp4
[2026-07-17 14:13:00] Da xoa archive cu: ban1_1412.mp4
[2026-07-17 14:13:00] Loi xoa archive cu: [WinError 32] The process cannot access the file because it is being used by another process: 'D:\\lehuynhthuan\\Cam\\bida_ai_system\\archive\\ban1_1413.mp4'
[2026-07-17 14:13:01] --- Bat dau khoi dong AI stream ---
[2026-07-17 14:13:23] Loi: Khong the doc tu camera
[2026-07-17 14:13:26] --- Bat dau khoi dong AI stream ---
[2026-07-17 14:13:47] Loi: Khong the doc tu camera
[2026-07-17 14:13:51] --- Bat dau khoi dong AI stream ---
[2026-07-17 14:14:00] Da dong archive phut: 1413
[2026-07-17 14:14:00] Mo archive moi: D:\lehuynhthuan\Cam\bida_ai_system\archive\ban1_1414.mp4
[2026-07-17 14:14:00] Da xoa archive cu: ban1_1413.mp4
[2026-07-17 14:14:00] Loi xoa archive cu: [WinError 32] The process cannot access the file because it is being used by another process: 'D:\\lehuynhthuan\\Cam\\bida_ai_system\\archive\\ban1_1414.mp4'
[2026-07-17 14:14:12] Loi: Khong the doc tu camera
[2026-07-17 14:14:16] --- Bat dau khoi dong AI stream ---
[2026-07-17 14:14:23] Phat hien chuyen dong cam Menu (So pixel mau: 620)
[2026-07-17 14:14:23] Phat hien chuyen dong cam Menu (So pixel mau: 492)
[2026-07-17 14:14:23] Phat hien chuyen dong cam Menu (So pixel mau: 175)
[2026-07-17 14:14:23] XAC NHAN: KHACH CAM MENU VAY TAY ORDER! (3 lan/4s)
[2026-07-17 14:14:23] Phat hien chuyen dong cam Menu (So pixel mau: 211)
[2026-07-17 14:14:23] Phat hien chuyen dong cam Menu (So pixel mau: 2687)
[2026-07-17 14:14:23] Phat hien chuyen dong cam Menu (So pixel mau: 3338)
[2026-07-17 14:14:23] Phat hien chuyen dong cam Menu (So pixel mau: 4152)
[2026-07-17 14:14:23] Phat hien chuyen dong cam Menu (So pixel mau: 277)
[2026-07-17 14:14:24] Phat hien chuyen dong cam Menu (So pixel mau: 2164)
[2026-07-17 14:14:24] Phat hien chuyen dong cam Menu (So pixel mau: 1894)
[2026-07-17 14:14:24] Phat hien chuyen dong cam Menu (So pixel mau: 1037)
[2026-07-17 14:14:24] Phat hien chuyen dong cam Menu (So pixel mau: 1486)
[2026-07-17 14:14:24] Phat hien chuyen dong cam Menu (So pixel mau: 1811)
[2026-07-17 14:14:24] Phat hien chuyen dong cam Menu (So pixel mau: 1735)
[2026-07-17 14:14:24] Phat hien chuyen dong cam Menu (So pixel mau: 1351)
[2026-07-17 14:14:24] Phat hien chuyen dong cam Menu (So pixel mau: 1232)
[2026-07-17 14:14:24] Phat hien chuyen dong cam Menu (So pixel mau: 1169)
[2026-07-17 14:14:24] Phat hien chuyen dong cam Menu (So pixel mau: 826)
[2026-07-17 14:14:24] Phat hien chuyen dong cam Menu (So pixel mau: 413)
[2026-07-17 14:14:24] Phat hien chuyen dong cam Menu (So pixel mau: 366)
[2026-07-17 14:14:24] Phat hien chuyen dong cam Menu (So pixel mau: 193)
[2026-07-17 14:14:24] Phat hien chuyen dong cam Menu (So pixel mau: 433)
[2026-07-17 14:14:24] Phat hien chuyen dong cam Menu (So pixel mau: 1958)
[2026-07-17 14:14:24] Phat hien chuyen dong cam Menu (So pixel mau: 588)
[2026-07-17 14:14:24] Phat hien chuyen dong cam Menu (So pixel mau: 539)
[2026-07-17 14:14:24] Phat hien chuyen dong cam Menu (So pixel mau: 1093)
[2026-07-17 14:14:24] Phat hien chuyen dong cam Menu (So pixel mau: 2071)
[2026-07-17 14:14:24] Phat hien chuyen dong cam Menu (So pixel mau: 1029)
[2026-07-17 14:14:24] Phat hien chuyen dong cam Menu (So pixel mau: 356)
[2026-07-17 14:14:27] Phat hien chuyen dong cam Menu (So pixel mau: 841)
[2026-07-17 14:14:31] Phat hien chuyen dong cam Menu (So pixel mau: 676)
[2026-07-17 14:14:31] Phat hien chuyen dong cam Menu (So pixel mau: 2810)
[2026-07-17 14:14:31] Phat hien chuyen dong cam Menu (So pixel mau: 3249)
[2026-07-17 14:14:31] Phat hien chuyen dong cam Menu (So pixel mau: 3496)
[2026-07-17 14:14:31] Phat hien chuyen dong cam Menu (So pixel mau: 3506)
[2026-07-17 14:14:31] Phat hien chuyen dong cam Menu (So pixel mau: 1886)
[2026-07-17 14:14:31] Phat hien chuyen dong cam Menu (So pixel mau: 2867)
[2026-07-17 14:14:31] Phat hien chuyen dong cam Menu (So pixel mau: 2557)
[2026-07-17 14:14:31] Phat hien chuyen dong cam Menu (So pixel mau: 1967)
[2026-07-17 14:14:32] Phat hien chuyen dong cam Menu (So pixel mau: 2472)
[2026-07-17 14:14:38] Phat hien chuyen dong cam Menu (So pixel mau: 161)
[2026-07-17 14:14:38] Phat hien chuyen dong cam Menu (So pixel mau: 426)
[2026-07-17 14:14:40] Loi: Khong the doc tu camera
[2026-07-17 14:14:41] --- Bat dau khoi dong AI stream ---
[2026-07-17 14:15:00] Da dong archive phut: 1414
[2026-07-17 14:15:00] Mo archive moi: D:\lehuynhthuan\Cam\bida_ai_system\archive\ban1_1415.mp4
[2026-07-17 14:15:00] Da xoa archive cu: ban1_1414.mp4
[2026-07-17 14:15:00] Loi xoa archive cu: [WinError 32] The process cannot access the file because it is being used by another process: 'D:\\lehuynhthuan\\Cam\\bida_ai_system\\archive\\ban1_1415.mp4'
[2026-07-17 14:15:03] Loi: Khong the doc tu camera
[2026-07-17 14:15:06] --- Bat dau khoi dong AI stream ---
[2026-07-17 14:15:37] Loi: Khong the doc tu camera
[2026-07-17 14:15:41] --- Bat dau khoi dong AI stream ---
[2026-07-17 14:16:00] Da dong archive phut: 1415
[2026-07-17 14:16:00] Mo archive moi: D:\lehuynhthuan\Cam\bida_ai_system\archive\ban1_1416.mp4
[2026-07-17 14:16:00] Da xoa archive cu: ban1_1415.mp4
[2026-07-17 14:16:00] Loi xoa archive cu: [WinError 32] The process cannot access the file because it is being used by another process: 'D:\\lehuynhthuan\\Cam\\bida_ai_system\\archive\\ban1_1416.mp4'
[2026-07-17 14:16:11] Loi: Khong the doc tu camera
[2026-07-17 14:16:16] --- Bat dau khoi dong AI stream ---
[2026-07-17 14:16:46] Loi: Khong the doc tu camera
[2026-07-17 14:16:51] --- Bat dau khoi dong AI stream ---
[2026-07-17 14:17:00] Da dong archive phut: 1416
[2026-07-17 14:17:00] Mo archive moi: D:\lehuynhthuan\Cam\bida_ai_system\archive\ban1_1417.mp4
[2026-07-17 14:17:00] Da xoa archive cu: ban1_1416.mp4
[2026-07-17 14:17:00] Loi xoa archive cu: [WinError 32] The process cannot access the file because it is being used by another process: 'D:\\lehuynhthuan\\Cam\\bida_ai_system\\archive\\ban1_1417.mp4'
[2026-07-17 14:17:17] Loi: Khong the doc tu camera
[2026-07-17 14:17:21] --- Bat dau khoi dong AI stream ---
[2026-07-17 14:17:46] Loi: Khong the doc tu camera
[2026-07-17 14:17:51] --- Bat dau khoi dong AI stream ---
[2026-07-17 14:18:00] Da dong archive phut: 1417
[2026-07-17 14:18:00] Mo archive moi: D:\lehuynhthuan\Cam\bida_ai_system\archive\ban1_1418.mp4
[2026-07-17 14:18:00] Da xoa archive cu: ban1_1417.mp4
[2026-07-17 14:18:00] Loi xoa archive cu: [WinError 32] The process cannot access the file because it is being used by another process: 'D:\\lehuynhthuan\\Cam\\bida_ai_system\\archive\\ban1_1418.mp4'
[2026-07-17 14:18:12] Phat hien chuyen dong cam Menu (So pixel mau: 206)
[2026-07-17 14:18:12] Phat hien chuyen dong cam Menu (So pixel mau: 256)
[2026-07-17 14:18:12] Phat hien chuyen dong cam Menu (So pixel mau: 427)
[2026-07-17 14:18:12] XAC NHAN: KHACH CAM MENU VAY TAY ORDER! (3 lan/4s)
[2026-07-17 14:18:12] Phat hien chuyen dong cam Menu (So pixel mau: 228)
[2026-07-17 14:18:13] Loi: Khong the doc tu camera
[2026-07-17 14:18:13] Phat hien chuyen dong cam Menu (So pixel mau: 333)
[2026-07-17 14:18:16] --- Bat dau khoi dong AI stream ---
[2026-07-17 14:18:37] Loi: Khong the doc tu camera
[2026-07-17 14:18:41] --- Bat dau khoi dong AI stream ---
[2026-07-17 14:19:00] Da dong archive phut: 1418
[2026-07-17 14:19:00] Mo archive moi: D:\lehuynhthuan\Cam\bida_ai_system\archive\ban1_1419.mp4
[2026-07-17 14:19:00] Da xoa archive cu: ban1_1418.mp4
[2026-07-17 14:19:00] Loi xoa archive cu: [WinError 32] The process cannot access the file because it is being used by another process: 'D:\\lehuynhthuan\\Cam\\bida_ai_system\\archive\\ban1_1419.mp4'
[2026-07-17 14:19:02] Loi: Khong the doc tu camera
[2026-07-17 14:19:06] --- Bat dau khoi dong AI stream ---
[2026-07-17 14:19:27] Loi: Khong the doc tu camera
[2026-07-17 14:19:31] --- Bat dau khoi dong AI stream ---
[2026-07-17 14:19:52] Loi: Khong the doc tu camera
[2026-07-17 14:19:56] --- Bat dau khoi dong AI stream ---
[2026-07-17 14:20:00] Da dong archive phut: 1419
[2026-07-17 14:20:00] Mo archive moi: D:\lehuynhthuan\Cam\bida_ai_system\archive\ban1_1420.mp4
[2026-07-17 14:20:00] Da xoa archive cu: ban1_1419.mp4
[2026-07-17 14:20:00] Loi xoa archive cu: [WinError 32] The process cannot access the file because it is being used by another process: 'D:\\lehuynhthuan\\Cam\\bida_ai_system\\archive\\ban1_1420.mp4'
[2026-07-17 14:20:18] Loi: Khong the doc tu camera
[2026-07-17 14:20:21] --- Bat dau khoi dong AI stream ---
[2026-07-17 14:20:41] Loi: Khong the doc tu camera
[2026-07-17 14:20:46] --- Bat dau khoi dong AI stream ---
[2026-07-17 14:21:00] Da dong archive phut: 1420
[2026-07-17 14:21:00] Mo archive moi: D:\lehuynhthuan\Cam\bida_ai_system\archive\ban1_1421.mp4
[2026-07-17 14:21:00] Da xoa archive cu: ban1_1420.mp4
[2026-07-17 14:21:00] Loi xoa archive cu: [WinError 32] The process cannot access the file because it is being used by another process: 'D:\\lehuynhthuan\\Cam\\bida_ai_system\\archive\\ban1_1421.mp4'
[2026-07-17 14:21:07] Loi: Khong the doc tu camera
[2026-07-17 14:21:11] --- Bat dau khoi dong AI stream ---
[2026-07-17 14:21:38] Loi: Khong the doc tu camera
[2026-07-17 14:21:41] --- Bat dau khoi dong AI stream ---
[2026-07-17 14:22:00] Da dong archive phut: 1421
[2026-07-17 14:22:00] Mo archive moi: D:\lehuynhthuan\Cam\bida_ai_system\archive\ban1_1422.mp4
[2026-07-17 14:22:00] Da xoa archive cu: ban1_1421.mp4
[2026-07-17 14:22:00] Loi xoa archive cu: [WinError 32] The process cannot access the file because it is being used by another process: 'D:\\lehuynhthuan\\Cam\\bida_ai_system\\archive\\ban1_1422.mp4'
[2026-07-17 14:22:03] Phat hien chuyen dong cam Menu (So pixel mau: 419)
[2026-07-17 14:22:03] Phat hien chuyen dong cam Menu (So pixel mau: 1063)
[2026-07-17 14:22:03] Phat hien chuyen dong cam Menu (So pixel mau: 1034)
[2026-07-17 14:22:03] XAC NHAN: KHACH CAM MENU VAY TAY ORDER! (3 lan/4s)
[2026-07-17 14:22:03] Phat hien chuyen dong cam Menu (So pixel mau: 320)
[2026-07-17 14:22:03] Phat hien chuyen dong cam Menu (So pixel mau: 501)
[2026-07-17 14:22:03] Phat hien chuyen dong cam Menu (So pixel mau: 350)
[2026-07-17 14:22:03] Phat hien chuyen dong cam Menu (So pixel mau: 227)
[2026-07-17 14:22:15] Loi: Khong the doc tu camera
[2026-07-17 14:22:16] --- Bat dau khoi dong AI stream ---
[2026-07-17 14:22:40] Loi: Khong the doc tu camera
[2026-07-17 14:22:41] --- Bat dau khoi dong AI stream ---
[2026-07-17 14:23:00] Da dong archive phut: 1422
[2026-07-17 14:23:00] Mo archive moi: D:\lehuynhthuan\Cam\bida_ai_system\archive\ban1_1423.mp4
[2026-07-17 14:23:00] Da xoa archive cu: ban1_1422.mp4
[2026-07-17 14:23:00] Loi xoa archive cu: [WinError 32] The process cannot access the file because it is being used by another process: 'D:\\lehuynhthuan\\Cam\\bida_ai_system\\archive\\ban1_1423.mp4'
[2026-07-17 14:23:02] Loi: Khong the doc tu camera
[2026-07-17 14:23:06] --- Bat dau khoi dong AI stream ---
[2026-07-17 14:23:09] Phat hien chuyen dong cam Menu (So pixel mau: 3793)
[2026-07-17 14:23:09] Phat hien chuyen dong cam Menu (So pixel mau: 3731)
[2026-07-17 14:23:09] Phat hien chuyen dong cam Menu (So pixel mau: 3125)
[2026-07-17 14:23:09] XAC NHAN: KHACH CAM MENU VAY TAY ORDER! (3 lan/4s)
[2026-07-17 14:23:09] Phat hien chuyen dong cam Menu (So pixel mau: 1928)
[2026-07-17 14:23:09] Phat hien chuyen dong cam Menu (So pixel mau: 1554)
[2026-07-17 14:23:09] Phat hien chuyen dong cam Menu (So pixel mau: 2005)
[2026-07-17 14:23:09] Phat hien chuyen dong cam Menu (So pixel mau: 4084)
[2026-07-17 14:23:09] Phat hien chuyen dong cam Menu (So pixel mau: 3659)
[2026-07-17 14:23:09] Phat hien chuyen dong cam Menu (So pixel mau: 4405)
[2026-07-17 14:23:09] Phat hien chuyen dong cam Menu (So pixel mau: 2801)
[2026-07-17 14:23:09] Phat hien chuyen dong cam Menu (So pixel mau: 1478)
[2026-07-17 14:23:09] Phat hien chuyen dong cam Menu (So pixel mau: 1552)
[2026-07-17 14:23:09] Phat hien chuyen dong cam Menu (So pixel mau: 642)
[2026-07-17 14:23:09] Phat hien chuyen dong cam Menu (So pixel mau: 1316)
[2026-07-17 14:23:09] Phat hien chuyen dong cam Menu (So pixel mau: 1961)
[2026-07-17 14:23:09] Phat hien chuyen dong cam Menu (So pixel mau: 1807)
[2026-07-17 14:23:09] Phat hien chuyen dong cam Menu (So pixel mau: 1394)
[2026-07-17 14:23:09] Phat hien chuyen dong cam Menu (So pixel mau: 677)
[2026-07-17 14:23:11] Phat hien chuyen dong cam Menu (So pixel mau: 341)
[2026-07-17 14:23:11] Phat hien chuyen dong cam Menu (So pixel mau: 1209)
[2026-07-17 14:23:11] Phat hien chuyen dong cam Menu (So pixel mau: 1655)
[2026-07-17 14:23:11] Phat hien chuyen dong cam Menu (So pixel mau: 649)
[2026-07-17 14:23:11] Phat hien chuyen dong cam Menu (So pixel mau: 190)
[2026-07-17 14:23:11] Phat hien chuyen dong cam Menu (So pixel mau: 1071)
[2026-07-17 14:23:11] Phat hien chuyen dong cam Menu (So pixel mau: 1233)
[2026-07-17 14:23:27] Loi: Khong the doc tu camera
[2026-07-17 14:23:31] --- Bat dau khoi dong AI stream ---
[2026-07-17 14:23:52] Loi: Khong the doc tu camera
[2026-07-17 14:23:56] --- Bat dau khoi dong AI stream ---
[2026-07-17 14:24:00] Da dong archive phut: 1423
[2026-07-17 14:24:00] Mo archive moi: D:\lehuynhthuan\Cam\bida_ai_system\archive\ban1_1424.mp4
[2026-07-17 14:24:00] Da xoa archive cu: ban1_1423.mp4
[2026-07-17 14:24:00] Loi xoa archive cu: [WinError 32] The process cannot access the file because it is being used by another process: 'D:\\lehuynhthuan\\Cam\\bida_ai_system\\archive\\ban1_1424.mp4'
[2026-07-17 14:24:17] Loi: Khong the doc tu camera
[2026-07-17 14:24:21] --- Bat dau khoi dong AI stream ---
[2026-07-17 14:24:46] Loi: Khong the doc tu camera
[2026-07-17 14:24:51] --- Bat dau khoi dong AI stream ---
[2026-07-17 14:25:00] Da dong archive phut: 1424
[2026-07-17 14:25:00] Mo archive moi: D:\lehuynhthuan\Cam\bida_ai_system\archive\ban1_1425.mp4
[2026-07-17 14:25:00] Da xoa archive cu: ban1_1424.mp4
[2026-07-17 14:25:00] Loi xoa archive cu: [WinError 32] The process cannot access the file because it is being used by another process: 'D:\\lehuynhthuan\\Cam\\bida_ai_system\\archive\\ban1_1425.mp4'
[2026-07-17 14:25:14] Loi: Khong the doc tu camera
[2026-07-17 14:25:16] --- Bat dau khoi dong AI stream ---
[2026-07-17 14:25:37] Loi: Khong the doc tu camera
[2026-07-17 14:25:41] --- Bat dau khoi dong AI stream ---
[2026-07-17 14:25:44] Phat hien chuyen dong cam Menu (So pixel mau: 4568)
[2026-07-17 14:25:46] Phat hien chuyen dong cam Menu (So pixel mau: 305)
[2026-07-17 14:25:46] Phat hien chuyen dong cam Menu (So pixel mau: 410)
[2026-07-17 14:25:46] XAC NHAN: KHACH CAM MENU VAY TAY ORDER! (3 lan/4s)
[2026-07-17 14:25:46] Phat hien chuyen dong cam Menu (So pixel mau: 177)
[2026-07-17 14:25:48] Phat hien chuyen dong cam Menu (So pixel mau: 614)
[2026-07-17 14:26:00] Da dong archive phut: 1425
[2026-07-17 14:26:00] Mo archive moi: D:\lehuynhthuan\Cam\bida_ai_system\archive\ban1_1426.mp4
[2026-07-17 14:26:00] Da xoa archive cu: ban1_1425.mp4
[2026-07-17 14:26:00] Loi xoa archive cu: [WinError 32] The process cannot access the file because it is being used by another process: 'D:\\lehuynhthuan\\Cam\\bida_ai_system\\archive\\ban1_1426.mp4'
[2026-07-17 14:26:00] Phat hien chuyen dong cam Menu (So pixel mau: 258)
[2026-07-17 14:26:00] Phat hien chuyen dong cam Menu (So pixel mau: 569)
[2026-07-17 14:26:00] Phat hien chuyen dong cam Menu (So pixel mau: 414)
[2026-07-17 14:26:01] Phat hien chuyen dong cam Menu (So pixel mau: 226)
[2026-07-17 14:26:01] Phat hien chuyen dong cam Menu (So pixel mau: 371)
[2026-07-17 14:26:01] Phat hien chuyen dong cam Menu (So pixel mau: 487)
[2026-07-17 14:26:01] Loi: Khong the doc tu camera
[2026-07-17 14:26:06] --- Bat dau khoi dong AI stream ---
[2026-07-17 14:26:27] Loi: Khong the doc tu camera
[2026-07-17 14:26:32] --- Bat dau khoi dong AI stream ---
[2026-07-17 14:26:58] Loi: Khong the doc tu camera
[2026-07-17 14:27:00] Da dong archive phut: 1426
[2026-07-17 14:27:00] Mo archive moi: D:\lehuynhthuan\Cam\bida_ai_system\archive\ban1_1427.mp4
[2026-07-17 14:27:00] Da xoa archive cu: ban1_1426.mp4
[2026-07-17 14:27:00] Loi xoa archive cu: [WinError 32] The process cannot access the file because it is being used by another process: 'D:\\lehuynhthuan\\Cam\\bida_ai_system\\archive\\ban1_1427.mp4'
[2026-07-17 14:27:01] --- Bat dau khoi dong AI stream ---
[2026-07-17 14:27:27] Loi: Khong the doc tu camera
[2026-07-17 14:27:31] --- Bat dau khoi dong AI stream ---
[2026-07-17 14:27:55] Loi: Khong the doc tu camera
[2026-07-17 14:27:56] --- Bat dau khoi dong AI stream ---
[2026-07-17 14:28:00] Da dong archive phut: 1427
[2026-07-17 14:28:00] Mo archive moi: D:\lehuynhthuan\Cam\bida_ai_system\archive\ban1_1428.mp4
[2026-07-17 14:28:00] Da xoa archive cu: ban1_1427.mp4
[2026-07-17 14:28:00] Loi xoa archive cu: [WinError 32] The process cannot access the file because it is being used by another process: 'D:\\lehuynhthuan\\Cam\\bida_ai_system\\archive\\ban1_1428.mp4'
[2026-07-17 14:28:14] Phat hien chuyen dong cam Menu (So pixel mau: 223)
[2026-07-17 14:28:21] Loi: Khong the doc tu camera
[2026-07-17 14:28:26] --- Bat dau khoi dong AI stream ---
[2026-07-17 14:28:53] Loi: Khong the doc tu camera
[2026-07-17 14:28:56] --- Bat dau khoi dong AI stream ---
[2026-07-17 14:29:00] Da dong archive phut: 1428
[2026-07-17 14:29:00] Mo archive moi: D:\lehuynhthuan\Cam\bida_ai_system\archive\ban1_1429.mp4
[2026-07-17 14:29:00] Da xoa archive cu: ban1_1428.mp4
[2026-07-17 14:29:00] Loi xoa archive cu: [WinError 32] The process cannot access the file because it is being used by another process: 'D:\\lehuynhthuan\\Cam\\bida_ai_system\\archive\\ban1_1429.mp4'
[2026-07-17 14:29:22] Loi: Khong the doc tu camera
[2026-07-17 14:29:26] --- Bat dau khoi dong AI stream ---
[2026-07-17 14:29:52] Loi: Khong the doc tu camera
[2026-07-17 14:29:56] --- Bat dau khoi dong AI stream ---
[2026-07-17 14:30:00] Da dong archive phut: 1429
[2026-07-17 14:30:00] Mo archive moi: D:\lehuynhthuan\Cam\bida_ai_system\archive\ban1_1430.mp4
[2026-07-17 14:30:00] Da xoa archive cu: ban1_1429.mp4
[2026-07-17 14:30:00] Loi xoa archive cu: [WinError 32] The process cannot access the file because it is being used by another process: 'D:\\lehuynhthuan\\Cam\\bida_ai_system\\archive\\ban1_1430.mp4'
[2026-07-17 14:30:21] Loi: Khong the doc tu camera
[2026-07-17 14:30:26] --- Bat dau khoi dong AI stream ---
[2026-07-17 14:30:49] Loi: Khong the doc tu camera
[2026-07-17 14:30:51] --- Bat dau khoi dong AI stream ---
[2026-07-17 14:31:00] Da dong archive phut: 1430
[2026-07-17 14:31:00] Mo archive moi: D:\lehuynhthuan\Cam\bida_ai_system\archive\ban1_1431.mp4
[2026-07-17 14:31:00] Da xoa archive cu: ban1_1430.mp4
[2026-07-17 14:31:00] Loi xoa archive cu: [WinError 32] The process cannot access the file because it is being used by another process: 'D:\\lehuynhthuan\\Cam\\bida_ai_system\\archive\\ban1_1431.mp4'
[2026-07-17 14:31:11] Loi: Khong the doc tu camera
[2026-07-17 14:31:16] --- Bat dau khoi dong AI stream ---
[2026-07-17 14:31:36] Phat hien chuyen dong cam Menu (So pixel mau: 180)
[2026-07-17 14:31:37] Phat hien chuyen dong cam Menu (So pixel mau: 178)
[2026-07-17 14:31:37] Phat hien chuyen dong cam Menu (So pixel mau: 274)
[2026-07-17 14:31:37] XAC NHAN: KHACH CAM MENU VAY TAY ORDER! (3 lan/4s)
[2026-07-17 14:31:37] Phat hien chuyen dong cam Menu (So pixel mau: 777)
[2026-07-17 14:31:37] Phat hien chuyen dong cam Menu (So pixel mau: 7341)
[2026-07-17 14:31:37] Phat hien chuyen dong cam Menu (So pixel mau: 5264)
[2026-07-17 14:31:37] Phat hien chuyen dong cam Menu (So pixel mau: 3732)
[2026-07-17 14:31:37] Phat hien chuyen dong cam Menu (So pixel mau: 2097)
[2026-07-17 14:31:41] Phat hien chuyen dong cam Menu (So pixel mau: 1783)
[2026-07-17 14:31:41] Phat hien chuyen dong cam Menu (So pixel mau: 1300)
[2026-07-17 14:31:41] Phat hien chuyen dong cam Menu (So pixel mau: 462)
[2026-07-17 14:31:42] Loi: Khong the doc tu camera
[2026-07-17 14:31:46] --- Bat dau khoi dong AI stream ---
[2026-07-17 14:32:00] Da dong archive phut: 1431
[2026-07-17 14:32:00] Mo archive moi: D:\lehuynhthuan\Cam\bida_ai_system\archive\ban1_1432.mp4
[2026-07-17 14:32:00] Da xoa archive cu: ban1_1431.mp4
[2026-07-17 14:32:00] Loi xoa archive cu: [WinError 32] The process cannot access the file because it is being used by another process: 'D:\\lehuynhthuan\\Cam\\bida_ai_system\\archive\\ban1_1432.mp4'
[2026-07-17 14:32:14] Loi: Khong the doc tu camera
[2026-07-17 14:32:17] --- Bat dau khoi dong AI stream ---
[2026-07-17 14:32:45] Loi: Khong the doc tu camera
[2026-07-17 14:32:46] --- Bat dau khoi dong AI stream ---
[2026-07-17 14:33:00] Da dong archive phut: 1432
[2026-07-17 14:33:00] Mo archive moi: D:\lehuynhthuan\Cam\bida_ai_system\archive\ban1_1433.mp4
[2026-07-17 14:33:00] Da xoa archive cu: ban1_1432.mp4
[2026-07-17 14:33:00] Loi xoa archive cu: [WinError 32] The process cannot access the file because it is being used by another process: 'D:\\lehuynhthuan\\Cam\\bida_ai_system\\archive\\ban1_1433.mp4'
[2026-07-17 14:33:14] Loi: Khong the doc tu camera
[2026-07-17 14:33:16] --- Bat dau khoi dong AI stream ---
[2026-07-17 14:33:43] Loi: Khong the doc tu camera
[2026-07-17 14:33:46] --- Bat dau khoi dong AI stream ---
[2026-07-17 14:34:00] Da dong archive phut: 1433
[2026-07-17 14:34:00] Mo archive moi: D:\lehuynhthuan\Cam\bida_ai_system\archive\ban1_1434.mp4
[2026-07-17 14:34:00] Da xoa archive cu: ban1_1433.mp4
[2026-07-17 14:34:00] Loi xoa archive cu: [WinError 32] The process cannot access the file because it is being used by another process: 'D:\\lehuynhthuan\\Cam\\bida_ai_system\\archive\\ban1_1434.mp4'
[2026-07-17 14:34:12] Loi: Khong the doc tu camera
[2026-07-17 14:34:16] --- Bat dau khoi dong AI stream ---
[2026-07-17 14:34:41] Loi: Khong the doc tu camera
[2026-07-17 14:34:46] --- Bat dau khoi dong AI stream ---
[2026-07-17 14:35:00] Da dong archive phut: 1434
[2026-07-17 14:35:00] Mo archive moi: D:\lehuynhthuan\Cam\bida_ai_system\archive\ban1_1435.mp4
[2026-07-17 14:35:00] Da xoa archive cu: ban1_1434.mp4
[2026-07-17 14:35:00] Loi xoa archive cu: [WinError 32] The process cannot access the file because it is being used by another process: 'D:\\lehuynhthuan\\Cam\\bida_ai_system\\archive\\ban1_1435.mp4'
[2026-07-17 14:35:13] Loi: Khong the doc tu camera
[2026-07-17 14:35:16] --- Bat dau khoi dong AI stream ---
[2026-07-17 14:35:42] Loi: Khong the doc tu camera
[2026-07-17 14:35:46] --- Bat dau khoi dong AI stream ---
[2026-07-17 14:36:00] Da dong archive phut: 1435
[2026-07-17 14:36:00] Mo archive moi: D:\lehuynhthuan\Cam\bida_ai_system\archive\ban1_1436.mp4
[2026-07-17 14:36:00] Da xoa archive cu: ban1_1435.mp4
[2026-07-17 14:36:00] Loi xoa archive cu: [WinError 32] The process cannot access the file because it is being used by another process: 'D:\\lehuynhthuan\\Cam\\bida_ai_system\\archive\\ban1_1436.mp4'
[2026-07-17 14:36:11] Loi: Khong the doc tu camera
[2026-07-17 14:36:16] --- Bat dau khoi dong AI stream ---
[2026-07-17 14:36:38] Loi: Khong the doc tu camera
[2026-07-17 14:36:41] --- Bat dau khoi dong AI stream ---
[2026-07-17 14:37:00] Da dong archive phut: 1436
[2026-07-17 14:37:00] Mo archive moi: D:\lehuynhthuan\Cam\bida_ai_system\archive\ban1_1437.mp4
[2026-07-17 14:37:00] Da xoa archive cu: ban1_1436.mp4
[2026-07-17 14:37:00] Loi xoa archive cu: [WinError 32] The process cannot access the file because it is being used by another process: 'D:\\lehuynhthuan\\Cam\\bida_ai_system\\archive\\ban1_1437.mp4'
[2026-07-17 14:37:03] Loi: Khong the doc tu camera
[2026-07-17 14:37:06] --- Bat dau khoi dong AI stream ---
[2026-07-17 14:37:28] Loi: Khong the doc tu camera
[2026-07-17 14:37:31] --- Bat dau khoi dong AI stream ---
[2026-07-17 14:37:53] Loi: Khong the doc tu camera
[2026-07-17 14:37:56] --- Bat dau khoi dong AI stream ---
[2026-07-17 14:38:00] Da dong archive phut: 1437
[2026-07-17 14:38:00] Mo archive moi: D:\lehuynhthuan\Cam\bida_ai_system\archive\ban1_1438.mp4
[2026-07-17 14:38:00] Da xoa archive cu: ban1_1437.mp4
[2026-07-17 14:38:00] Loi xoa archive cu: [WinError 32] The process cannot access the file because it is being used by another process: 'D:\\lehuynhthuan\\Cam\\bida_ai_system\\archive\\ban1_1438.mp4'
[2026-07-17 14:38:17] Loi: Khong the doc tu camera
[2026-07-17 14:38:21] --- Bat dau khoi dong AI stream ---
[2026-07-17 14:38:43] Loi: Khong the doc tu camera
[2026-07-17 14:38:46] --- Bat dau khoi dong AI stream ---
[2026-07-17 14:39:00] Da dong archive phut: 1438
[2026-07-17 14:39:00] Mo archive moi: D:\lehuynhthuan\Cam\bida_ai_system\archive\ban1_1439.mp4
[2026-07-17 14:39:00] Da xoa archive cu: ban1_1438.mp4
[2026-07-17 14:39:00] Loi xoa archive cu: [WinError 32] The process cannot access the file because it is being used by another process: 'D:\\lehuynhthuan\\Cam\\bida_ai_system\\archive\\ban1_1439.mp4'
[2026-07-17 14:39:08] Loi: Khong the doc tu camera
[2026-07-17 14:39:11] --- Bat dau khoi dong AI stream ---
[2026-07-17 14:39:33] Loi: Khong the doc tu camera
[2026-07-17 14:39:36] --- Bat dau khoi dong AI stream ---
[2026-07-17 14:39:58] Loi: Khong the doc tu camera
[2026-07-17 14:40:00] Da dong archive phut: 1439
[2026-07-17 14:40:00] Mo archive moi: D:\lehuynhthuan\Cam\bida_ai_system\archive\ban1_1440.mp4
[2026-07-17 14:40:00] Da xoa archive cu: ban1_1439.mp4
[2026-07-17 14:40:00] Loi xoa archive cu: [WinError 32] The process cannot access the file because it is being used by another process: 'D:\\lehuynhthuan\\Cam\\bida_ai_system\\archive\\ban1_1440.mp4'
[2026-07-17 14:40:01] --- Bat dau khoi dong AI stream ---
[2026-07-17 14:40:22] Loi: Khong the doc tu camera
[2026-07-17 14:40:26] --- Bat dau khoi dong AI stream ---
[2026-07-17 14:40:48] Loi: Khong the doc tu camera
[2026-07-17 14:40:51] --- Bat dau khoi dong AI stream ---
[2026-07-17 14:41:00] Da dong archive phut: 1440
[2026-07-17 14:41:00] Mo archive moi: D:\lehuynhthuan\Cam\bida_ai_system\archive\ban1_1441.mp4
[2026-07-17 14:41:00] Da xoa archive cu: ban1_1440.mp4
[2026-07-17 14:41:00] Loi xoa archive cu: [WinError 32] The process cannot access the file because it is being used by another process: 'D:\\lehuynhthuan\\Cam\\bida_ai_system\\archive\\ban1_1441.mp4'
[2026-07-17 14:41:14] Loi: Khong the doc tu camera
[2026-07-17 14:41:16] --- Bat dau khoi dong AI stream ---
[2026-07-17 14:41:36] Loi: Khong the doc tu camera
[2026-07-17 14:41:41] --- Bat dau khoi dong AI stream ---
[2026-07-17 14:41:59] Phat hien chuyen dong cam Menu (So pixel mau: 234)
[2026-07-17 14:42:00] Da dong archive phut: 1441
[2026-07-17 14:42:00] Mo archive moi: D:\lehuynhthuan\Cam\bida_ai_system\archive\ban1_1442.mp4
[2026-07-17 14:42:00] Da xoa archive cu: ban1_1441.mp4
[2026-07-17 14:42:00] Loi xoa archive cu: [WinError 32] The process cannot access the file because it is being used by another process: 'D:\\lehuynhthuan\\Cam\\bida_ai_system\\archive\\ban1_1442.mp4'
[2026-07-17 14:42:01] Loi: Khong the doc tu camera
[2026-07-17 14:42:06] --- Bat dau khoi dong AI stream ---
[2026-07-17 14:42:25] Loi: Khong the doc tu camera
[2026-07-17 14:42:26] --- Bat dau khoi dong AI stream ---
[2026-07-17 14:42:46] Loi: Khong the doc tu camera
[2026-07-17 14:42:51] --- Bat dau khoi dong AI stream ---
[2026-07-17 14:43:00] Da dong archive phut: 1442
[2026-07-17 14:43:00] Mo archive moi: D:\lehuynhthuan\Cam\bida_ai_system\archive\ban1_1443.mp4
[2026-07-17 14:43:00] Da xoa archive cu: ban1_1442.mp4
[2026-07-17 14:43:00] Loi xoa archive cu: [WinError 32] The process cannot access the file because it is being used by another process: 'D:\\lehuynhthuan\\Cam\\bida_ai_system\\archive\\ban1_1443.mp4'
[2026-07-17 14:43:14] Loi: Khong the doc tu camera
[2026-07-17 14:43:16] --- Bat dau khoi dong AI stream ---
[2026-07-17 14:43:37] Loi: Khong the doc tu camera
[2026-07-17 14:43:41] --- Bat dau khoi dong AI stream ---
[2026-07-17 14:44:00] Da dong archive phut: 1443
[2026-07-17 14:44:00] Mo archive moi: D:\lehuynhthuan\Cam\bida_ai_system\archive\ban1_1444.mp4
[2026-07-17 14:44:00] Da xoa archive cu: ban1_1443.mp4
[2026-07-17 14:44:00] Loi xoa archive cu: [WinError 32] The process cannot access the file because it is being used by another process: 'D:\\lehuynhthuan\\Cam\\bida_ai_system\\archive\\ban1_1444.mp4'
[2026-07-17 14:44:02] Loi: Khong the doc tu camera
[2026-07-17 14:44:06] --- Bat dau khoi dong AI stream ---
[2026-07-17 14:44:26] Loi: Khong the doc tu camera
[2026-07-17 14:44:31] --- Bat dau khoi dong AI stream ---
[2026-07-17 14:44:54] Loi: Khong the doc tu camera
[2026-07-17 14:44:56] --- Bat dau khoi dong AI stream ---
[2026-07-17 14:45:00] Da dong archive phut: 1444
[2026-07-17 14:45:00] Mo archive moi: D:\lehuynhthuan\Cam\bida_ai_system\archive\ban1_1445.mp4
[2026-07-17 14:45:00] Da xoa archive cu: ban1_1444.mp4
[2026-07-17 14:45:00] Loi xoa archive cu: [WinError 32] The process cannot access the file because it is being used by another process: 'D:\\lehuynhthuan\\Cam\\bida_ai_system\\archive\\ban1_1445.mp4'
[2026-07-17 14:45:19] Loi: Khong the doc tu camera
[2026-07-17 14:45:21] --- Bat dau khoi dong AI stream ---
[2026-07-17 14:45:41] Loi: Khong the doc tu camera
[2026-07-17 14:45:46] --- Bat dau khoi dong AI stream ---
[2026-07-17 14:46:00] Da dong archive phut: 1445
[2026-07-17 14:46:00] Mo archive moi: D:\lehuynhthuan\Cam\bida_ai_system\archive\ban1_1446.mp4
[2026-07-17 14:46:00] Da xoa archive cu: ban1_1445.mp4
[2026-07-17 14:46:00] Loi xoa archive cu: [WinError 32] The process cannot access the file because it is being used by another process: 'D:\\lehuynhthuan\\Cam\\bida_ai_system\\archive\\ban1_1446.mp4'
[2026-07-17 14:46:05] Loi: Khong the doc tu camera
[2026-07-17 14:46:06] --- Bat dau khoi dong AI stream ---
[2026-07-17 14:46:28] Loi: Khong the doc tu camera
[2026-07-17 14:46:31] --- Bat dau khoi dong AI stream ---
[2026-07-17 14:46:54] Loi: Khong the doc tu camera
[2026-07-17 14:46:56] --- Bat dau khoi dong AI stream ---
[2026-07-17 14:46:59] Phat hien chuyen dong cam Menu (So pixel mau: 923)
[2026-07-17 14:47:00] Da dong archive phut: 1446
[2026-07-17 14:47:00] Mo archive moi: D:\lehuynhthuan\Cam\bida_ai_system\archive\ban1_1447.mp4
[2026-07-17 14:47:00] Da xoa archive cu: ban1_1446.mp4
[2026-07-17 14:47:00] Loi xoa archive cu: [WinError 32] The process cannot access the file because it is being used by another process: 'D:\\lehuynhthuan\\Cam\\bida_ai_system\\archive\\ban1_1447.mp4'
[2026-07-17 14:47:08] Phat hien chuyen dong cam Menu (So pixel mau: 249)
[2026-07-17 14:47:08] Phat hien chuyen dong cam Menu (So pixel mau: 1484)
[2026-07-17 14:47:09] Phat hien chuyen dong cam Menu (So pixel mau: 886)
[2026-07-17 14:47:09] XAC NHAN: KHACH CAM MENU VAY TAY ORDER! (3 lan/4s)
[2026-07-17 14:47:09] Phat hien chuyen dong cam Menu (So pixel mau: 3777)
[2026-07-17 14:47:09] Phat hien chuyen dong cam Menu (So pixel mau: 2045)
[2026-07-17 14:47:17] Loi: Khong the doc tu camera
[2026-07-17 14:47:21] --- Bat dau khoi dong AI stream ---
[2026-07-17 14:47:43] Loi: Khong the doc tu camera
[2026-07-17 14:47:46] --- Bat dau khoi dong AI stream ---
[2026-07-17 14:48:00] Da dong archive phut: 1447
[2026-07-17 14:48:00] Mo archive moi: D:\lehuynhthuan\Cam\bida_ai_system\archive\ban1_1448.mp4
[2026-07-17 14:48:00] Da xoa archive cu: ban1_1447.mp4
[2026-07-17 14:48:00] Loi xoa archive cu: [WinError 32] The process cannot access the file because it is being used by another process: 'D:\\lehuynhthuan\\Cam\\bida_ai_system\\archive\\ban1_1448.mp4'
[2026-07-17 14:48:06] Loi: Khong the doc tu camera
[2026-07-17 14:48:11] --- Bat dau khoi dong AI stream ---
[2026-07-17 14:48:30] Loi: Khong the doc tu camera
[2026-07-17 14:48:31] --- Bat dau khoi dong AI stream ---
[2026-07-17 14:48:51] Loi: Khong the doc tu camera
[2026-07-17 14:48:51] --- Bat dau khoi dong AI stream ---
[2026-07-17 14:49:00] Da dong archive phut: 1448
[2026-07-17 14:49:00] Mo archive moi: D:\lehuynhthuan\Cam\bida_ai_system\archive\ban1_1449.mp4
[2026-07-17 14:49:00] Da xoa archive cu: ban1_1448.mp4
[2026-07-17 14:49:00] Loi xoa archive cu: [WinError 32] The process cannot access the file because it is being used by another process: 'D:\\lehuynhthuan\\Cam\\bida_ai_system\\archive\\ban1_1449.mp4'
[2026-07-17 14:49:12] Loi: Khong the doc tu camera
[2026-07-17 14:49:16] --- Bat dau khoi dong AI stream ---
[2026-07-17 14:49:36] Loi: Khong the doc tu camera
[2026-07-17 14:49:41] --- Bat dau khoi dong AI stream ---
[2026-07-17 14:50:00] Da dong archive phut: 1449
[2026-07-17 14:50:00] Mo archive moi: D:\lehuynhthuan\Cam\bida_ai_system\archive\ban1_1450.mp4
[2026-07-17 14:50:00] Da xoa archive cu: ban1_1449.mp4
[2026-07-17 14:50:00] Loi xoa archive cu: [WinError 32] The process cannot access the file because it is being used by another process: 'D:\\lehuynhthuan\\Cam\\bida_ai_system\\archive\\ban1_1450.mp4'
[2026-07-17 14:50:01] Loi: Khong the doc tu camera
[2026-07-17 14:50:06] --- Bat dau khoi dong AI stream ---
[2026-07-17 14:50:09] Phat hien chuyen dong cam Menu (So pixel mau: 1935)
[2026-07-17 14:50:09] Phat hien chuyen dong cam Menu (So pixel mau: 2257)
[2026-07-17 14:50:26] Loi: Khong the doc tu camera
[2026-07-17 14:50:31] --- Bat dau khoi dong AI stream ---
[2026-07-17 14:50:35] Phat hien chuyen dong cam Menu (So pixel mau: 598)
[2026-07-17 14:50:35] Phat hien chuyen dong cam Menu (So pixel mau: 527)
[2026-07-17 14:50:51] Loi: Khong the doc tu camera
[2026-07-17 14:50:56] --- Bat dau khoi dong AI stream ---
[2026-07-17 14:51:00] Da dong archive phut: 1450
[2026-07-17 14:51:00] Mo archive moi: D:\lehuynhthuan\Cam\bida_ai_system\archive\ban1_1451.mp4
[2026-07-17 14:51:00] Da xoa archive cu: ban1_1450.mp4
[2026-07-17 14:51:00] Loi xoa archive cu: [WinError 32] The process cannot access the file because it is being used by another process: 'D:\\lehuynhthuan\\Cam\\bida_ai_system\\archive\\ban1_1451.mp4'
[2026-07-17 14:51:10] Phat hien chuyen dong cam Menu (So pixel mau: 415)
[2026-07-17 14:51:15] Loi: Khong the doc tu camera
[2026-07-17 14:51:16] --- Bat dau khoi dong AI stream ---
[2026-07-17 14:51:36] Loi: Khong the doc tu camera
[2026-07-17 14:51:41] --- Bat dau khoi dong AI stream ---
[2026-07-17 14:52:00] Da dong archive phut: 1451
[2026-07-17 14:52:00] Mo archive moi: D:\lehuynhthuan\Cam\bida_ai_system\archive\ban1_1452.mp4
[2026-07-17 14:52:00] Da xoa archive cu: ban1_1451.mp4
[2026-07-17 14:52:00] Loi xoa archive cu: [WinError 32] The process cannot access the file because it is being used by another process: 'D:\\lehuynhthuan\\Cam\\bida_ai_system\\archive\\ban1_1452.mp4'
[2026-07-17 14:52:01] Loi: Khong the doc tu camera
[2026-07-17 14:52:07] --- Bat dau khoi dong AI stream ---
[2026-07-17 14:52:28] Loi: Khong the doc tu camera
[2026-07-17 14:52:32] --- Bat dau khoi dong AI stream ---
[2026-07-17 14:52:58] Loi: Khong the doc tu camera
[2026-07-17 14:53:00] Da dong archive phut: 1452
[2026-07-17 14:53:00] Mo archive moi: D:\lehuynhthuan\Cam\bida_ai_system\archive\ban1_1453.mp4
[2026-07-17 14:53:00] Da xoa archive cu: ban1_1452.mp4
[2026-07-17 14:53:00] Loi xoa archive cu: [WinError 32] The process cannot access the file because it is being used by another process: 'D:\\lehuynhthuan\\Cam\\bida_ai_system\\archive\\ban1_1453.mp4'
[2026-07-17 14:53:02] --- Bat dau khoi dong AI stream ---
[2026-07-17 14:53:25] Loi: Khong the doc tu camera
[2026-07-17 14:53:27] --- Bat dau khoi dong AI stream ---
[2026-07-17 14:53:52] Loi: Khong the doc tu camera
[2026-07-17 14:53:57] --- Bat dau khoi dong AI stream ---
[2026-07-17 14:54:00] Da dong archive phut: 1453
[2026-07-17 14:54:00] Mo archive moi: D:\lehuynhthuan\Cam\bida_ai_system\archive\ban1_1454.mp4
[2026-07-17 14:54:00] Da xoa archive cu: ban1_1453.mp4
[2026-07-17 14:54:00] Loi xoa archive cu: [WinError 32] The process cannot access the file because it is being used by another process: 'D:\\lehuynhthuan\\Cam\\bida_ai_system\\archive\\ban1_1454.mp4'
[2026-07-17 14:54:23] Loi: Khong the doc tu camera
[2026-07-17 14:54:27] --- Bat dau khoi dong AI stream ---
[2026-07-17 14:54:51] Loi: Khong the doc tu camera
[2026-07-17 14:54:57] --- Bat dau khoi dong AI stream ---
[2026-07-17 14:55:00] Da dong archive phut: 1454
[2026-07-17 14:55:00] Mo archive moi: D:\lehuynhthuan\Cam\bida_ai_system\archive\ban1_1455.mp4
[2026-07-17 14:55:00] Da xoa archive cu: ban1_1454.mp4
[2026-07-17 14:55:00] Loi xoa archive cu: [WinError 32] The process cannot access the file because it is being used by another process: 'D:\\lehuynhthuan\\Cam\\bida_ai_system\\archive\\ban1_1455.mp4'
[2026-07-17 14:55:19] Loi: Khong the doc tu camera
[2026-07-17 14:55:22] --- Bat dau khoi dong AI stream ---
[2026-07-17 14:55:34] Phat hien chuyen dong cam Menu (So pixel mau: 376)
[2026-07-17 14:55:34] Phat hien chuyen dong cam Menu (So pixel mau: 296)
[2026-07-17 14:55:34] Phat hien chuyen dong cam Menu (So pixel mau: 197)
[2026-07-17 14:55:34] XAC NHAN: KHACH CAM MENU VAY TAY ORDER! (3 lan/4s)
[2026-07-17 14:55:34] Phat hien chuyen dong cam Menu (So pixel mau: 278)
[2026-07-17 14:55:34] Phat hien chuyen dong cam Menu (So pixel mau: 217)
[2026-07-17 14:55:42] Loi: Khong the doc tu camera
[2026-07-17 14:55:46] --- Bat dau khoi dong AI stream ---
[2026-07-17 14:56:00] Da dong archive phut: 1455
[2026-07-17 14:56:00] Mo archive moi: D:\lehuynhthuan\Cam\bida_ai_system\archive\ban1_1456.mp4
[2026-07-17 14:56:00] Da xoa archive cu: ban1_1455.mp4
[2026-07-17 14:56:00] Loi xoa archive cu: [WinError 32] The process cannot access the file because it is being used by another process: 'D:\\lehuynhthuan\\Cam\\bida_ai_system\\archive\\ban1_1456.mp4'
[2026-07-17 14:56:06] Loi: Khong the doc tu camera
[2026-07-17 14:56:09] Phat hien chuyen dong cam Menu (So pixel mau: 384)
[2026-07-17 14:56:11] --- Bat dau khoi dong AI stream ---
[2026-07-17 14:56:31] Loi: Khong the doc tu camera
[2026-07-17 14:56:36] --- Bat dau khoi dong AI stream ---
[2026-07-17 14:56:57] Loi: Khong the doc tu camera
[2026-07-17 14:57:00] Da dong archive phut: 1456
[2026-07-17 14:57:00] Mo archive moi: D:\lehuynhthuan\Cam\bida_ai_system\archive\ban1_1457.mp4
[2026-07-17 14:57:00] Da xoa archive cu: ban1_1456.mp4
[2026-07-17 14:57:00] Loi xoa archive cu: [WinError 32] The process cannot access the file because it is being used by another process: 'D:\\lehuynhthuan\\Cam\\bida_ai_system\\archive\\ban1_1457.mp4'
[2026-07-17 14:57:02] --- Bat dau khoi dong AI stream ---
[2026-07-17 14:57:17] Phat hien chuyen dong cam Menu (So pixel mau: 543)
[2026-07-17 14:57:17] Phat hien chuyen dong cam Menu (So pixel mau: 495)
[2026-07-17 14:57:17] Phat hien chuyen dong cam Menu (So pixel mau: 464)
[2026-07-17 14:57:17] XAC NHAN: KHACH CAM MENU VAY TAY ORDER! (3 lan/4s)
[2026-07-17 14:57:17] Phat hien chuyen dong cam Menu (So pixel mau: 320)
[2026-07-17 14:57:26] Loi: Khong the doc tu camera
[2026-07-17 14:57:32] --- Bat dau khoi dong AI stream ---
[2026-07-17 14:57:49] Phat hien chuyen dong cam Menu (So pixel mau: 189)
[2026-07-17 14:57:56] Loi: Khong the doc tu camera
[2026-07-17 14:58:00] Da dong archive phut: 1457
[2026-07-17 14:58:00] Mo archive moi: D:\lehuynhthuan\Cam\bida_ai_system\archive\ban1_1458.mp4
[2026-07-17 14:58:00] Da xoa archive cu: ban1_1457.mp4
[2026-07-17 14:58:00] Loi xoa archive cu: [WinError 32] The process cannot access the file because it is being used by another process: 'D:\\lehuynhthuan\\Cam\\bida_ai_system\\archive\\ban1_1458.mp4'
[2026-07-17 14:58:00] Phat hien chuyen dong cam Menu (So pixel mau: 244)
[2026-07-17 14:58:00] Phat hien chuyen dong cam Menu (So pixel mau: 499)
[2026-07-17 14:58:02] --- Bat dau khoi dong AI stream ---
[2026-07-17 14:58:24] Loi: Khong the doc tu camera
[2026-07-17 14:58:26] --- Bat dau khoi dong AI stream ---
[2026-07-17 14:58:49] Loi: Khong the doc tu camera
[2026-07-17 14:58:52] --- Bat dau khoi dong AI stream ---
[2026-07-17 14:59:00] Da dong archive phut: 1458
[2026-07-17 14:59:00] Mo archive moi: D:\lehuynhthuan\Cam\bida_ai_system\archive\ban1_1459.mp4
[2026-07-17 14:59:00] Da xoa archive cu: ban1_1458.mp4
[2026-07-17 14:59:00] Loi xoa archive cu: [WinError 32] The process cannot access the file because it is being used by another process: 'D:\\lehuynhthuan\\Cam\\bida_ai_system\\archive\\ban1_1459.mp4'
[2026-07-17 14:59:16] Loi: Khong the doc tu camera
[2026-07-17 14:59:17] --- Bat dau khoi dong AI stream ---
[2026-07-17 14:59:39] Loi: Khong the doc tu camera
[2026-07-17 14:59:42] --- Bat dau khoi dong AI stream ---
[2026-07-17 15:00:00] Da dong archive phut: 1459
[2026-07-17 15:00:00] Mo archive moi: D:\lehuynhthuan\Cam\bida_ai_system\archive\ban1_1500.mp4
[2026-07-17 15:00:00] Da xoa archive cu: ban1_1459.mp4
[2026-07-17 15:00:00] Loi xoa archive cu: [WinError 32] The process cannot access the file because it is being used by another process: 'D:\\lehuynhthuan\\Cam\\bida_ai_system\\archive\\ban1_1500.mp4'
[2026-07-17 15:00:02] Loi: Khong the doc tu camera
[2026-07-17 15:00:07] --- Bat dau khoi dong AI stream ---
[2026-07-17 15:00:27] Loi: Khong the doc tu camera
[2026-07-17 15:00:32] --- Bat dau khoi dong AI stream ---
[2026-07-17 15:00:52] Loi: Khong the doc tu camera
[2026-07-17 15:00:57] --- Bat dau khoi dong AI stream ---
[2026-07-17 15:01:00] Da dong archive phut: 1500
[2026-07-17 15:01:00] Mo archive moi: D:\lehuynhthuan\Cam\bida_ai_system\archive\ban1_1501.mp4
[2026-07-17 15:01:00] Da xoa archive cu: ban1_1500.mp4
[2026-07-17 15:01:00] Loi xoa archive cu: [WinError 32] The process cannot access the file because it is being used by another process: 'D:\\lehuynhthuan\\Cam\\bida_ai_system\\archive\\ban1_1501.mp4'
[2026-07-17 15:01:18] Phat hien chuyen dong cam Menu (So pixel mau: 228)
[2026-07-17 15:01:18] Phat hien chuyen dong cam Menu (So pixel mau: 688)
[2026-07-17 15:01:18] Phat hien chuyen dong cam Menu (So pixel mau: 1640)
[2026-07-17 15:01:19] XAC NHAN: KHACH CAM MENU VAY TAY ORDER! (3 lan/4s)
[2026-07-17 15:01:19] Phat hien chuyen dong cam Menu (So pixel mau: 1355)
[2026-07-17 15:01:19] Phat hien chuyen dong cam Menu (So pixel mau: 1346)
[2026-07-17 15:01:19] Phat hien chuyen dong cam Menu (So pixel mau: 1192)
[2026-07-17 15:01:19] Phat hien chuyen dong cam Menu (So pixel mau: 954)
[2026-07-17 15:01:19] Phat hien chuyen dong cam Menu (So pixel mau: 2704)
[2026-07-17 15:01:19] Phat hien chuyen dong cam Menu (So pixel mau: 4772)
[2026-07-17 15:01:19] Phat hien chuyen dong cam Menu (So pixel mau: 5016)
[2026-07-17 15:01:19] Phat hien chuyen dong cam Menu (So pixel mau: 1173)
[2026-07-17 15:01:20] Loi: Khong the doc tu camera
[2026-07-17 15:01:22] --- Bat dau khoi dong AI stream ---
[2026-07-17 15:01:23] Phat hien chuyen dong cam Menu (So pixel mau: 8565)
[2026-07-17 15:01:23] Phat hien chuyen dong cam Menu (So pixel mau: 6708)
[2026-07-17 15:01:44] Loi: Khong the doc tu camera
[2026-07-17 15:01:47] --- Bat dau khoi dong AI stream ---
[2026-07-17 15:02:00] Da dong archive phut: 1501
[2026-07-17 15:02:00] Mo archive moi: D:\lehuynhthuan\Cam\bida_ai_system\archive\ban1_1502.mp4
[2026-07-17 15:02:00] Da xoa archive cu: ban1_1501.mp4
[2026-07-17 15:02:00] Loi xoa archive cu: [WinError 32] The process cannot access the file because it is being used by another process: 'D:\\lehuynhthuan\\Cam\\bida_ai_system\\archive\\ban1_1502.mp4'
[2026-07-17 15:02:09] Loi: Khong the doc tu camera
[2026-07-17 15:02:12] --- Bat dau khoi dong AI stream ---
[2026-07-17 15:02:38] Loi: Khong the doc tu camera
[2026-07-17 15:02:42] --- Bat dau khoi dong AI stream ---
[2026-07-17 15:03:00] Da dong archive phut: 1502
[2026-07-17 15:03:00] Mo archive moi: D:\lehuynhthuan\Cam\bida_ai_system\archive\ban1_1503.mp4
[2026-07-17 15:03:00] Da xoa archive cu: ban1_1502.mp4
[2026-07-17 15:03:00] Loi xoa archive cu: [WinError 32] The process cannot access the file because it is being used by another process: 'D:\\lehuynhthuan\\Cam\\bida_ai_system\\archive\\ban1_1503.mp4'
[2026-07-17 15:03:05] Loi: Khong the doc tu camera
[2026-07-17 15:03:07] --- Bat dau khoi dong AI stream ---
[2026-07-17 15:03:30] Loi: Khong the doc tu camera
[2026-07-17 15:03:32] --- Bat dau khoi dong AI stream ---
[2026-07-17 15:03:57] Loi: Khong the doc tu camera
[2026-07-17 15:04:00] Da dong archive phut: 1503
[2026-07-17 15:04:00] Mo archive moi: D:\lehuynhthuan\Cam\bida_ai_system\archive\ban1_1504.mp4
[2026-07-17 15:04:00] Da xoa archive cu: ban1_1503.mp4
[2026-07-17 15:04:00] Loi xoa archive cu: [WinError 32] The process cannot access the file because it is being used by another process: 'D:\\lehuynhthuan\\Cam\\bida_ai_system\\archive\\ban1_1504.mp4'
[2026-07-17 15:04:02] --- Bat dau khoi dong AI stream ---
[2026-07-17 15:04:27] Loi: Khong the doc tu camera
[2026-07-17 15:04:32] --- Bat dau khoi dong AI stream ---
[2026-07-17 15:04:57] Loi: Khong the doc tu camera
[2026-07-17 15:05:00] Da dong archive phut: 1504
[2026-07-17 15:05:00] Mo archive moi: D:\lehuynhthuan\Cam\bida_ai_system\archive\ban1_1505.mp4
[2026-07-17 15:05:00] Da xoa archive cu: ban1_1504.mp4
[2026-07-17 15:05:00] Loi xoa archive cu: [WinError 32] The process cannot access the file because it is being used by another process: 'D:\\lehuynhthuan\\Cam\\bida_ai_system\\archive\\ban1_1505.mp4'
[2026-07-17 15:05:02] --- Bat dau khoi dong AI stream ---
[2026-07-17 15:05:24] Loi: Khong the doc tu camera
[2026-07-17 15:05:27] --- Bat dau khoi dong AI stream ---
[2026-07-17 15:05:49] Loi: Khong the doc tu camera
[2026-07-17 15:05:52] --- Bat dau khoi dong AI stream ---
[2026-07-17 15:06:00] Da dong archive phut: 1505
[2026-07-17 15:06:00] Mo archive moi: D:\lehuynhthuan\Cam\bida_ai_system\archive\ban1_1506.mp4
[2026-07-17 15:06:00] Da xoa archive cu: ban1_1505.mp4
[2026-07-17 15:06:00] Loi xoa archive cu: [WinError 32] The process cannot access the file because it is being used by another process: 'D:\\lehuynhthuan\\Cam\\bida_ai_system\\archive\\ban1_1506.mp4'
[2026-07-17 15:06:09] Phat hien chuyen dong cam Menu (So pixel mau: 224)
[2026-07-17 15:06:09] Phat hien chuyen dong cam Menu (So pixel mau: 171)
[2026-07-17 15:06:09] Phat hien chuyen dong cam Menu (So pixel mau: 323)
[2026-07-17 15:06:09] XAC NHAN: KHACH CAM MENU VAY TAY ORDER! (3 lan/4s)
[2026-07-17 15:06:09] Phat hien chuyen dong cam Menu (So pixel mau: 1705)
[2026-07-17 15:06:09] Phat hien chuyen dong cam Menu (So pixel mau: 885)
[2026-07-17 15:06:09] Phat hien chuyen dong cam Menu (So pixel mau: 918)
[2026-07-17 15:06:09] Phat hien chuyen dong cam Menu (So pixel mau: 508)
[2026-07-17 15:06:10] Phat hien chuyen dong cam Menu (So pixel mau: 237)
[2026-07-17 15:06:10] Phat hien chuyen dong cam Menu (So pixel mau: 6858)
[2026-07-17 15:06:10] Phat hien chuyen dong cam Menu (So pixel mau: 7996)
[2026-07-17 15:06:10] Phat hien chuyen dong cam Menu (So pixel mau: 7487)
[2026-07-17 15:06:10] Phat hien chuyen dong cam Menu (So pixel mau: 1434)
[2026-07-17 15:06:10] Phat hien chuyen dong cam Menu (So pixel mau: 167)
[2026-07-17 15:06:10] Phat hien chuyen dong cam Menu (So pixel mau: 7217)
[2026-07-17 15:06:10] Phat hien chuyen dong cam Menu (So pixel mau: 176)
[2026-07-17 15:06:15] Loi: Khong the doc tu camera
[2026-07-17 15:06:17] --- Bat dau khoi dong AI stream ---
[2026-07-17 15:06:40] Loi: Khong the doc tu camera
[2026-07-17 15:06:42] --- Bat dau khoi dong AI stream ---
[2026-07-17 15:06:51] Phat hien chuyen dong cam Menu (So pixel mau: 2280)
[2026-07-17 15:06:51] Phat hien chuyen dong cam Menu (So pixel mau: 281)
[2026-07-17 15:06:51] Phat hien chuyen dong cam Menu (So pixel mau: 303)
[2026-07-17 15:06:51] XAC NHAN: KHACH CAM MENU VAY TAY ORDER! (3 lan/4s)
[2026-07-17 15:06:52] Phat hien chuyen dong cam Menu (So pixel mau: 187)
[2026-07-17 15:06:52] Phat hien chuyen dong cam Menu (So pixel mau: 279)
[2026-07-17 15:06:52] Phat hien chuyen dong cam Menu (So pixel mau: 382)
[2026-07-17 15:06:52] Phat hien chuyen dong cam Menu (So pixel mau: 224)
[2026-07-17 15:06:52] Phat hien chuyen dong cam Menu (So pixel mau: 271)
[2026-07-17 15:06:52] Phat hien chuyen dong cam Menu (So pixel mau: 170)
[2026-07-17 15:06:52] Phat hien chuyen dong cam Menu (So pixel mau: 167)
[2026-07-17 15:07:00] Da dong archive phut: 1506
[2026-07-17 15:07:00] Mo archive moi: D:\lehuynhthuan\Cam\bida_ai_system\archive\ban1_1507.mp4
[2026-07-17 15:07:00] Da xoa archive cu: ban1_1506.mp4
[2026-07-17 15:07:00] Loi xoa archive cu: [WinError 32] The process cannot access the file because it is being used by another process: 'D:\\lehuynhthuan\\Cam\\bida_ai_system\\archive\\ban1_1507.mp4'
[2026-07-17 15:07:05] Loi: Khong the doc tu camera
[2026-07-17 15:07:07] --- Bat dau khoi dong AI stream ---
[2026-07-17 15:07:30] Loi: Khong the doc tu camera
[2026-07-17 15:07:32] --- Bat dau khoi dong AI stream ---
[2026-07-17 15:07:54] Loi: Khong the doc tu camera
[2026-07-17 15:07:57] --- Bat dau khoi dong AI stream ---
[2026-07-17 15:08:00] Da dong archive phut: 1507
[2026-07-17 15:08:00] Mo archive moi: D:\lehuynhthuan\Cam\bida_ai_system\archive\ban1_1508.mp4
[2026-07-17 15:08:00] Da xoa archive cu: ban1_1507.mp4
[2026-07-17 15:08:00] Loi xoa archive cu: [WinError 32] The process cannot access the file because it is being used by another process: 'D:\\lehuynhthuan\\Cam\\bida_ai_system\\archive\\ban1_1508.mp4'
[2026-07-17 15:08:19] Loi: Khong the doc tu camera
[2026-07-17 15:08:22] --- Bat dau khoi dong AI stream ---
[2026-07-17 15:08:40] Phat hien chuyen dong cam Menu (So pixel mau: 494)
[2026-07-17 15:08:40] Phat hien chuyen dong cam Menu (So pixel mau: 2644)
[2026-07-17 15:08:40] Phat hien chuyen dong cam Menu (So pixel mau: 192)
[2026-07-17 15:08:40] XAC NHAN: KHACH CAM MENU VAY TAY ORDER! (3 lan/4s)
[2026-07-17 15:08:46] Loi: Khong the doc tu camera
[2026-07-17 15:08:47] --- Bat dau khoi dong AI stream ---
[2026-07-17 15:08:50] Phat hien chuyen dong cam Menu (So pixel mau: 650)
[2026-07-17 15:08:50] Phat hien chuyen dong cam Menu (So pixel mau: 1412)
[2026-07-17 15:08:50] Phat hien chuyen dong cam Menu (So pixel mau: 2720)
[2026-07-17 15:08:50] Phat hien chuyen dong cam Menu (So pixel mau: 1690)
[2026-07-17 15:08:50] Phat hien chuyen dong cam Menu (So pixel mau: 1345)
[2026-07-17 15:08:50] Phat hien chuyen dong cam Menu (So pixel mau: 320)
[2026-07-17 15:08:50] Phat hien chuyen dong cam Menu (So pixel mau: 442)
[2026-07-17 15:08:51] Phat hien chuyen dong cam Menu (So pixel mau: 171)
[2026-07-17 15:09:00] Da dong archive phut: 1508
[2026-07-17 15:09:00] Mo archive moi: D:\lehuynhthuan\Cam\bida_ai_system\archive\ban1_1509.mp4
[2026-07-17 15:09:00] Da xoa archive cu: ban1_1508.mp4
[2026-07-17 15:09:00] Loi xoa archive cu: [WinError 32] The process cannot access the file because it is being used by another process: 'D:\\lehuynhthuan\\Cam\\bida_ai_system\\archive\\ban1_1509.mp4'
[2026-07-17 15:09:09] Loi: Khong the doc tu camera
[2026-07-17 15:09:12] --- Bat dau khoi dong AI stream ---
[2026-07-17 15:09:29] Phat hien chuyen dong cam Menu (So pixel mau: 2271)
[2026-07-17 15:09:33] Loi: Khong the doc tu camera
[2026-07-17 15:09:37] --- Bat dau khoi dong AI stream ---
[2026-07-17 15:10:00] Da dong archive phut: 1509
[2026-07-17 15:10:00] Mo archive moi: D:\lehuynhthuan\Cam\bida_ai_system\archive\ban1_1510.mp4
[2026-07-17 15:10:00] Da xoa archive cu: ban1_1509.mp4
[2026-07-17 15:10:00] Loi xoa archive cu: [WinError 32] The process cannot access the file because it is being used by another process: 'D:\\lehuynhthuan\\Cam\\bida_ai_system\\archive\\ban1_1510.mp4'
[2026-07-17 15:10:00] Loi: Khong the doc tu camera
[2026-07-17 15:10:02] --- Bat dau khoi dong AI stream ---
[2026-07-17 15:10:28] Loi: Khong the doc tu camera
[2026-07-17 15:10:32] --- Bat dau khoi dong AI stream ---
[2026-07-17 15:10:55] Loi: Khong the doc tu camera
[2026-07-17 15:10:57] --- Bat dau khoi dong AI stream ---
[2026-07-17 15:11:00] Da dong archive phut: 1510
[2026-07-17 15:11:00] Mo archive moi: D:\lehuynhthuan\Cam\bida_ai_system\archive\ban1_1511.mp4
[2026-07-17 15:11:00] Da xoa archive cu: ban1_1510.mp4
[2026-07-17 15:11:00] Loi xoa archive cu: [WinError 32] The process cannot access the file because it is being used by another process: 'D:\\lehuynhthuan\\Cam\\bida_ai_system\\archive\\ban1_1511.mp4'
[2026-07-17 15:11:20] Loi: Khong the doc tu camera
[2026-07-17 15:11:22] --- Bat dau khoi dong AI stream ---
[2026-07-17 15:11:45] Loi: Khong the doc tu camera
[2026-07-17 15:11:47] --- Bat dau khoi dong AI stream ---
[2026-07-17 15:12:00] Da dong archive phut: 1511
[2026-07-17 15:12:00] Mo archive moi: D:\lehuynhthuan\Cam\bida_ai_system\archive\ban1_1512.mp4
[2026-07-17 15:12:00] Da xoa archive cu: ban1_1511.mp4
[2026-07-17 15:12:00] Loi xoa archive cu: [WinError 32] The process cannot access the file because it is being used by another process: 'D:\\lehuynhthuan\\Cam\\bida_ai_system\\archive\\ban1_1512.mp4'
[2026-07-17 15:12:11] Loi: Khong the doc tu camera
[2026-07-17 15:12:12] --- Bat dau khoi dong AI stream ---
[2026-07-17 15:12:35] Loi: Khong the doc tu camera
[2026-07-17 15:12:37] --- Bat dau khoi dong AI stream ---
[2026-07-17 15:13:00] Da dong archive phut: 1512
[2026-07-17 15:13:00] Mo archive moi: D:\lehuynhthuan\Cam\bida_ai_system\archive\ban1_1513.mp4
[2026-07-17 15:13:00] Da xoa archive cu: ban1_1512.mp4
[2026-07-17 15:13:00] Loi xoa archive cu: [WinError 32] The process cannot access the file because it is being used by another process: 'D:\\lehuynhthuan\\Cam\\bida_ai_system\\archive\\ban1_1513.mp4'
[2026-07-17 15:13:01] Loi: Khong the doc tu camera
[2026-07-17 15:13:07] --- Bat dau khoi dong AI stream ---
[2026-07-17 15:13:31] Loi: Khong the doc tu camera
[2026-07-17 15:13:37] --- Bat dau khoi dong AI stream ---
[2026-07-17 15:14:00] Da dong archive phut: 1513
[2026-07-17 15:14:00] Mo archive moi: D:\lehuynhthuan\Cam\bida_ai_system\archive\ban1_1514.mp4
[2026-07-17 15:14:00] Da xoa archive cu: ban1_1513.mp4
[2026-07-17 15:14:00] Loi xoa archive cu: [WinError 32] The process cannot access the file because it is being used by another process: 'D:\\lehuynhthuan\\Cam\\bida_ai_system\\archive\\ban1_1514.mp4'
[2026-07-17 15:14:01] Loi: Khong the doc tu camera
[2026-07-17 15:14:07] --- Bat dau khoi dong AI stream ---
[2026-07-17 15:14:10] Phat hien chuyen dong cam Menu (So pixel mau: 383)
[2026-07-17 15:14:11] Phat hien chuyen dong cam Menu (So pixel mau: 323)
[2026-07-17 15:14:11] Phat hien chuyen dong cam Menu (So pixel mau: 163)
[2026-07-17 15:14:11] XAC NHAN: KHACH CAM MENU VAY TAY ORDER! (3 lan/4s)
[2026-07-17 15:14:11] Phat hien chuyen dong cam Menu (So pixel mau: 282)
[2026-07-17 15:14:11] Phat hien chuyen dong cam Menu (So pixel mau: 353)
[2026-07-17 15:14:11] Phat hien chuyen dong cam Menu (So pixel mau: 1452)
[2026-07-17 15:14:11] Phat hien chuyen dong cam Menu (So pixel mau: 1538)
[2026-07-17 15:14:11] Phat hien chuyen dong cam Menu (So pixel mau: 1297)
[2026-07-17 15:14:11] Phat hien chuyen dong cam Menu (So pixel mau: 264)
[2026-07-17 15:14:23] Phat hien chuyen dong cam Menu (So pixel mau: 2972)
[2026-07-17 15:14:23] Phat hien chuyen dong cam Menu (So pixel mau: 1711)
[2026-07-17 15:14:23] Phat hien chuyen dong cam Menu (So pixel mau: 1054)
[2026-07-17 15:14:23] Phat hien chuyen dong cam Menu (So pixel mau: 554)
[2026-07-17 15:14:23] Phat hien chuyen dong cam Menu (So pixel mau: 849)
[2026-07-17 15:14:23] Phat hien chuyen dong cam Menu (So pixel mau: 1285)
[2026-07-17 15:14:24] Phat hien chuyen dong cam Menu (So pixel mau: 3249)
[2026-07-17 15:14:24] Phat hien chuyen dong cam Menu (So pixel mau: 3862)
[2026-07-17 15:14:32] Loi: Khong the doc tu camera
[2026-07-17 15:14:37] --- Bat dau khoi dong AI stream ---
[2026-07-17 15:14:39] Phat hien chuyen dong cam Menu (So pixel mau: 553)
[2026-07-17 15:14:39] Phat hien chuyen dong cam Menu (So pixel mau: 510)
[2026-07-17 15:14:39] Phat hien chuyen dong cam Menu (So pixel mau: 465)
[2026-07-17 15:14:39] Phat hien chuyen dong cam Menu (So pixel mau: 281)
[2026-07-17 15:14:41] XAC NHAN: KHACH CAM MENU VAY TAY ORDER! (4 lan/4s)
[2026-07-17 15:15:00] Da dong archive phut: 1514
[2026-07-17 15:15:00] Mo archive moi: D:\lehuynhthuan\Cam\bida_ai_system\archive\ban1_1515.mp4
[2026-07-17 15:15:00] Da xoa archive cu: ban1_1514.mp4
[2026-07-17 15:15:00] Loi xoa archive cu: [WinError 32] The process cannot access the file because it is being used by another process: 'D:\\lehuynhthuan\\Cam\\bida_ai_system\\archive\\ban1_1515.mp4'
[2026-07-17 15:15:00] Loi: Khong the doc tu camera
[2026-07-17 15:15:03] --- Bat dau khoi dong AI stream ---
[2026-07-17 15:15:22] Loi: Khong the doc tu camera
[2026-07-17 15:15:27] --- Bat dau khoi dong AI stream ---
[2026-07-17 15:15:53] Loi: Khong the doc tu camera
[2026-07-17 15:15:57] --- Bat dau khoi dong AI stream ---
[2026-07-17 15:16:00] Da dong archive phut: 1515
[2026-07-17 15:16:00] Mo archive moi: D:\lehuynhthuan\Cam\bida_ai_system\archive\ban1_1516.mp4
[2026-07-17 15:16:00] Da xoa archive cu: ban1_1515.mp4
[2026-07-17 15:16:00] Loi xoa archive cu: [WinError 32] The process cannot access the file because it is being used by another process: 'D:\\lehuynhthuan\\Cam\\bida_ai_system\\archive\\ban1_1516.mp4'
[2026-07-17 15:16:20] Loi: Khong the doc tu camera
[2026-07-17 15:16:22] --- Bat dau khoi dong AI stream ---
[2026-07-17 15:16:46] Loi: Khong the doc tu camera
[2026-07-17 15:16:47] --- Bat dau khoi dong AI stream ---
[2026-07-17 15:17:00] Da dong archive phut: 1516
[2026-07-17 15:17:00] Mo archive moi: D:\lehuynhthuan\Cam\bida_ai_system\archive\ban1_1517.mp4
[2026-07-17 15:17:00] Da xoa archive cu: ban1_1516.mp4
[2026-07-17 15:17:00] Loi xoa archive cu: [WinError 32] The process cannot access the file because it is being used by another process: 'D:\\lehuynhthuan\\Cam\\bida_ai_system\\archive\\ban1_1517.mp4'
[2026-07-17 15:17:11] Loi: Khong the doc tu camera
[2026-07-17 15:17:12] --- Bat dau khoi dong AI stream ---
[2026-07-17 15:17:35] Loi: Khong the doc tu camera
[2026-07-17 15:17:37] --- Bat dau khoi dong AI stream ---
[2026-07-17 15:18:00] Da dong archive phut: 1517
[2026-07-17 15:18:00] Mo archive moi: D:\lehuynhthuan\Cam\bida_ai_system\archive\ban1_1518.mp4
[2026-07-17 15:18:00] Da xoa archive cu: ban1_1517.mp4
[2026-07-17 15:18:00] Loi xoa archive cu: [WinError 32] The process cannot access the file because it is being used by another process: 'D:\\lehuynhthuan\\Cam\\bida_ai_system\\archive\\ban1_1518.mp4'
[2026-07-17 15:18:01] Loi: Khong the doc tu camera
[2026-07-17 15:18:02] --- Bat dau khoi dong AI stream ---
[2026-07-17 15:18:27] Loi: Khong the doc tu camera
[2026-07-17 15:18:32] --- Bat dau khoi dong AI stream ---
[2026-07-17 15:18:56] Loi: Khong the doc tu camera
[2026-07-17 15:18:57] --- Bat dau khoi dong AI stream ---
[2026-07-17 15:19:00] Da dong archive phut: 1518
[2026-07-17 15:19:00] Mo archive moi: D:\lehuynhthuan\Cam\bida_ai_system\archive\ban1_1519.mp4
[2026-07-17 15:19:00] Da xoa archive cu: ban1_1518.mp4
[2026-07-17 15:19:00] Loi xoa archive cu: [WinError 32] The process cannot access the file because it is being used by another process: 'D:\\lehuynhthuan\\Cam\\bida_ai_system\\archive\\ban1_1519.mp4'
[2026-07-17 15:19:19] Loi: Khong the doc tu camera
[2026-07-17 15:19:22] --- Bat dau khoi dong AI stream ---
[2026-07-17 15:19:24] Phat hien chuyen dong cam Menu (So pixel mau: 184)
[2026-07-17 15:19:25] Phat hien chuyen dong cam Menu (So pixel mau: 1032)
[2026-07-17 15:19:25] Phat hien chuyen dong cam Menu (So pixel mau: 1240)
[2026-07-17 15:19:25] XAC NHAN: KHACH CAM MENU VAY TAY ORDER! (3 lan/4s)
[2026-07-17 15:19:43] Loi: Khong the doc tu camera
[2026-07-17 15:19:47] --- Bat dau khoi dong AI stream ---
[2026-07-17 15:20:00] Da dong archive phut: 1519
[2026-07-17 15:20:00] Mo archive moi: D:\lehuynhthuan\Cam\bida_ai_system\archive\ban1_1520.mp4
[2026-07-17 15:20:00] Da xoa archive cu: ban1_1519.mp4
[2026-07-17 15:20:00] Loi xoa archive cu: [WinError 32] The process cannot access the file because it is being used by another process: 'D:\\lehuynhthuan\\Cam\\bida_ai_system\\archive\\ban1_1520.mp4'
[2026-07-17 15:20:07] Loi: Khong the doc tu camera
[2026-07-17 15:20:12] --- Bat dau khoi dong AI stream ---
[2026-07-17 15:20:32] Loi: Khong the doc tu camera
[2026-07-17 15:20:35] Phat hien chuyen dong cam Menu (So pixel mau: 4215)
[2026-07-17 15:20:35] Phat hien chuyen dong cam Menu (So pixel mau: 1396)
[2026-07-17 15:20:35] Phat hien chuyen dong cam Menu (So pixel mau: 179)
[2026-07-17 15:20:35] XAC NHAN: KHACH CAM MENU VAY TAY ORDER! (3 lan/4s)
[2026-07-17 15:20:35] Phat hien chuyen dong cam Menu (So pixel mau: 8393)
[2026-07-17 15:20:35] Phat hien chuyen dong cam Menu (So pixel mau: 1980)
[2026-07-17 15:20:35] Phat hien chuyen dong cam Menu (So pixel mau: 5149)
[2026-07-17 15:20:36] Phat hien chuyen dong cam Menu (So pixel mau: 253)
[2026-07-17 15:20:36] Phat hien chuyen dong cam Menu (So pixel mau: 263)
[2026-07-17 15:20:36] Phat hien chuyen dong cam Menu (So pixel mau: 277)
[2026-07-17 15:20:36] Phat hien chuyen dong cam Menu (So pixel mau: 2433)
[2026-07-17 15:20:36] Phat hien chuyen dong cam Menu (So pixel mau: 1396)
[2026-07-17 15:20:36] Phat hien chuyen dong cam Menu (So pixel mau: 3828)
[2026-07-17 15:20:36] Phat hien chuyen dong cam Menu (So pixel mau: 6873)
[2026-07-17 15:20:36] Phat hien chuyen dong cam Menu (So pixel mau: 2736)
[2026-07-17 15:20:36] Phat hien chuyen dong cam Menu (So pixel mau: 3646)
[2026-07-17 15:20:36] Phat hien chuyen dong cam Menu (So pixel mau: 3311)
[2026-07-17 15:20:36] Phat hien chuyen dong cam Menu (So pixel mau: 6541)
[2026-07-17 15:20:36] Phat hien chuyen dong cam Menu (So pixel mau: 6280)
[2026-07-17 15:20:36] Phat hien chuyen dong cam Menu (So pixel mau: 3835)
[2026-07-17 15:20:36] Phat hien chuyen dong cam Menu (So pixel mau: 2201)
[2026-07-17 15:20:36] Phat hien chuyen dong cam Menu (So pixel mau: 2766)
[2026-07-17 15:20:36] Phat hien chuyen dong cam Menu (So pixel mau: 3860)
[2026-07-17 15:20:36] Phat hien chuyen dong cam Menu (So pixel mau: 3599)
[2026-07-17 15:20:36] Phat hien chuyen dong cam Menu (So pixel mau: 4593)
[2026-07-17 15:20:36] Phat hien chuyen dong cam Menu (So pixel mau: 4845)
[2026-07-17 15:20:36] Phat hien chuyen dong cam Menu (So pixel mau: 7721)
[2026-07-17 15:20:37] --- Bat dau khoi dong AI stream ---
[2026-07-17 15:20:57] Loi: Khong the doc tu camera
[2026-07-17 15:21:00] Da dong archive phut: 1520
[2026-07-17 15:21:00] Mo archive moi: D:\lehuynhthuan\Cam\bida_ai_system\archive\ban1_1521.mp4
[2026-07-17 15:21:00] Da xoa archive cu: ban1_1520.mp4
[2026-07-17 15:21:00] Loi xoa archive cu: [WinError 32] The process cannot access the file because it is being used by another process: 'D:\\lehuynhthuan\\Cam\\bida_ai_system\\archive\\ban1_1521.mp4'
[2026-07-17 15:21:02] --- Bat dau khoi dong AI stream ---
[2026-07-17 15:21:24] Loi: Khong the doc tu camera
[2026-07-17 15:21:27] --- Bat dau khoi dong AI stream ---
[2026-07-17 15:21:49] Loi: Khong the doc tu camera
[2026-07-17 15:21:52] --- Bat dau khoi dong AI stream ---
[2026-07-17 15:22:00] Da dong archive phut: 1521
[2026-07-17 15:22:00] Mo archive moi: D:\lehuynhthuan\Cam\bida_ai_system\archive\ban1_1522.mp4
[2026-07-17 15:22:00] Da xoa archive cu: ban1_1521.mp4
[2026-07-17 15:22:00] Loi xoa archive cu: [WinError 32] The process cannot access the file because it is being used by another process: 'D:\\lehuynhthuan\\Cam\\bida_ai_system\\archive\\ban1_1522.mp4'
[2026-07-17 15:22:12] Loi: Khong the doc tu camera
[2026-07-17 15:22:17] --- Bat dau khoi dong AI stream ---
[2026-07-17 15:22:37] Loi: Khong the doc tu camera
[2026-07-17 15:22:42] --- Bat dau khoi dong AI stream ---
[2026-07-17 15:22:43] Phat hien chuyen dong cam Menu (So pixel mau: 350)
[2026-07-17 15:23:00] Da dong archive phut: 1522
[2026-07-17 15:23:00] Mo archive moi: D:\lehuynhthuan\Cam\bida_ai_system\archive\ban1_1523.mp4
[2026-07-17 15:23:00] Da xoa archive cu: ban1_1522.mp4
[2026-07-17 15:23:00] Loi xoa archive cu: [WinError 32] The process cannot access the file because it is being used by another process: 'D:\\lehuynhthuan\\Cam\\bida_ai_system\\archive\\ban1_1523.mp4'
[2026-07-17 15:23:02] Loi: Khong the doc tu camera
[2026-07-17 15:23:07] --- Bat dau khoi dong AI stream ---
[2026-07-17 15:23:27] Loi: Khong the doc tu camera
[2026-07-17 15:23:32] --- Bat dau khoi dong AI stream ---
[2026-07-17 15:23:52] Loi: Khong the doc tu camera
[2026-07-17 15:23:57] --- Bat dau khoi dong AI stream ---
[2026-07-17 15:24:00] Da dong archive phut: 1523
[2026-07-17 15:24:00] Mo archive moi: D:\lehuynhthuan\Cam\bida_ai_system\archive\ban1_1524.mp4
[2026-07-17 15:24:00] Da xoa archive cu: ban1_1523.mp4
[2026-07-17 15:24:00] Loi xoa archive cu: [WinError 32] The process cannot access the file because it is being used by another process: 'D:\\lehuynhthuan\\Cam\\bida_ai_system\\archive\\ban1_1524.mp4'
[2026-07-17 15:24:20] Loi: Khong the doc tu camera
[2026-07-17 15:24:22] --- Bat dau khoi dong AI stream ---
[2026-07-17 15:24:42] Loi: Khong the doc tu camera
[2026-07-17 15:24:47] --- Bat dau khoi dong AI stream ---
[2026-07-17 15:25:00] Da dong archive phut: 1524
[2026-07-17 15:25:00] Mo archive moi: D:\lehuynhthuan\Cam\bida_ai_system\archive\ban1_1525.mp4
[2026-07-17 15:25:00] Da xoa archive cu: ban1_1524.mp4
[2026-07-17 15:25:00] Loi xoa archive cu: [WinError 32] The process cannot access the file because it is being used by another process: 'D:\\lehuynhthuan\\Cam\\bida_ai_system\\archive\\ban1_1525.mp4'
[2026-07-17 15:25:09] Loi: Khong the doc tu camera
[2026-07-17 15:25:12] --- Bat dau khoi dong AI stream ---
[2026-07-17 15:25:37] Loi: Khong the doc tu camera
[2026-07-17 15:25:42] --- Bat dau khoi dong AI stream ---
[2026-07-17 15:26:00] Da dong archive phut: 1525
[2026-07-17 15:26:00] Mo archive moi: D:\lehuynhthuan\Cam\bida_ai_system\archive\ban1_1526.mp4
[2026-07-17 15:26:00] Da xoa archive cu: ban1_1525.mp4
[2026-07-17 15:26:00] Loi xoa archive cu: [WinError 32] The process cannot access the file because it is being used by another process: 'D:\\lehuynhthuan\\Cam\\bida_ai_system\\archive\\ban1_1526.mp4'
[2026-07-17 15:26:08] Loi: Khong the doc tu camera
[2026-07-17 15:26:13] --- Bat dau khoi dong AI stream ---
[2026-07-17 15:26:36] Phat hien chuyen dong cam Menu (So pixel mau: 880)
[2026-07-17 15:26:36] Phat hien chuyen dong cam Menu (So pixel mau: 801)
[2026-07-17 15:26:36] Phat hien chuyen dong cam Menu (So pixel mau: 557)
[2026-07-17 15:26:36] XAC NHAN: KHACH CAM MENU VAY TAY ORDER! (3 lan/4s)
[2026-07-17 15:26:38] Loi: Khong the doc tu camera
[2026-07-17 15:26:41] Phat hien chuyen dong cam Menu (So pixel mau: 342)
[2026-07-17 15:26:41] Phat hien chuyen dong cam Menu (So pixel mau: 277)
[2026-07-17 15:26:42] --- Bat dau khoi dong AI stream ---
[2026-07-17 15:27:00] Da dong archive phut: 1526
[2026-07-17 15:27:00] Mo archive moi: D:\lehuynhthuan\Cam\bida_ai_system\archive\ban1_1527.mp4
[2026-07-17 15:27:00] Da xoa archive cu: ban1_1526.mp4
[2026-07-17 15:27:00] Loi xoa archive cu: [WinError 32] The process cannot access the file because it is being used by another process: 'D:\\lehuynhthuan\\Cam\\bida_ai_system\\archive\\ban1_1527.mp4'
[2026-07-17 15:27:04] Loi: Khong the doc tu camera
[2026-07-17 15:27:07] --- Bat dau khoi dong AI stream ---
[2026-07-17 15:27:34] Loi: Khong the doc tu camera
[2026-07-17 15:27:37] --- Bat dau khoi dong AI stream ---
[2026-07-17 15:28:00] Da dong archive phut: 1527
[2026-07-17 15:28:00] Mo archive moi: D:\lehuynhthuan\Cam\bida_ai_system\archive\ban1_1528.mp4
[2026-07-17 15:28:00] Da xoa archive cu: ban1_1527.mp4
[2026-07-17 15:28:00] Loi xoa archive cu: [WinError 32] The process cannot access the file because it is being used by another process: 'D:\\lehuynhthuan\\Cam\\bida_ai_system\\archive\\ban1_1528.mp4'
[2026-07-17 15:28:03] Loi: Khong the doc tu camera
[2026-07-17 15:28:08] --- Bat dau khoi dong AI stream ---
[2026-07-17 15:28:37] Loi: Khong the doc tu camera
[2026-07-17 15:28:42] --- Bat dau khoi dong AI stream ---
[2026-07-17 15:29:00] Da dong archive phut: 1528
[2026-07-17 15:29:00] Mo archive moi: D:\lehuynhthuan\Cam\bida_ai_system\archive\ban1_1529.mp4
[2026-07-17 15:29:00] Da xoa archive cu: ban1_1528.mp4
[2026-07-17 15:29:00] Loi xoa archive cu: [WinError 32] The process cannot access the file because it is being used by another process: 'D:\\lehuynhthuan\\Cam\\bida_ai_system\\archive\\ban1_1529.mp4'
[2026-07-17 15:29:06] Loi: Khong the doc tu camera
[2026-07-17 15:29:12] --- Bat dau khoi dong AI stream ---
[2026-07-17 15:29:37] Loi: Khong the doc tu camera
[2026-07-17 15:29:42] --- Bat dau khoi dong AI stream ---
[2026-07-17 15:30:00] Da dong archive phut: 1529
[2026-07-17 15:30:00] Mo archive moi: D:\lehuynhthuan\Cam\bida_ai_system\archive\ban1_1530.mp4
[2026-07-17 15:30:00] Da xoa archive cu: ban1_1529.mp4
[2026-07-17 15:30:02] Loi: Khong the doc tu camera
[2026-07-17 15:30:07] --- Bat dau khoi dong AI stream ---
[2026-07-17 15:30:29] Loi: Khong the doc tu camera
[2026-07-17 15:30:32] --- Bat dau khoi dong AI stream ---
[2026-07-17 15:30:56] Loi: Khong the doc tu camera
[2026-07-17 15:30:57] --- Bat dau khoi dong AI stream ---
[2026-07-17 15:31:00] Da dong archive phut: 1530
[2026-07-17 15:31:00] Mo archive moi: D:\lehuynhthuan\Cam\bida_ai_system\archive\ban1_1531.mp4
[2026-07-17 15:31:22] Loi: Khong the doc tu camera
[2026-07-17 15:31:27] --- Bat dau khoi dong AI stream ---
[2026-07-17 15:31:50] Loi: Khong the doc tu camera
[2026-07-17 15:31:53] --- Bat dau khoi dong AI stream ---
[2026-07-17 15:32:00] Da dong archive phut: 1531
[2026-07-17 15:32:00] Mo archive moi: D:\lehuynhthuan\Cam\bida_ai_system\archive\ban1_1532.mp4
[2026-07-17 15:32:24] Loi: Khong the doc tu camera
[2026-07-17 15:32:27] --- Bat dau khoi dong AI stream ---
[2026-07-17 15:32:51] Loi: Khong the doc tu camera
[2026-07-17 15:32:52] --- Bat dau khoi dong AI stream ---
[2026-07-17 15:33:00] Da dong archive phut: 1532
[2026-07-17 15:33:00] Mo archive moi: D:\lehuynhthuan\Cam\bida_ai_system\archive\ban1_1533.mp4
[2026-07-17 15:33:16] Loi: Khong the doc tu camera
[2026-07-17 15:33:17] --- Bat dau khoi dong AI stream ---
[2026-07-17 15:33:39] Loi: Khong the doc tu camera
[2026-07-17 15:33:43] --- Bat dau khoi dong AI stream ---
[2026-07-17 15:34:00] Da dong archive phut: 1533
[2026-07-17 15:34:00] Mo archive moi: D:\lehuynhthuan\Cam\bida_ai_system\archive\ban1_1534.mp4
[2026-07-17 15:34:04] Loi: Khong the doc tu camera
[2026-07-17 15:34:07] --- Bat dau khoi dong AI stream ---
[2026-07-17 15:34:28] Loi: Khong the doc tu camera
[2026-07-17 15:34:32] --- Bat dau khoi dong AI stream ---
[2026-07-17 15:34:52] Loi: Khong the doc tu camera
[2026-07-17 15:34:57] --- Bat dau khoi dong AI stream ---
[2026-07-17 15:35:00] Da dong archive phut: 1534
[2026-07-17 15:35:00] Mo archive moi: D:\lehuynhthuan\Cam\bida_ai_system\archive\ban1_1535.mp4
[2026-07-17 15:35:17] Loi: Khong the doc tu camera
[2026-07-17 15:35:22] --- Bat dau khoi dong AI stream ---
[2026-07-17 15:35:42] Loi: Khong the doc tu camera
[2026-07-17 15:35:47] --- Bat dau khoi dong AI stream ---
[2026-07-17 15:36:00] Da dong archive phut: 1535
[2026-07-17 15:36:00] Mo archive moi: D:\lehuynhthuan\Cam\bida_ai_system\archive\ban1_1536.mp4
[2026-07-17 15:36:07] Loi: Khong the doc tu camera
[2026-07-17 15:36:12] --- Bat dau khoi dong AI stream ---
[2026-07-17 15:36:14] Phat hien chuyen dong cam Menu (So pixel mau: 217)
[2026-07-17 15:36:14] Phat hien chuyen dong cam Menu (So pixel mau: 373)
[2026-07-17 15:36:33] Loi: Khong the doc tu camera
[2026-07-17 15:36:37] --- Bat dau khoi dong AI stream ---
[2026-07-17 15:36:40] Phat hien chuyen dong cam Menu (So pixel mau: 188)
[2026-07-17 15:36:40] Phat hien chuyen dong cam Menu (So pixel mau: 373)
[2026-07-17 15:36:57] Loi: Khong the doc tu camera
[2026-07-17 15:37:00] Da dong archive phut: 1536
[2026-07-17 15:37:00] Mo archive moi: D:\lehuynhthuan\Cam\bida_ai_system\archive\ban1_1537.mp4
[2026-07-17 15:37:02] --- Bat dau khoi dong AI stream ---
[2026-07-17 15:37:22] Loi: Khong the doc tu camera
[2026-07-17 15:37:27] --- Bat dau khoi dong AI stream ---
[2026-07-17 15:37:47] Loi: Khong the doc tu camera
[2026-07-17 15:37:52] --- Bat dau khoi dong AI stream ---
[2026-07-17 15:38:00] Da dong archive phut: 1537
[2026-07-17 15:38:00] Mo archive moi: D:\lehuynhthuan\Cam\bida_ai_system\archive\ban1_1538.mp4
[2026-07-17 15:38:12] Loi: Khong the doc tu camera
[2026-07-17 15:38:17] --- Bat dau khoi dong AI stream ---
[2026-07-17 15:38:37] Loi: Khong the doc tu camera
[2026-07-17 15:38:43] --- Bat dau khoi dong AI stream ---
[2026-07-17 15:39:00] Da dong archive phut: 1538
[2026-07-17 15:39:00] Mo archive moi: D:\lehuynhthuan\Cam\bida_ai_system\archive\ban1_1539.mp4
[2026-07-17 15:39:02] Loi: Khong the doc tu camera
[2026-07-17 15:39:07] --- Bat dau khoi dong AI stream ---
[2026-07-17 15:39:29] Loi: Khong the doc tu camera
[2026-07-17 15:39:33] --- Bat dau khoi dong AI stream ---
[2026-07-17 15:40:00] Da dong archive phut: 1539
[2026-07-17 15:40:00] Mo archive moi: D:\lehuynhthuan\Cam\bida_ai_system\archive\ban1_1540.mp4
[2026-07-17 15:40:01] Loi: Khong the doc tu camera
[2026-07-17 15:40:03] --- Bat dau khoi dong AI stream ---
[2026-07-17 15:40:16] Phat hien chuyen dong cam Menu (So pixel mau: 875)
[2026-07-17 15:40:16] Phat hien chuyen dong cam Menu (So pixel mau: 989)
[2026-07-17 15:40:16] Phat hien chuyen dong cam Menu (So pixel mau: 541)
[2026-07-17 15:40:16] XAC NHAN: KHACH CAM MENU VAY TAY ORDER! (3 lan/4s)
[2026-07-17 15:40:26] Loi: Khong the doc tu camera
[2026-07-17 15:40:28] --- Bat dau khoi dong AI stream ---
[2026-07-17 15:40:50] Loi: Khong the doc tu camera
[2026-07-17 15:40:53] --- Bat dau khoi dong AI stream ---
[2026-07-17 15:40:57] Phat hien chuyen dong cam Menu (So pixel mau: 468)
[2026-07-17 15:40:57] Phat hien chuyen dong cam Menu (So pixel mau: 308)
[2026-07-17 15:40:57] Phat hien chuyen dong cam Menu (So pixel mau: 1108)
[2026-07-17 15:40:57] XAC NHAN: KHACH CAM MENU VAY TAY ORDER! (3 lan/4s)
[2026-07-17 15:40:57] Phat hien chuyen dong cam Menu (So pixel mau: 2560)
[2026-07-17 15:41:00] Da dong archive phut: 1540
[2026-07-17 15:41:00] Mo archive moi: D:\lehuynhthuan\Cam\bida_ai_system\archive\ban1_1541.mp4
[2026-07-17 15:41:00] Phat hien chuyen dong cam Menu (So pixel mau: 649)
[2026-07-17 15:41:00] Phat hien chuyen dong cam Menu (So pixel mau: 1226)
[2026-07-17 15:41:00] Phat hien chuyen dong cam Menu (So pixel mau: 342)
[2026-07-17 15:41:00] Phat hien chuyen dong cam Menu (So pixel mau: 250)
[2026-07-17 15:41:00] Phat hien chuyen dong cam Menu (So pixel mau: 686)
[2026-07-17 15:41:00] Phat hien chuyen dong cam Menu (So pixel mau: 195)
[2026-07-17 15:41:00] Phat hien chuyen dong cam Menu (So pixel mau: 276)
[2026-07-17 15:41:00] Phat hien chuyen dong cam Menu (So pixel mau: 1128)
[2026-07-17 15:41:01] Phat hien chuyen dong cam Menu (So pixel mau: 295)
[2026-07-17 15:41:01] Phat hien chuyen dong cam Menu (So pixel mau: 350)
[2026-07-17 15:41:01] Phat hien chuyen dong cam Menu (So pixel mau: 155)
[2026-07-17 15:41:01] Phat hien chuyen dong cam Menu (So pixel mau: 211)
[2026-07-17 15:41:01] Phat hien chuyen dong cam Menu (So pixel mau: 343)
[2026-07-17 15:41:01] Phat hien chuyen dong cam Menu (So pixel mau: 1306)
[2026-07-17 15:41:01] Phat hien chuyen dong cam Menu (So pixel mau: 1293)
[2026-07-17 15:41:01] Phat hien chuyen dong cam Menu (So pixel mau: 219)
[2026-07-17 15:41:01] Phat hien chuyen dong cam Menu (So pixel mau: 400)
[2026-07-17 15:41:01] Phat hien chuyen dong cam Menu (So pixel mau: 13807)
[2026-07-17 15:41:01] Phat hien chuyen dong cam Menu (So pixel mau: 6445)
[2026-07-17 15:41:01] Phat hien chuyen dong cam Menu (So pixel mau: 2335)
[2026-07-17 15:41:01] Phat hien chuyen dong cam Menu (So pixel mau: 797)
[2026-07-17 15:41:01] Phat hien chuyen dong cam Menu (So pixel mau: 1030)
[2026-07-17 15:41:01] Phat hien chuyen dong cam Menu (So pixel mau: 1234)
[2026-07-17 15:41:01] Phat hien chuyen dong cam Menu (So pixel mau: 2473)
[2026-07-17 15:41:01] Phat hien chuyen dong cam Menu (So pixel mau: 2394)
[2026-07-17 15:41:01] Phat hien chuyen dong cam Menu (So pixel mau: 1717)
[2026-07-17 15:41:01] Phat hien chuyen dong cam Menu (So pixel mau: 1544)
[2026-07-17 15:41:01] Phat hien chuyen dong cam Menu (So pixel mau: 3096)
[2026-07-17 15:41:02] Phat hien chuyen dong cam Menu (So pixel mau: 294)
[2026-07-17 15:41:02] Phat hien chuyen dong cam Menu (So pixel mau: 178)
[2026-07-17 15:41:02] Phat hien chuyen dong cam Menu (So pixel mau: 240)
[2026-07-17 15:41:02] Phat hien chuyen dong cam Menu (So pixel mau: 267)
[2026-07-17 15:41:02] Phat hien chuyen dong cam Menu (So pixel mau: 1290)
[2026-07-17 15:41:02] Phat hien chuyen dong cam Menu (So pixel mau: 4358)
[2026-07-17 15:41:02] Phat hien chuyen dong cam Menu (So pixel mau: 6130)
[2026-07-17 15:41:02] Phat hien chuyen dong cam Menu (So pixel mau: 9951)
[2026-07-17 15:41:02] Phat hien chuyen dong cam Menu (So pixel mau: 2167)
[2026-07-17 15:41:02] Phat hien chuyen dong cam Menu (So pixel mau: 5516)
[2026-07-17 15:41:02] Phat hien chuyen dong cam Menu (So pixel mau: 7536)
[2026-07-17 15:41:02] Phat hien chuyen dong cam Menu (So pixel mau: 6630)
[2026-07-17 15:41:02] Phat hien chuyen dong cam Menu (So pixel mau: 5823)
[2026-07-17 15:41:02] Phat hien chuyen dong cam Menu (So pixel mau: 8917)
[2026-07-17 15:41:02] Phat hien chuyen dong cam Menu (So pixel mau: 9529)
[2026-07-17 15:41:03] Phat hien chuyen dong cam Menu (So pixel mau: 6293)
[2026-07-17 15:41:03] Phat hien chuyen dong cam Menu (So pixel mau: 5238)
[2026-07-17 15:41:03] Phat hien chuyen dong cam Menu (So pixel mau: 5928)
[2026-07-17 15:41:03] Phat hien chuyen dong cam Menu (So pixel mau: 6554)
[2026-07-17 15:41:03] Phat hien chuyen dong cam Menu (So pixel mau: 4306)
[2026-07-17 15:41:03] Phat hien chuyen dong cam Menu (So pixel mau: 1267)
[2026-07-17 15:41:03] Phat hien chuyen dong cam Menu (So pixel mau: 5194)
[2026-07-17 15:41:08] Phat hien chuyen dong cam Menu (So pixel mau: 254)
[2026-07-17 15:41:08] Phat hien chuyen dong cam Menu (So pixel mau: 348)
[2026-07-17 15:41:08] Phat hien chuyen dong cam Menu (So pixel mau: 730)
[2026-07-17 15:41:08] Phat hien chuyen dong cam Menu (So pixel mau: 300)
[2026-07-17 15:41:08] Phat hien chuyen dong cam Menu (So pixel mau: 539)
[2026-07-17 15:41:08] Phat hien chuyen dong cam Menu (So pixel mau: 1319)
[2026-07-17 15:41:08] Phat hien chuyen dong cam Menu (So pixel mau: 1001)
[2026-07-17 15:41:08] Phat hien chuyen dong cam Menu (So pixel mau: 2554)
[2026-07-17 15:41:08] Phat hien chuyen dong cam Menu (So pixel mau: 674)
[2026-07-17 15:41:08] Phat hien chuyen dong cam Menu (So pixel mau: 5959)
[2026-07-17 15:41:08] Phat hien chuyen dong cam Menu (So pixel mau: 4194)
[2026-07-17 15:41:08] Phat hien chuyen dong cam Menu (So pixel mau: 6673)
[2026-07-17 15:41:09] Phat hien chuyen dong cam Menu (So pixel mau: 2212)
[2026-07-17 15:41:09] Phat hien chuyen dong cam Menu (So pixel mau: 13850)
[2026-07-17 15:41:09] Phat hien chuyen dong cam Menu (So pixel mau: 1588)
[2026-07-17 15:41:09] Phat hien chuyen dong cam Menu (So pixel mau: 212)
[2026-07-17 15:41:09] Phat hien chuyen dong cam Menu (So pixel mau: 182)
[2026-07-17 15:41:09] Phat hien chuyen dong cam Menu (So pixel mau: 254)
[2026-07-17 15:41:09] Phat hien chuyen dong cam Menu (So pixel mau: 211)
[2026-07-17 15:41:09] Phat hien chuyen dong cam Menu (So pixel mau: 556)
[2026-07-17 15:41:09] Phat hien chuyen dong cam Menu (So pixel mau: 247)
[2026-07-17 15:41:09] Phat hien chuyen dong cam Menu (So pixel mau: 191)
[2026-07-17 15:41:10] Phat hien chuyen dong cam Menu (So pixel mau: 2329)
[2026-07-17 15:41:10] Phat hien chuyen dong cam Menu (So pixel mau: 454)
[2026-07-17 15:41:13] Loi: Khong the doc tu camera
[2026-07-17 15:41:17] --- Bat dau khoi dong AI stream ---
[2026-07-17 15:41:38] Loi: Khong the doc tu camera
[2026-07-17 15:41:43] --- Bat dau khoi dong AI stream ---
[2026-07-17 15:42:00] Da dong archive phut: 1541
[2026-07-17 15:42:00] Mo archive moi: D:\lehuynhthuan\Cam\bida_ai_system\archive\ban1_1542.mp4
[2026-07-17 15:42:08] Loi: Khong the doc tu camera
[2026-07-17 15:42:13] --- Bat dau khoi dong AI stream ---
[2026-07-17 15:42:36] Loi: Khong the doc tu camera
[2026-07-17 15:42:38] --- Bat dau khoi dong AI stream ---
[2026-07-17 15:42:59] Loi: Khong the doc tu camera
[2026-07-17 15:43:00] Da dong archive phut: 1542
[2026-07-17 15:43:00] Mo archive moi: D:\lehuynhthuan\Cam\bida_ai_system\archive\ban1_1543.mp4
[2026-07-17 15:43:03] --- Bat dau khoi dong AI stream ---
[2026-07-17 15:43:06] Phat hien chuyen dong cam Menu (So pixel mau: 531)
[2026-07-17 15:43:26] Loi: Khong the doc tu camera
[2026-07-17 15:43:28] --- Bat dau khoi dong AI stream ---
[2026-07-17 15:43:55] Loi: Khong the doc tu camera
[2026-07-17 15:43:58] --- Bat dau khoi dong AI stream ---
[2026-07-17 15:44:00] Da dong archive phut: 1543
[2026-07-17 15:44:00] Mo archive moi: D:\lehuynhthuan\Cam\bida_ai_system\archive\ban1_1544.mp4
[2026-07-17 15:44:22] Loi: Khong the doc tu camera
[2026-07-17 15:44:28] --- Bat dau khoi dong AI stream ---
[2026-07-17 15:44:54] Loi: Khong the doc tu camera
[2026-07-17 15:44:58] --- Bat dau khoi dong AI stream ---
[2026-07-17 15:45:00] Da dong archive phut: 1544
[2026-07-17 15:45:00] Mo archive moi: D:\lehuynhthuan\Cam\bida_ai_system\archive\ban1_1545.mp4
[2026-07-17 15:45:24] Loi: Khong the doc tu camera
[2026-07-17 15:45:28] --- Bat dau khoi dong AI stream ---
[2026-07-17 15:45:54] Loi: Khong the doc tu camera
[2026-07-17 15:45:58] --- Bat dau khoi dong AI stream ---
[2026-07-17 15:46:00] Da dong archive phut: 1545
[2026-07-17 15:46:00] Mo archive moi: D:\lehuynhthuan\Cam\bida_ai_system\archive\ban1_1546.mp4
[2026-07-17 15:46:23] Loi: Khong the doc tu camera
[2026-07-17 15:46:28] --- Bat dau khoi dong AI stream ---
[2026-07-17 15:46:51] Loi: Khong the doc tu camera
[2026-07-17 15:46:53] --- Bat dau khoi dong AI stream ---
[2026-07-17 15:47:00] Da dong archive phut: 1546
[2026-07-17 15:47:00] Mo archive moi: D:\lehuynhthuan\Cam\bida_ai_system\archive\ban1_1547.mp4
[2026-07-17 15:47:19] Loi: Khong the doc tu camera
[2026-07-17 15:47:23] --- Bat dau khoi dong AI stream ---
[2026-07-17 15:47:51] Loi: Khong the doc tu camera
[2026-07-17 15:47:58] --- Bat dau khoi dong AI stream ---
[2026-07-17 15:48:00] Da dong archive phut: 1547
[2026-07-17 15:48:00] Mo archive moi: D:\lehuynhthuan\Cam\bida_ai_system\archive\ban1_1548.mp4
[2026-07-17 15:48:25] Loi: Khong the doc tu camera
[2026-07-17 15:48:28] --- Bat dau khoi dong AI stream ---
[2026-07-17 15:48:55] Loi: Khong the doc tu camera
[2026-07-17 15:48:58] --- Bat dau khoi dong AI stream ---
[2026-07-17 15:49:00] Da dong archive phut: 1548
[2026-07-17 15:49:00] Mo archive moi: D:\lehuynhthuan\Cam\bida_ai_system\archive\ban1_1549.mp4
[2026-07-17 15:49:20] Loi: Khong the doc tu camera
[2026-07-17 15:49:23] --- Bat dau khoi dong AI stream ---
[2026-07-17 15:49:45] Loi: Khong the doc tu camera
[2026-07-17 15:49:48] --- Bat dau khoi dong AI stream ---
[2026-07-17 15:50:00] Da dong archive phut: 1549
[2026-07-17 15:50:00] Mo archive moi: D:\lehuynhthuan\Cam\bida_ai_system\archive\ban1_1550.mp4
[2026-07-17 15:50:01] Phat hien chuyen dong cam Menu (So pixel mau: 2209)
[2026-07-17 15:50:01] Phat hien chuyen dong cam Menu (So pixel mau: 2338)
[2026-07-17 15:50:01] Phat hien chuyen dong cam Menu (So pixel mau: 1418)
[2026-07-17 15:50:01] XAC NHAN: KHACH CAM MENU VAY TAY ORDER! (3 lan/4s)
[2026-07-17 15:50:01] Phat hien chuyen dong cam Menu (So pixel mau: 3834)
[2026-07-17 15:50:01] Phat hien chuyen dong cam Menu (So pixel mau: 3509)
[2026-07-17 15:50:01] Phat hien chuyen dong cam Menu (So pixel mau: 15514)
[2026-07-17 15:50:01] Phat hien chuyen dong cam Menu (So pixel mau: 2419)
[2026-07-17 15:50:01] Phat hien chuyen dong cam Menu (So pixel mau: 3679)
[2026-07-17 15:50:01] Phat hien chuyen dong cam Menu (So pixel mau: 4348)
[2026-07-17 15:50:01] Phat hien chuyen dong cam Menu (So pixel mau: 8255)
[2026-07-17 15:50:01] Phat hien chuyen dong cam Menu (So pixel mau: 8294)
[2026-07-17 15:50:01] Phat hien chuyen dong cam Menu (So pixel mau: 7354)
[2026-07-17 15:50:01] Phat hien chuyen dong cam Menu (So pixel mau: 431)
[2026-07-17 15:50:01] Phat hien chuyen dong cam Menu (So pixel mau: 454)
[2026-07-17 15:50:01] Phat hien chuyen dong cam Menu (So pixel mau: 13667)
[2026-07-17 15:50:01] Phat hien chuyen dong cam Menu (So pixel mau: 3933)
[2026-07-17 15:50:01] Phat hien chuyen dong cam Menu (So pixel mau: 11773)
[2026-07-17 15:50:11] Loi: Khong the doc tu camera
[2026-07-17 15:50:13] --- Bat dau khoi dong AI stream ---
[2026-07-17 15:50:39] Loi: Khong the doc tu camera
[2026-07-17 15:50:43] --- Bat dau khoi dong AI stream ---
[2026-07-17 15:51:00] Da dong archive phut: 1550
[2026-07-17 15:51:00] Mo archive moi: D:\lehuynhthuan\Cam\bida_ai_system\archive\ban1_1551.mp4
[2026-07-17 15:51:11] Loi: Khong the doc tu camera
[2026-07-17 15:51:11] Phat hien chuyen dong cam Menu (So pixel mau: 527)
[2026-07-17 15:51:14] --- Bat dau khoi dong AI stream ---
[2026-07-17 15:51:38] Loi: Khong the doc tu camera
[2026-07-17 15:51:43] --- Bat dau khoi dong AI stream ---
[2026-07-17 15:52:00] Da dong archive phut: 1551
[2026-07-17 15:52:00] Mo archive moi: D:\lehuynhthuan\Cam\bida_ai_system\archive\ban1_1552.mp4
[2026-07-17 15:52:10] Loi: Khong the doc tu camera
[2026-07-17 15:52:13] --- Bat dau khoi dong AI stream ---
[2026-07-17 15:52:16] Phat hien chuyen dong cam Menu (So pixel mau: 541)
[2026-07-17 15:52:35] Loi: Khong the doc tu camera
[2026-07-17 15:52:38] --- Bat dau khoi dong AI stream ---
[2026-07-17 15:52:52] Phat hien chuyen dong cam Menu (So pixel mau: 225)
[2026-07-17 15:52:52] Phat hien chuyen dong cam Menu (So pixel mau: 277)
[2026-07-17 15:52:52] Phat hien chuyen dong cam Menu (So pixel mau: 661)
[2026-07-17 15:52:52] XAC NHAN: KHACH CAM MENU VAY TAY ORDER! (3 lan/4s)
[2026-07-17 15:52:52] Phat hien chuyen dong cam Menu (So pixel mau: 810)
[2026-07-17 15:52:52] Phat hien chuyen dong cam Menu (So pixel mau: 333)
[2026-07-17 15:52:52] Phat hien chuyen dong cam Menu (So pixel mau: 969)
[2026-07-17 15:52:52] Phat hien chuyen dong cam Menu (So pixel mau: 1361)
[2026-07-17 15:52:59] Loi: Khong the doc tu camera
[2026-07-17 15:53:00] Da dong archive phut: 1552
[2026-07-17 15:53:00] Mo archive moi: D:\lehuynhthuan\Cam\bida_ai_system\archive\ban1_1553.mp4
[2026-07-17 15:53:03] --- Bat dau khoi dong AI stream ---
[2026-07-17 15:53:27] Loi: Khong the doc tu camera
[2026-07-17 15:53:33] --- Bat dau khoi dong AI stream ---
[2026-07-17 15:53:44] Phat hien chuyen dong cam Menu (So pixel mau: 889)
[2026-07-17 15:53:44] Phat hien chuyen dong cam Menu (So pixel mau: 1248)
[2026-07-17 15:53:44] Phat hien chuyen dong cam Menu (So pixel mau: 438)
[2026-07-17 15:53:44] XAC NHAN: KHACH CAM MENU VAY TAY ORDER! (3 lan/4s)
[2026-07-17 15:53:51] Phat hien chuyen dong cam Menu (So pixel mau: 209)
[2026-07-17 15:53:51] Phat hien chuyen dong cam Menu (So pixel mau: 170)
[2026-07-17 15:53:51] Phat hien chuyen dong cam Menu (So pixel mau: 184)
[2026-07-17 15:53:51] Phat hien chuyen dong cam Menu (So pixel mau: 259)
[2026-07-17 15:53:51] Phat hien chuyen dong cam Menu (So pixel mau: 168)
[2026-07-17 15:53:51] Phat hien chuyen dong cam Menu (So pixel mau: 1783)
[2026-07-17 15:53:51] Phat hien chuyen dong cam Menu (So pixel mau: 2417)
[2026-07-17 15:53:51] Phat hien chuyen dong cam Menu (So pixel mau: 11401)
[2026-07-17 15:53:51] Phat hien chuyen dong cam Menu (So pixel mau: 3097)
[2026-07-17 15:53:51] Phat hien chuyen dong cam Menu (So pixel mau: 5128)
[2026-07-17 15:53:51] Phat hien chuyen dong cam Menu (So pixel mau: 3139)
[2026-07-17 15:53:51] Phat hien chuyen dong cam Menu (So pixel mau: 1907)
[2026-07-17 15:53:51] Phat hien chuyen dong cam Menu (So pixel mau: 393)
[2026-07-17 15:53:51] Phat hien chuyen dong cam Menu (So pixel mau: 1030)
[2026-07-17 15:53:51] Phat hien chuyen dong cam Menu (So pixel mau: 870)
[2026-07-17 15:53:51] Phat hien chuyen dong cam Menu (So pixel mau: 1002)
[2026-07-17 15:53:51] Phat hien chuyen dong cam Menu (So pixel mau: 896)
[2026-07-17 15:53:51] Phat hien chuyen dong cam Menu (So pixel mau: 900)
[2026-07-17 15:53:51] Phat hien chuyen dong cam Menu (So pixel mau: 344)
[2026-07-17 15:53:51] Phat hien chuyen dong cam Menu (So pixel mau: 1392)
[2026-07-17 15:53:52] Phat hien chuyen dong cam Menu (So pixel mau: 1039)
[2026-07-17 15:53:52] Phat hien chuyen dong cam Menu (So pixel mau: 584)
[2026-07-17 15:53:52] Phat hien chuyen dong cam Menu (So pixel mau: 4590)
[2026-07-17 15:53:52] Phat hien chuyen dong cam Menu (So pixel mau: 3667)
[2026-07-17 15:53:52] Phat hien chuyen dong cam Menu (So pixel mau: 1013)
[2026-07-17 15:53:52] Phat hien chuyen dong cam Menu (So pixel mau: 605)
[2026-07-17 15:53:52] Phat hien chuyen dong cam Menu (So pixel mau: 1017)
[2026-07-17 15:53:52] Phat hien chuyen dong cam Menu (So pixel mau: 3425)
[2026-07-17 15:53:52] Phat hien chuyen dong cam Menu (So pixel mau: 623)
[2026-07-17 15:53:52] Phat hien chuyen dong cam Menu (So pixel mau: 198)
[2026-07-17 15:53:52] Phat hien chuyen dong cam Menu (So pixel mau: 213)
[2026-07-17 15:53:52] Phat hien chuyen dong cam Menu (So pixel mau: 3879)
[2026-07-17 15:53:52] Phat hien chuyen dong cam Menu (So pixel mau: 345)
[2026-07-17 15:53:58] Loi: Khong the doc tu camera
[2026-07-17 15:54:00] Da dong archive phut: 1553
[2026-07-17 15:54:00] Mo archive moi: D:\lehuynhthuan\Cam\bida_ai_system\archive\ban1_1554.mp4
[2026-07-17 15:54:03] --- Bat dau khoi dong AI stream ---
[2026-07-17 15:54:27] Loi: Khong the doc tu camera
[2026-07-17 15:54:28] --- Bat dau khoi dong AI stream ---
[2026-07-17 15:54:52] Loi: Khong the doc tu camera
[2026-07-17 15:54:58] --- Bat dau khoi dong AI stream ---
[2026-07-17 15:55:00] Da dong archive phut: 1554
[2026-07-17 15:55:00] Mo archive moi: D:\lehuynhthuan\Cam\bida_ai_system\archive\ban1_1555.mp4
[2026-07-17 15:55:22] Loi: Khong the doc tu camera
[2026-07-17 15:55:23] --- Bat dau khoi dong AI stream ---
[2026-07-17 15:55:47] Loi: Khong the doc tu camera
[2026-07-17 15:55:48] --- Bat dau khoi dong AI stream ---
[2026-07-17 15:55:50] Phat hien chuyen dong cam Menu (So pixel mau: 455)
[2026-07-17 15:55:50] Phat hien chuyen dong cam Menu (So pixel mau: 1078)
[2026-07-17 15:55:50] Phat hien chuyen dong cam Menu (So pixel mau: 1178)
[2026-07-17 15:55:50] XAC NHAN: KHACH CAM MENU VAY TAY ORDER! (3 lan/4s)
[2026-07-17 15:55:50] Phat hien chuyen dong cam Menu (So pixel mau: 1380)
[2026-07-17 15:55:50] Phat hien chuyen dong cam Menu (So pixel mau: 1512)
[2026-07-17 15:55:50] Phat hien chuyen dong cam Menu (So pixel mau: 1264)
[2026-07-17 15:55:50] Phat hien chuyen dong cam Menu (So pixel mau: 899)
[2026-07-17 15:55:50] Phat hien chuyen dong cam Menu (So pixel mau: 376)
[2026-07-17 15:55:50] Phat hien chuyen dong cam Menu (So pixel mau: 275)
[2026-07-17 15:55:50] Phat hien chuyen dong cam Menu (So pixel mau: 469)
[2026-07-17 15:55:50] Phat hien chuyen dong cam Menu (So pixel mau: 209)
[2026-07-17 15:55:50] Phat hien chuyen dong cam Menu (So pixel mau: 364)
[2026-07-17 15:55:50] Phat hien chuyen dong cam Menu (So pixel mau: 451)
[2026-07-17 15:55:50] Phat hien chuyen dong cam Menu (So pixel mau: 447)
[2026-07-17 15:55:50] Phat hien chuyen dong cam Menu (So pixel mau: 559)
[2026-07-17 15:55:51] Phat hien chuyen dong cam Menu (So pixel mau: 182)
[2026-07-17 15:55:51] Phat hien chuyen dong cam Menu (So pixel mau: 222)
[2026-07-17 15:56:00] Da dong archive phut: 1555
[2026-07-17 15:56:00] Mo archive moi: D:\lehuynhthuan\Cam\bida_ai_system\archive\ban1_1556.mp4
[2026-07-17 15:56:12] Loi: Khong the doc tu camera
[2026-07-17 15:56:18] --- Bat dau khoi dong AI stream ---
[2026-07-17 15:56:41] Phat hien chuyen dong cam Menu (So pixel mau: 417)
[2026-07-17 15:56:41] Phat hien chuyen dong cam Menu (So pixel mau: 334)
[2026-07-17 15:56:42] Phat hien chuyen dong cam Menu (So pixel mau: 307)
[2026-07-17 15:56:42] XAC NHAN: KHACH CAM MENU VAY TAY ORDER! (3 lan/4s)
[2026-07-17 15:56:42] Loi: Khong the doc tu camera
[2026-07-17 15:56:48] --- Bat dau khoi dong AI stream ---
[2026-07-17 15:57:00] Da dong archive phut: 1556
[2026-07-17 15:57:00] Mo archive moi: D:\lehuynhthuan\Cam\bida_ai_system\archive\ban1_1557.mp4
[2026-07-17 15:57:07] Loi: Khong the doc tu camera
[2026-07-17 15:57:13] --- Bat dau khoi dong AI stream ---
[2026-07-17 15:57:20] Phat hien chuyen dong cam Menu (So pixel mau: 508)
[2026-07-17 15:57:20] Phat hien chuyen dong cam Menu (So pixel mau: 485)
[2026-07-17 15:57:21] Phat hien chuyen dong cam Menu (So pixel mau: 366)
[2026-07-17 15:57:21] XAC NHAN: KHACH CAM MENU VAY TAY ORDER! (3 lan/4s)
[2026-07-17 15:57:33] Loi: Khong the doc tu camera
[2026-07-17 15:57:38] --- Bat dau khoi dong AI stream ---
[2026-07-17 15:57:57] Loi: Khong the doc tu camera
[2026-07-17 15:58:00] Da dong archive phut: 1557
[2026-07-17 15:58:00] Mo archive moi: D:\lehuynhthuan\Cam\bida_ai_system\archive\ban1_1558.mp4
[2026-07-17 15:58:03] --- Bat dau khoi dong AI stream ---
[2026-07-17 15:58:27] Loi: Khong the doc tu camera
[2026-07-17 15:58:28] --- Bat dau khoi dong AI stream ---
[2026-07-17 15:58:51] Loi: Khong the doc tu camera
[2026-07-17 15:58:53] --- Bat dau khoi dong AI stream ---
[2026-07-17 15:59:00] Da dong archive phut: 1558
[2026-07-17 15:59:00] Mo archive moi: D:\lehuynhthuan\Cam\bida_ai_system\archive\ban1_1559.mp4
[2026-07-17 15:59:15] Loi: Khong the doc tu camera
[2026-07-17 15:59:18] --- Bat dau khoi dong AI stream ---
[2026-07-17 15:59:41] Loi: Khong the doc tu camera
[2026-07-17 15:59:43] --- Bat dau khoi dong AI stream ---
[2026-07-17 16:00:00] Da dong archive phut: 1559
[2026-07-17 16:00:00] Mo archive moi: D:\lehuynhthuan\Cam\bida_ai_system\archive\ban1_1600.mp4
[2026-07-17 16:00:00] Da xoa archive cu: ban1_1530.mp4
[2026-07-17 16:00:07] Loi: Khong the doc tu camera
[2026-07-17 16:00:13] --- Bat dau khoi dong AI stream ---
[2026-07-17 16:00:37] Loi: Khong the doc tu camera
[2026-07-17 16:00:38] --- Bat dau khoi dong AI stream ---
[2026-07-17 16:01:00] Da dong archive phut: 1600
[2026-07-17 16:01:00] Mo archive moi: D:\lehuynhthuan\Cam\bida_ai_system\archive\ban1_1601.mp4
[2026-07-17 16:01:00] Da xoa archive cu: ban1_1531.mp4
[2026-07-17 16:01:03] Loi: Khong the doc tu camera
[2026-07-17 16:01:08] --- Bat dau khoi dong AI stream ---
[2026-07-17 16:01:32] Loi: Khong the doc tu camera
[2026-07-17 16:01:33] --- Bat dau khoi dong AI stream ---
[2026-07-17 16:01:55] Loi: Khong the doc tu camera
[2026-07-17 16:01:58] --- Bat dau khoi dong AI stream ---
[2026-07-17 16:02:00] Da dong archive phut: 1601
[2026-07-17 16:02:00] Mo archive moi: D:\lehuynhthuan\Cam\bida_ai_system\archive\ban1_1602.mp4
[2026-07-17 16:02:00] Da xoa archive cu: ban1_1532.mp4
[2026-07-17 16:02:21] Loi: Khong the doc tu camera
[2026-07-17 16:02:23] --- Bat dau khoi dong AI stream ---
[2026-07-17 16:02:44] Loi: Khong the doc tu camera
[2026-07-17 16:02:48] --- Bat dau khoi dong AI stream ---
[2026-07-17 16:03:00] Da dong archive phut: 1602
[2026-07-17 16:03:00] Mo archive moi: D:\lehuynhthuan\Cam\bida_ai_system\archive\ban1_1603.mp4
[2026-07-17 16:03:00] Da xoa archive cu: ban1_1533.mp4
[2026-07-17 16:03:13] Loi: Khong the doc tu camera
[2026-07-17 16:03:18] --- Bat dau khoi dong AI stream ---
[2026-07-17 16:03:42] Loi: Khong the doc tu camera
[2026-07-17 16:03:48] --- Bat dau khoi dong AI stream ---
[2026-07-17 16:04:00] Da dong archive phut: 1603
[2026-07-17 16:04:00] Mo archive moi: D:\lehuynhthuan\Cam\bida_ai_system\archive\ban1_1604.mp4
[2026-07-17 16:04:00] Da xoa archive cu: ban1_1534.mp4
[2026-07-17 16:04:11] Loi: Khong the doc tu camera
[2026-07-17 16:04:13] --- Bat dau khoi dong AI stream ---
[2026-07-17 16:04:35] Loi: Khong the doc tu camera
[2026-07-17 16:04:38] --- Bat dau khoi dong AI stream ---
[2026-07-17 16:04:58] Loi: Khong the doc tu camera
[2026-07-17 16:05:00] Da dong archive phut: 1604
[2026-07-17 16:05:00] Mo archive moi: D:\lehuynhthuan\Cam\bida_ai_system\archive\ban1_1605.mp4
[2026-07-17 16:05:00] Da xoa archive cu: ban1_1535.mp4
[2026-07-17 16:05:03] --- Bat dau khoi dong AI stream ---
[2026-07-17 16:05:23] Loi: Khong the doc tu camera
[2026-07-17 16:05:28] --- Bat dau khoi dong AI stream ---
[2026-07-17 16:05:47] Loi: Khong the doc tu camera
[2026-07-17 16:05:53] --- Bat dau khoi dong AI stream ---
[2026-07-17 16:06:00] Da dong archive phut: 1605
[2026-07-17 16:06:00] Mo archive moi: D:\lehuynhthuan\Cam\bida_ai_system\archive\ban1_1606.mp4
[2026-07-17 16:06:00] Da xoa archive cu: ban1_1536.mp4
[2026-07-17 16:06:12] Loi: Khong the doc tu camera
[2026-07-17 16:06:18] --- Bat dau khoi dong AI stream ---
[2026-07-17 16:06:38] Loi: Khong the doc tu camera
[2026-07-17 16:06:43] --- Bat dau khoi dong AI stream ---
[2026-07-17 16:06:59] Phat hien chuyen dong cam Menu (So pixel mau: 223)
[2026-07-17 16:06:59] Phat hien chuyen dong cam Menu (So pixel mau: 390)
[2026-07-17 16:06:59] Phat hien chuyen dong cam Menu (So pixel mau: 676)
[2026-07-17 16:06:59] XAC NHAN: KHACH CAM MENU VAY TAY ORDER! (3 lan/4s)
[2026-07-17 16:06:59] Phat hien chuyen dong cam Menu (So pixel mau: 705)
[2026-07-17 16:06:59] Phat hien chuyen dong cam Menu (So pixel mau: 491)
[2026-07-17 16:07:00] Da dong archive phut: 1606
[2026-07-17 16:07:00] Mo archive moi: D:\lehuynhthuan\Cam\bida_ai_system\archive\ban1_1607.mp4
[2026-07-17 16:07:00] Da xoa archive cu: ban1_1537.mp4
[2026-07-17 16:07:00] Phat hien chuyen dong cam Menu (So pixel mau: 509)
[2026-07-17 16:07:00] Phat hien chuyen dong cam Menu (So pixel mau: 901)
[2026-07-17 16:07:02] Loi: Khong the doc tu camera
[2026-07-17 16:07:08] --- Bat dau khoi dong AI stream ---
[2026-07-17 16:07:27] Loi: Khong the doc tu camera
[2026-07-17 16:07:28] --- Bat dau khoi dong AI stream ---
[2026-07-17 16:07:48] Loi: Khong the doc tu camera
[2026-07-17 16:07:53] --- Bat dau khoi dong AI stream ---
[2026-07-17 16:08:00] Da dong archive phut: 1607
[2026-07-17 16:08:00] Mo archive moi: D:\lehuynhthuan\Cam\bida_ai_system\archive\ban1_1608.mp4
[2026-07-17 16:08:00] Da xoa archive cu: ban1_1538.mp4
[2026-07-17 16:08:12] Loi: Khong the doc tu camera
[2026-07-17 16:08:18] --- Bat dau khoi dong AI stream ---
[2026-07-17 16:08:22] Phat hien chuyen dong cam Menu (So pixel mau: 225)
[2026-07-17 16:08:22] Phat hien chuyen dong cam Menu (So pixel mau: 299)
[2026-07-17 16:08:22] Phat hien chuyen dong cam Menu (So pixel mau: 1176)
[2026-07-17 16:08:22] XAC NHAN: KHACH CAM MENU VAY TAY ORDER! (3 lan/4s)
[2026-07-17 16:08:22] Phat hien chuyen dong cam Menu (So pixel mau: 2673)
[2026-07-17 16:08:22] Phat hien chuyen dong cam Menu (So pixel mau: 257)
[2026-07-17 16:08:22] Phat hien chuyen dong cam Menu (So pixel mau: 1052)
[2026-07-17 16:08:22] Phat hien chuyen dong cam Menu (So pixel mau: 1845)
[2026-07-17 16:08:22] Phat hien chuyen dong cam Menu (So pixel mau: 350)
[2026-07-17 16:08:23] Phat hien chuyen dong cam Menu (So pixel mau: 608)
[2026-07-17 16:08:23] Phat hien chuyen dong cam Menu (So pixel mau: 711)
[2026-07-17 16:08:23] Phat hien chuyen dong cam Menu (So pixel mau: 493)
[2026-07-17 16:08:23] Phat hien chuyen dong cam Menu (So pixel mau: 535)
[2026-07-17 16:08:23] Phat hien chuyen dong cam Menu (So pixel mau: 351)
[2026-07-17 16:08:23] Phat hien chuyen dong cam Menu (So pixel mau: 275)
[2026-07-17 16:08:25] Phat hien chuyen dong cam Menu (So pixel mau: 476)
[2026-07-17 16:08:25] Phat hien chuyen dong cam Menu (So pixel mau: 3738)
[2026-07-17 16:08:25] Phat hien chuyen dong cam Menu (So pixel mau: 3234)
[2026-07-17 16:08:25] Phat hien chuyen dong cam Menu (So pixel mau: 151)
[2026-07-17 16:08:25] Phat hien chuyen dong cam Menu (So pixel mau: 1727)
[2026-07-17 16:08:25] Phat hien chuyen dong cam Menu (So pixel mau: 1784)
[2026-07-17 16:08:25] Phat hien chuyen dong cam Menu (So pixel mau: 3628)
[2026-07-17 16:08:26] Phat hien chuyen dong cam Menu (So pixel mau: 335)
[2026-07-17 16:08:38] Loi: Khong the doc tu camera
[2026-07-17 16:08:43] --- Bat dau khoi dong AI stream ---
[2026-07-17 16:09:00] Da dong archive phut: 1608
[2026-07-17 16:09:00] Mo archive moi: D:\lehuynhthuan\Cam\bida_ai_system\archive\ban1_1609.mp4
[2026-07-17 16:09:00] Da xoa archive cu: ban1_1539.mp4
[2026-07-17 16:09:04] Phat hien chuyen dong cam Menu (So pixel mau: 251)
[2026-07-17 16:09:04] Phat hien chuyen dong cam Menu (So pixel mau: 271)
[2026-07-17 16:09:06] Phat hien chuyen dong cam Menu (So pixel mau: 161)
[2026-07-17 16:09:06] XAC NHAN: KHACH CAM MENU VAY TAY ORDER! (3 lan/4s)
[2026-07-17 16:09:06] Phat hien chuyen dong cam Menu (So pixel mau: 534)
[2026-07-17 16:09:06] Phat hien chuyen dong cam Menu (So pixel mau: 177)
[2026-07-17 16:09:06] Phat hien chuyen dong cam Menu (So pixel mau: 293)
[2026-07-17 16:09:06] Phat hien chuyen dong cam Menu (So pixel mau: 214)
[2026-07-17 16:09:07] Phat hien chuyen dong cam Menu (So pixel mau: 347)
[2026-07-17 16:09:07] Phat hien chuyen dong cam Menu (So pixel mau: 307)
[2026-07-17 16:09:07] Phat hien chuyen dong cam Menu (So pixel mau: 306)
[2026-07-17 16:09:07] Phat hien chuyen dong cam Menu (So pixel mau: 302)
[2026-07-17 16:09:07] Phat hien chuyen dong cam Menu (So pixel mau: 161)
[2026-07-17 16:09:07] Phat hien chuyen dong cam Menu (So pixel mau: 236)
[2026-07-17 16:09:07] Phat hien chuyen dong cam Menu (So pixel mau: 237)
[2026-07-17 16:09:08] Loi: Khong the doc tu camera
[2026-07-17 16:09:13] --- Bat dau khoi dong AI stream ---
[2026-07-17 16:09:38] Loi: Khong the doc tu camera
[2026-07-17 16:09:43] --- Bat dau khoi dong AI stream ---
[2026-07-17 16:10:00] Da dong archive phut: 1609
[2026-07-17 16:10:00] Mo archive moi: D:\lehuynhthuan\Cam\bida_ai_system\archive\ban1_1610.mp4
[2026-07-17 16:10:00] Da xoa archive cu: ban1_1540.mp4
[2026-07-17 16:10:12] Loi: Khong the doc tu camera
[2026-07-17 16:10:13] --- Bat dau khoi dong AI stream ---
[2026-07-17 16:10:15] Phat hien chuyen dong cam Menu (So pixel mau: 193)
[2026-07-17 16:10:39] Loi: Khong the doc tu camera
[2026-07-17 16:10:43] --- Bat dau khoi dong AI stream ---
[2026-07-17 16:11:00] Da dong archive phut: 1610
[2026-07-17 16:11:00] Mo archive moi: D:\lehuynhthuan\Cam\bida_ai_system\archive\ban1_1611.mp4
[2026-07-17 16:11:00] Da xoa archive cu: ban1_1541.mp4
[2026-07-17 16:11:08] Loi: Khong the doc tu camera
[2026-07-17 16:11:13] --- Bat dau khoi dong AI stream ---
[2026-07-17 16:11:38] Loi: Khong the doc tu camera
[2026-07-17 16:11:43] --- Bat dau khoi dong AI stream ---
[2026-07-17 16:12:00] Da dong archive phut: 1611
[2026-07-17 16:12:00] Mo archive moi: D:\lehuynhthuan\Cam\bida_ai_system\archive\ban1_1612.mp4
[2026-07-17 16:12:00] Da xoa archive cu: ban1_1542.mp4
[2026-07-17 16:12:08] Loi: Khong the doc tu camera
[2026-07-17 16:12:13] --- Bat dau khoi dong AI stream ---
[2026-07-17 16:12:37] Loi: Khong the doc tu camera
[2026-07-17 16:12:38] --- Bat dau khoi dong AI stream ---
[2026-07-17 16:13:00] Da dong archive phut: 1612
[2026-07-17 16:13:00] Mo archive moi: D:\lehuynhthuan\Cam\bida_ai_system\archive\ban1_1613.mp4
[2026-07-17 16:13:00] Da xoa archive cu: ban1_1543.mp4
[2026-07-17 16:13:04] Loi: Khong the doc tu camera
[2026-07-17 16:13:08] --- Bat dau khoi dong AI stream ---
[2026-07-17 16:13:32] Loi: Khong the doc tu camera
[2026-07-17 16:13:38] --- Bat dau khoi dong AI stream ---
[2026-07-17 16:14:00] Da dong archive phut: 1613
[2026-07-17 16:14:00] Mo archive moi: D:\lehuynhthuan\Cam\bida_ai_system\archive\ban1_1614.mp4
[2026-07-17 16:14:00] Da xoa archive cu: ban1_1544.mp4
[2026-07-17 16:14:02] Loi: Khong the doc tu camera
[2026-07-17 16:14:03] --- Bat dau khoi dong AI stream ---
[2026-07-17 16:14:28] Loi: Khong the doc tu camera
[2026-07-17 16:14:33] --- Bat dau khoi dong AI stream ---
[2026-07-17 16:14:57] Loi: Khong the doc tu camera
[2026-07-17 16:15:00] Da dong archive phut: 1614
[2026-07-17 16:15:00] Mo archive moi: D:\lehuynhthuan\Cam\bida_ai_system\archive\ban1_1615.mp4
[2026-07-17 16:15:00] Da xoa archive cu: ban1_1545.mp4
[2026-07-17 16:15:03] --- Bat dau khoi dong AI stream ---
[2026-07-17 16:15:27] Loi: Khong the doc tu camera
[2026-07-17 16:15:28] --- Bat dau khoi dong AI stream ---
[2026-07-17 16:15:52] Loi: Khong the doc tu camera
[2026-07-17 16:15:53] --- Bat dau khoi dong AI stream ---
[2026-07-17 16:16:00] Da dong archive phut: 1615
[2026-07-17 16:16:00] Mo archive moi: D:\lehuynhthuan\Cam\bida_ai_system\archive\ban1_1616.mp4
[2026-07-17 16:16:00] Da xoa archive cu: ban1_1546.mp4
[2026-07-17 16:16:17] Loi: Khong the doc tu camera
[2026-07-17 16:16:18] --- Bat dau khoi dong AI stream ---
[2026-07-17 16:16:42] Loi: Khong the doc tu camera
[2026-07-17 16:16:43] --- Bat dau khoi dong AI stream ---
[2026-07-17 16:16:53] Phat hien chuyen dong cam Menu (So pixel mau: 292)
[2026-07-17 16:16:54] Phat hien chuyen dong cam Menu (So pixel mau: 346)
[2026-07-17 16:17:00] Da dong archive phut: 1616
[2026-07-17 16:17:00] Mo archive moi: D:\lehuynhthuan\Cam\bida_ai_system\archive\ban1_1617.mp4
[2026-07-17 16:17:00] Da xoa archive cu: ban1_1547.mp4
[2026-07-17 16:17:06] Loi: Khong the doc tu camera
[2026-07-17 16:17:08] --- Bat dau khoi dong AI stream ---
[2026-07-17 16:17:12] Phat hien chuyen dong cam Menu (So pixel mau: 599)
[2026-07-17 16:17:12] Phat hien chuyen dong cam Menu (So pixel mau: 473)
[2026-07-17 16:17:12] Phat hien chuyen dong cam Menu (So pixel mau: 610)
[2026-07-17 16:17:12] XAC NHAN: KHACH CAM MENU VAY TAY ORDER! (3 lan/4s)
[2026-07-17 16:17:27] Loi: Khong the doc tu camera
[2026-07-17 16:17:28] Phat hien chuyen dong cam Menu (So pixel mau: 8607)
[2026-07-17 16:17:33] --- Bat dau khoi dong AI stream ---
[2026-07-17 16:17:44] Phat hien chuyen dong cam Menu (So pixel mau: 1086)
[2026-07-17 16:17:45] Phat hien chuyen dong cam Menu (So pixel mau: 2275)
[2026-07-17 16:17:45] Phat hien chuyen dong cam Menu (So pixel mau: 4305)
[2026-07-17 16:17:45] XAC NHAN: KHACH CAM MENU VAY TAY ORDER! (3 lan/4s)
[2026-07-17 16:17:45] Phat hien chuyen dong cam Menu (So pixel mau: 3436)
[2026-07-17 16:17:45] Phat hien chuyen dong cam Menu (So pixel mau: 7977)
[2026-07-17 16:17:45] Phat hien chuyen dong cam Menu (So pixel mau: 4671)
[2026-07-17 16:17:45] Phat hien chuyen dong cam Menu (So pixel mau: 1759)
[2026-07-17 16:17:52] Loi: Khong the doc tu camera
[2026-07-17 16:17:58] --- Bat dau khoi dong AI stream ---
[2026-07-17 16:17:59] Phat hien chuyen dong cam Menu (So pixel mau: 2066)
[2026-07-17 16:17:59] Phat hien chuyen dong cam Menu (So pixel mau: 1283)
[2026-07-17 16:18:00] Da dong archive phut: 1617
[2026-07-17 16:18:00] Mo archive moi: D:\lehuynhthuan\Cam\bida_ai_system\archive\ban1_1618.mp4
[2026-07-17 16:18:00] Da xoa archive cu: ban1_1548.mp4
[2026-07-17 16:18:17] Loi: Khong the doc tu camera
[2026-07-17 16:18:23] --- Bat dau khoi dong AI stream ---
[2026-07-17 16:18:42] Loi: Khong the doc tu camera
[2026-07-17 16:18:43] --- Bat dau khoi dong AI stream ---
[2026-07-17 16:19:00] Da dong archive phut: 1618
[2026-07-17 16:19:00] Mo archive moi: D:\lehuynhthuan\Cam\bida_ai_system\archive\ban1_1619.mp4
[2026-07-17 16:19:00] Da xoa archive cu: ban1_1549.mp4
[2026-07-17 16:19:02] Loi: Khong the doc tu camera
[2026-07-17 16:19:03] --- Bat dau khoi dong AI stream ---
[2026-07-17 16:19:23] Loi: Khong the doc tu camera
[2026-07-17 16:19:28] --- Bat dau khoi dong AI stream ---
[2026-07-17 16:19:47] Loi: Khong the doc tu camera
[2026-07-17 16:19:53] --- Bat dau khoi dong AI stream ---
[2026-07-17 16:20:00] Da dong archive phut: 1619
[2026-07-17 16:20:00] Mo archive moi: D:\lehuynhthuan\Cam\bida_ai_system\archive\ban1_1620.mp4
[2026-07-17 16:20:00] Da xoa archive cu: ban1_1550.mp4
[2026-07-17 16:20:12] Loi: Khong the doc tu camera
[2026-07-17 16:20:13] --- Bat dau khoi dong AI stream ---
[2026-07-17 16:20:33] Loi: Khong the doc tu camera
[2026-07-17 16:20:38] --- Bat dau khoi dong AI stream ---
[2026-07-17 16:20:58] Loi: Khong the doc tu camera
[2026-07-17 16:21:00] Da dong archive phut: 1620
[2026-07-17 16:21:00] Mo archive moi: D:\lehuynhthuan\Cam\bida_ai_system\archive\ban1_1621.mp4
[2026-07-17 16:21:00] Da xoa archive cu: ban1_1551.mp4
[2026-07-17 16:21:03] --- Bat dau khoi dong AI stream ---
[2026-07-17 16:21:22] Loi: Khong the doc tu camera
[2026-07-17 16:21:23] --- Bat dau khoi dong AI stream ---
[2026-07-17 16:21:43] Loi: Khong the doc tu camera
[2026-07-17 16:21:48] --- Bat dau khoi dong AI stream ---
[2026-07-17 16:22:00] Da dong archive phut: 1621
[2026-07-17 16:22:00] Mo archive moi: D:\lehuynhthuan\Cam\bida_ai_system\archive\ban1_1622.mp4
[2026-07-17 16:22:00] Da xoa archive cu: ban1_1552.mp4
[2026-07-17 16:22:08] Webcam bat thanh cong. Size: 640x480
[2026-07-17 16:22:08] Mo archive moi: D:\lehuynhthuan\Cam\bida_ai_system\archive\ban1_1622.mp4
[2026-07-17 16:23:00] Da dong archive phut: 1622
[2026-07-17 16:23:00] Mo archive moi: D:\lehuynhthuan\Cam\bida_ai_system\archive\ban1_1623.mp4
[2026-07-17 16:23:00] Da xoa archive cu: ban1_1553.mp4
[2026-07-17 16:24:00] Da dong archive phut: 1623
[2026-07-17 16:24:00] Mo archive moi: D:\lehuynhthuan\Cam\bida_ai_system\archive\ban1_1624.mp4
[2026-07-17 16:24:00] Da xoa archive cu: ban1_1554.mp4
[2026-07-17 16:25:00] Da dong archive phut: 1624
[2026-07-17 16:25:00] Mo archive moi: D:\lehuynhthuan\Cam\bida_ai_system\archive\ban1_1625.mp4
[2026-07-17 16:25:00] Da xoa archive cu: ban1_1555.mp4
[2026-07-17 16:25:08] --- Bat dau khoi dong AI stream ---
[2026-07-17 16:26:00] Da dong archive phut: 1625
[2026-07-17 16:26:00] Mo archive moi: D:\lehuynhthuan\Cam\bida_ai_system\archive\ban1_1626.mp4
[2026-07-17 16:26:00] Da xoa archive cu: ban1_1556.mp4
[2026-07-17 16:27:00] Da dong archive phut: 1626
[2026-07-17 16:27:00] Mo archive moi: D:\lehuynhthuan\Cam\bida_ai_system\archive\ban1_1627.mp4
[2026-07-17 16:27:00] Da xoa archive cu: ban1_1557.mp4
[2026-07-17 16:27:59] Loi ghi live frame len Redis: Connection closed by server.
[2026-07-17 16:27:59] CRITICAL CRASH in worker: Connection closed by server.
Traceback (most recent call last):
  File "D:\lehuynhthuan\Cam\bida_ai_system\ai_workers\stream_processor.py", line 153, in process_camera_stream
    clip_request = redis_client.get(f"clip_request_{table_id}")
  File "C:\Users\ASUS\AppData\Roaming\Python\Python314\site-packages\redis\commands\core.py", line 1822, in get
    return self.execute_command("GET", name, keys=[name])
           ~~~~~~~~~~~~~~~~~~~~^^^^^^^^^^^^^^^^^^^^^^^^^^
  File "C:\Users\ASUS\AppData\Roaming\Python\Python314\site-packages\redis\client.py", line 605, in execute_command
    return self._execute_command(*args, **options)
           ~~~~~~~~~~~~~~~~~~~~~^^^^^^^^^^^^^^^^^^
  File "C:\Users\ASUS\AppData\Roaming\Python\Python314\site-packages\redis\client.py", line 611, in _execute_command
    conn = self.connection or pool.get_connection()
                              ~~~~~~~~~~~~~~~~~~~^^
  File "C:\Users\ASUS\AppData\Roaming\Python\Python314\site-packages\redis\utils.py", line 183, in wrapper
    return func(*args, **kwargs)
  File "C:\Users\ASUS\AppData\Roaming\Python\Python314\site-packages\redis\connection.py", line 1483, in get_connection
    connection.connect()
    ~~~~~~~~~~~~~~~~~~^^
  File "C:\Users\ASUS\AppData\Roaming\Python\Python314\site-packages\redis\connection.py", line 390, in connect
    self.on_connect()
    ~~~~~~~~~~~~~~~^^
  File "C:\Users\ASUS\AppData\Roaming\Python\Python314\site-packages\redis\connection.py", line 492, in on_connect
    self.read_response()
    ~~~~~~~~~~~~~~~~~~^^
  File "C:\Users\ASUS\AppData\Roaming\Python\Python314\site-packages\redis\connection.py", line 613, in read_response
    response = self._parser.read_response(disable_decoding=disable_decoding)
  File "C:\Users\ASUS\AppData\Roaming\Python\Python314\site-packages\redis\_parsers\resp2.py", line 15, in read_response
    result = self._read_response(disable_decoding=disable_decoding)
  File "C:\Users\ASUS\AppData\Roaming\Python\Python314\site-packages\redis\_parsers\resp2.py", line 25, in _read_response
    raw = self._buffer.readline()
  File "C:\Users\ASUS\AppData\Roaming\Python\Python314\site-packages\redis\_parsers\socket.py", line 115, in readline
    self._read_from_socket()
    ~~~~~~~~~~~~~~~~~~~~~~^^
  File "C:\Users\ASUS\AppData\Roaming\Python\Python314\site-packages\redis\_parsers\socket.py", line 68, in _read_from_socket
    raise ConnectionError(SERVER_CLOSED_CONNECTION_ERROR)
redis.exceptions.ConnectionError: Connection closed by server.

[2026-07-17 16:28:03] --- Bat dau khoi dong AI stream ---
[2026-07-17 16:28:24] Webcam bat thanh cong. Size: 640x480
[2026-07-17 16:28:24] Mo archive moi: D:\lehuynhthuan\Cam\bida_ai_system\archive\ban1_1628.mp4
[2026-07-17 16:28:24] Da xoa archive cu: ban1_1558.mp4
[2026-07-17 16:28:28] CRITICAL CRASH in worker: Error 10061 connecting to localhost:6379. No connection could be made because the target machine actively refused it.
Traceback (most recent call last):
  File "C:\Users\ASUS\AppData\Roaming\Python\Python314\site-packages\redis\connection.py", line 378, in connect
    sock = self.retry.call_with_retry(
        lambda: self._connect(), lambda error: self.disconnect(error)
    )
  File "C:\Users\ASUS\AppData\Roaming\Python\Python314\site-packages\redis\retry.py", line 62, in call_with_retry
    return do()
  File "C:\Users\ASUS\AppData\Roaming\Python\Python314\site-packages\redis\connection.py", line 379, in <lambda>
    lambda: self._connect(), lambda error: self.disconnect(error)
            ~~~~~~~~~~~~~^^
  File "C:\Users\ASUS\AppData\Roaming\Python\Python314\site-packages\redis\connection.py", line 764, in _connect
    raise err
  File "C:\Users\ASUS\AppData\Roaming\Python\Python314\site-packages\redis\connection.py", line 752, in _connect
    sock.connect(socket_address)
    ~~~~~~~~~~~~^^^^^^^^^^^^^^^^
ConnectionRefusedError: [WinError 10061] No connection could be made because the target machine actively refused it

During handling of the above exception, another exception occurred:

Traceback (most recent call last):
  File "D:\lehuynhthuan\Cam\bida_ai_system\ai_workers\stream_processor.py", line 153, in process_camera_stream
    clip_request = redis_client.get(f"clip_request_{table_id}")
  File "C:\Users\ASUS\AppData\Roaming\Python\Python314\site-packages\redis\commands\core.py", line 1822, in get
    return self.execute_command("GET", name, keys=[name])
           ~~~~~~~~~~~~~~~~~~~~^^^^^^^^^^^^^^^^^^^^^^^^^^
  File "C:\Users\ASUS\AppData\Roaming\Python\Python314\site-packages\redis\client.py", line 605, in execute_command
    return self._execute_command(*args, **options)
           ~~~~~~~~~~~~~~~~~~~~~^^^^^^^^^^^^^^^^^^
  File "C:\Users\ASUS\AppData\Roaming\Python\Python314\site-packages\redis\client.py", line 611, in _execute_command
    conn = self.connection or pool.get_connection()
                              ~~~~~~~~~~~~~~~~~~~^^
  File "C:\Users\ASUS\AppData\Roaming\Python\Python314\site-packages\redis\utils.py", line 183, in wrapper
    return func(*args, **kwargs)
  File "C:\Users\ASUS\AppData\Roaming\Python\Python314\site-packages\redis\connection.py", line 1483, in get_connection
    connection.connect()
    ~~~~~~~~~~~~~~~~~~^^
  File "C:\Users\ASUS\AppData\Roaming\Python\Python314\site-packages\redis\connection.py", line 384, in connect
    raise ConnectionError(self._error_message(e))
redis.exceptions.ConnectionError: Error 10061 connecting to localhost:6379. No connection could be made because the target machine actively refused it.

[2026-07-17 16:28:33] --- Bat dau khoi dong AI stream ---
[2026-07-17 16:28:54] Webcam bat thanh cong. Size: 640x480
[2026-07-17 16:28:54] Mo archive moi: D:\lehuynhthuan\Cam\bida_ai_system\archive\ban1_1628.mp4
[2026-07-17 16:28:58] CRITICAL CRASH in worker: Error 10061 connecting to localhost:6379. No connection could be made because the target machine actively refused it.
Traceback (most recent call last):
  File "C:\Users\ASUS\AppData\Roaming\Python\Python314\site-packages\redis\connection.py", line 378, in connect
    sock = self.retry.call_with_retry(
        lambda: self._connect(), lambda error: self.disconnect(error)
    )
  File "C:\Users\ASUS\AppData\Roaming\Python\Python314\site-packages\redis\retry.py", line 62, in call_with_retry
    return do()
  File "C:\Users\ASUS\AppData\Roaming\Python\Python314\site-packages\redis\connection.py", line 379, in <lambda>
    lambda: self._connect(), lambda error: self.disconnect(error)
            ~~~~~~~~~~~~~^^
  File "C:\Users\ASUS\AppData\Roaming\Python\Python314\site-packages\redis\connection.py", line 764, in _connect
    raise err
  File "C:\Users\ASUS\AppData\Roaming\Python\Python314\site-packages\redis\connection.py", line 752, in _connect
    sock.connect(socket_address)
    ~~~~~~~~~~~~^^^^^^^^^^^^^^^^
ConnectionRefusedError: [WinError 10061] No connection could be made because the target machine actively refused it

During handling of the above exception, another exception occurred:

Traceback (most recent call last):
  File "D:\lehuynhthuan\Cam\bida_ai_system\ai_workers\stream_processor.py", line 153, in process_camera_stream
    clip_request = redis_client.get(f"clip_request_{table_id}")
  File "C:\Users\ASUS\AppData\Roaming\Python\Python314\site-packages\redis\commands\core.py", line 1822, in get
    return self.execute_command("GET", name, keys=[name])
           ~~~~~~~~~~~~~~~~~~~~^^^^^^^^^^^^^^^^^^^^^^^^^^
  File "C:\Users\ASUS\AppData\Roaming\Python\Python314\site-packages\redis\client.py", line 605, in execute_command
    return self._execute_command(*args, **options)
           ~~~~~~~~~~~~~~~~~~~~~^^^^^^^^^^^^^^^^^^
  File "C:\Users\ASUS\AppData\Roaming\Python\Python314\site-packages\redis\client.py", line 611, in _execute_command
    conn = self.connection or pool.get_connection()
                              ~~~~~~~~~~~~~~~~~~~^^
  File "C:\Users\ASUS\AppData\Roaming\Python\Python314\site-packages\redis\utils.py", line 183, in wrapper
    return func(*args, **kwargs)
  File "C:\Users\ASUS\AppData\Roaming\Python\Python314\site-packages\redis\connection.py", line 1483, in get_connection
    connection.connect()
    ~~~~~~~~~~~~~~~~~~^^
  File "C:\Users\ASUS\AppData\Roaming\Python\Python314\site-packages\redis\connection.py", line 384, in connect
    raise ConnectionError(self._error_message(e))
redis.exceptions.ConnectionError: Error 10061 connecting to localhost:6379. No connection could be made because the target machine actively refused it.

[2026-07-17 16:29:03] --- Bat dau khoi dong AI stream ---
[2026-07-17 16:29:23] Webcam bat thanh cong. Size: 640x480
[2026-07-17 16:29:23] Mo archive moi: D:\lehuynhthuan\Cam\bida_ai_system\archive\ban1_1629.mp4
[2026-07-17 16:29:23] Da xoa archive cu: ban1_1559.mp4
[2026-07-17 16:29:27] CRITICAL CRASH in worker: Error 10061 connecting to localhost:6379. No connection could be made because the target machine actively refused it.
Traceback (most recent call last):
  File "C:\Users\ASUS\AppData\Roaming\Python\Python314\site-packages\redis\connection.py", line 378, in connect
    sock = self.retry.call_with_retry(
        lambda: self._connect(), lambda error: self.disconnect(error)
    )
  File "C:\Users\ASUS\AppData\Roaming\Python\Python314\site-packages\redis\retry.py", line 62, in call_with_retry
    return do()
  File "C:\Users\ASUS\AppData\Roaming\Python\Python314\site-packages\redis\connection.py", line 379, in <lambda>
    lambda: self._connect(), lambda error: self.disconnect(error)
            ~~~~~~~~~~~~~^^
  File "C:\Users\ASUS\AppData\Roaming\Python\Python314\site-packages\redis\connection.py", line 764, in _connect
    raise err
  File "C:\Users\ASUS\AppData\Roaming\Python\Python314\site-packages\redis\connection.py", line 752, in _connect
    sock.connect(socket_address)
    ~~~~~~~~~~~~^^^^^^^^^^^^^^^^
ConnectionRefusedError: [WinError 10061] No connection could be made because the target machine actively refused it

During handling of the above exception, another exception occurred:

Traceback (most recent call last):
  File "D:\lehuynhthuan\Cam\bida_ai_system\ai_workers\stream_processor.py", line 153, in process_camera_stream
    clip_request = redis_client.get(f"clip_request_{table_id}")
  File "C:\Users\ASUS\AppData\Roaming\Python\Python314\site-packages\redis\commands\core.py", line 1822, in get
    return self.execute_command("GET", name, keys=[name])
           ~~~~~~~~~~~~~~~~~~~~^^^^^^^^^^^^^^^^^^^^^^^^^^
  File "C:\Users\ASUS\AppData\Roaming\Python\Python314\site-packages\redis\client.py", line 605, in execute_command
    return self._execute_command(*args, **options)
           ~~~~~~~~~~~~~~~~~~~~~^^^^^^^^^^^^^^^^^^
  File "C:\Users\ASUS\AppData\Roaming\Python\Python314\site-packages\redis\client.py", line 611, in _execute_command
    conn = self.connection or pool.get_connection()
                              ~~~~~~~~~~~~~~~~~~~^^
  File "C:\Users\ASUS\AppData\Roaming\Python\Python314\site-packages\redis\utils.py", line 183, in wrapper
    return func(*args, **kwargs)
  File "C:\Users\ASUS\AppData\Roaming\Python\Python314\site-packages\redis\connection.py", line 1483, in get_connection
    connection.connect()
    ~~~~~~~~~~~~~~~~~~^^
  File "C:\Users\ASUS\AppData\Roaming\Python\Python314\site-packages\redis\connection.py", line 384, in connect
    raise ConnectionError(self._error_message(e))
redis.exceptions.ConnectionError: Error 10061 connecting to localhost:6379. No connection could be made because the target machine actively refused it.

[2026-07-17 16:29:34] --- Bat dau khoi dong AI stream ---
[2026-07-17 16:29:34] --- Bat dau khoi dong AI stream ---
[2026-07-17 16:29:58] Loi: Khong the doc tu camera
[2026-07-17 16:29:58] Webcam bat thanh cong. Size: 640x480
[2026-07-17 16:29:58] Mo archive moi: D:\lehuynhthuan\Cam\bida_ai_system\archive\ban1_1629.mp4
[2026-07-17 16:30:02] CRITICAL CRASH in worker: Error 10061 connecting to localhost:6379. No connection could be made because the target machine actively refused it.
Traceback (most recent call last):
  File "C:\Users\ASUS\AppData\Roaming\Python\Python314\site-packages\redis\connection.py", line 378, in connect
    sock = self.retry.call_with_retry(
        lambda: self._connect(), lambda error: self.disconnect(error)
    )
  File "C:\Users\ASUS\AppData\Roaming\Python\Python314\site-packages\redis\retry.py", line 62, in call_with_retry
    return do()
  File "C:\Users\ASUS\AppData\Roaming\Python\Python314\site-packages\redis\connection.py", line 379, in <lambda>
    lambda: self._connect(), lambda error: self.disconnect(error)
            ~~~~~~~~~~~~~^^
  File "C:\Users\ASUS\AppData\Roaming\Python\Python314\site-packages\redis\connection.py", line 764, in _connect
    raise err
  File "C:\Users\ASUS\AppData\Roaming\Python\Python314\site-packages\redis\connection.py", line 752, in _connect
    sock.connect(socket_address)
    ~~~~~~~~~~~~^^^^^^^^^^^^^^^^
ConnectionRefusedError: [WinError 10061] No connection could be made because the target machine actively refused it

During handling of the above exception, another exception occurred:

Traceback (most recent call last):
  File "D:\lehuynhthuan\Cam\bida_ai_system\ai_workers\stream_processor.py", line 153, in process_camera_stream
    clip_request = redis_client.get(f"clip_request_{table_id}")
  File "C:\Users\ASUS\AppData\Roaming\Python\Python314\site-packages\redis\commands\core.py", line 1822, in get
    return self.execute_command("GET", name, keys=[name])
           ~~~~~~~~~~~~~~~~~~~~^^^^^^^^^^^^^^^^^^^^^^^^^^
  File "C:\Users\ASUS\AppData\Roaming\Python\Python314\site-packages\redis\client.py", line 605, in execute_command
    return self._execute_command(*args, **options)
           ~~~~~~~~~~~~~~~~~~~~~^^^^^^^^^^^^^^^^^^
  File "C:\Users\ASUS\AppData\Roaming\Python\Python314\site-packages\redis\client.py", line 611, in _execute_command
    conn = self.connection or pool.get_connection()
                              ~~~~~~~~~~~~~~~~~~~^^
  File "C:\Users\ASUS\AppData\Roaming\Python\Python314\site-packages\redis\utils.py", line 183, in wrapper
    return func(*args, **kwargs)
  File "C:\Users\ASUS\AppData\Roaming\Python\Python314\site-packages\redis\connection.py", line 1483, in get_connection
    connection.connect()
    ~~~~~~~~~~~~~~~~~~^^
  File "C:\Users\ASUS\AppData\Roaming\Python\Python314\site-packages\redis\connection.py", line 384, in connect
    raise ConnectionError(self._error_message(e))
redis.exceptions.ConnectionError: Error 10061 connecting to localhost:6379. No connection could be made because the target machine actively refused it.

[2026-07-17 16:30:03] --- Bat dau khoi dong AI stream ---
[2026-07-17 16:30:08] --- Bat dau khoi dong AI stream ---
[2026-07-17 16:30:27] Webcam bat thanh cong. Size: 640x480
[2026-07-17 16:30:27] Mo archive moi: D:\lehuynhthuan\Cam\bida_ai_system\archive\ban1_1630.mp4
[2026-07-17 16:30:27] Da xoa archive cu: ban1_1600.mp4
[2026-07-17 16:30:31] CRITICAL CRASH in worker: Error 10061 connecting to localhost:6379. No connection could be made because the target machine actively refused it.
Traceback (most recent call last):
  File "C:\Users\ASUS\AppData\Roaming\Python\Python314\site-packages\redis\connection.py", line 378, in connect
    sock = self.retry.call_with_retry(
        lambda: self._connect(), lambda error: self.disconnect(error)
    )
  File "C:\Users\ASUS\AppData\Roaming\Python\Python314\site-packages\redis\retry.py", line 62, in call_with_retry
    return do()
  File "C:\Users\ASUS\AppData\Roaming\Python\Python314\site-packages\redis\connection.py", line 379, in <lambda>
    lambda: self._connect(), lambda error: self.disconnect(error)
            ~~~~~~~~~~~~~^^
  File "C:\Users\ASUS\AppData\Roaming\Python\Python314\site-packages\redis\connection.py", line 764, in _connect
    raise err
  File "C:\Users\ASUS\AppData\Roaming\Python\Python314\site-packages\redis\connection.py", line 752, in _connect
    sock.connect(socket_address)
    ~~~~~~~~~~~~^^^^^^^^^^^^^^^^
ConnectionRefusedError: [WinError 10061] No connection could be made because the target machine actively refused it

During handling of the above exception, another exception occurred:

Traceback (most recent call last):
  File "D:\lehuynhthuan\Cam\bida_ai_system\ai_workers\stream_processor.py", line 153, in process_camera_stream
    clip_request = redis_client.get(f"clip_request_{table_id}")
  File "C:\Users\ASUS\AppData\Roaming\Python\Python314\site-packages\redis\commands\core.py", line 1822, in get
    return self.execute_command("GET", name, keys=[name])
           ~~~~~~~~~~~~~~~~~~~~^^^^^^^^^^^^^^^^^^^^^^^^^^
  File "C:\Users\ASUS\AppData\Roaming\Python\Python314\site-packages\redis\client.py", line 605, in execute_command
    return self._execute_command(*args, **options)
           ~~~~~~~~~~~~~~~~~~~~~^^^^^^^^^^^^^^^^^^
  File "C:\Users\ASUS\AppData\Roaming\Python\Python314\site-packages\redis\client.py", line 611, in _execute_command
    conn = self.connection or pool.get_connection()
                              ~~~~~~~~~~~~~~~~~~~^^
  File "C:\Users\ASUS\AppData\Roaming\Python\Python314\site-packages\redis\utils.py", line 183, in wrapper
    return func(*args, **kwargs)
  File "C:\Users\ASUS\AppData\Roaming\Python\Python314\site-packages\redis\connection.py", line 1483, in get_connection
    connection.connect()
    ~~~~~~~~~~~~~~~~~~^^
  File "C:\Users\ASUS\AppData\Roaming\Python\Python314\site-packages\redis\connection.py", line 384, in connect
    raise ConnectionError(self._error_message(e))
redis.exceptions.ConnectionError: Error 10061 connecting to localhost:6379. No connection could be made because the target machine actively refused it.

[2026-07-17 16:30:33] --- Bat dau khoi dong AI stream ---
[2026-07-17 16:30:52] Webcam bat thanh cong. Size: 640x480
[2026-07-17 16:30:52] Mo archive moi: D:\lehuynhthuan\Cam\bida_ai_system\archive\ban1_1630.mp4
[2026-07-17 16:30:56] CRITICAL CRASH in worker: Error 10061 connecting to localhost:6379. No connection could be made because the target machine actively refused it.
Traceback (most recent call last):
  File "C:\Users\ASUS\AppData\Roaming\Python\Python314\site-packages\redis\connection.py", line 378, in connect
    sock = self.retry.call_with_retry(
        lambda: self._connect(), lambda error: self.disconnect(error)
    )
  File "C:\Users\ASUS\AppData\Roaming\Python\Python314\site-packages\redis\retry.py", line 62, in call_with_retry
    return do()
  File "C:\Users\ASUS\AppData\Roaming\Python\Python314\site-packages\redis\connection.py", line 379, in <lambda>
    lambda: self._connect(), lambda error: self.disconnect(error)
            ~~~~~~~~~~~~~^^
  File "C:\Users\ASUS\AppData\Roaming\Python\Python314\site-packages\redis\connection.py", line 764, in _connect
    raise err
  File "C:\Users\ASUS\AppData\Roaming\Python\Python314\site-packages\redis\connection.py", line 752, in _connect
    sock.connect(socket_address)
    ~~~~~~~~~~~~^^^^^^^^^^^^^^^^
ConnectionRefusedError: [WinError 10061] No connection could be made because the target machine actively refused it

During handling of the above exception, another exception occurred:

Traceback (most recent call last):
  File "D:\lehuynhthuan\Cam\bida_ai_system\ai_workers\stream_processor.py", line 153, in process_camera_stream
    clip_request = redis_client.get(f"clip_request_{table_id}")
  File "C:\Users\ASUS\AppData\Roaming\Python\Python314\site-packages\redis\commands\core.py", line 1822, in get
    return self.execute_command("GET", name, keys=[name])
           ~~~~~~~~~~~~~~~~~~~~^^^^^^^^^^^^^^^^^^^^^^^^^^
  File "C:\Users\ASUS\AppData\Roaming\Python\Python314\site-packages\redis\client.py", line 605, in execute_command
    return self._execute_command(*args, **options)
           ~~~~~~~~~~~~~~~~~~~~~^^^^^^^^^^^^^^^^^^
  File "C:\Users\ASUS\AppData\Roaming\Python\Python314\site-packages\redis\client.py", line 611, in _execute_command
    conn = self.connection or pool.get_connection()
                              ~~~~~~~~~~~~~~~~~~~^^
  File "C:\Users\ASUS\AppData\Roaming\Python\Python314\site-packages\redis\utils.py", line 183, in wrapper
    return func(*args, **kwargs)
  File "C:\Users\ASUS\AppData\Roaming\Python\Python314\site-packages\redis\connection.py", line 1483, in get_connection
    connection.connect()
    ~~~~~~~~~~~~~~~~~~^^
  File "C:\Users\ASUS\AppData\Roaming\Python\Python314\site-packages\redis\connection.py", line 384, in connect
    raise ConnectionError(self._error_message(e))
redis.exceptions.ConnectionError: Error 10061 connecting to localhost:6379. No connection could be made because the target machine actively refused it.

[2026-07-17 16:30:58] --- Bat dau khoi dong AI stream ---
[2026-07-17 16:31:17] Webcam bat thanh cong. Size: 640x480
[2026-07-17 16:31:17] Mo archive moi: D:\lehuynhthuan\Cam\bida_ai_system\archive\ban1_1631.mp4
[2026-07-17 16:31:17] Da xoa archive cu: ban1_1601.mp4
[2026-07-17 16:31:21] CRITICAL CRASH in worker: Error 10061 connecting to localhost:6379. No connection could be made because the target machine actively refused it.
Traceback (most recent call last):
  File "C:\Users\ASUS\AppData\Roaming\Python\Python314\site-packages\redis\connection.py", line 378, in connect
    sock = self.retry.call_with_retry(
        lambda: self._connect(), lambda error: self.disconnect(error)
    )
  File "C:\Users\ASUS\AppData\Roaming\Python\Python314\site-packages\redis\retry.py", line 62, in call_with_retry
    return do()
  File "C:\Users\ASUS\AppData\Roaming\Python\Python314\site-packages\redis\connection.py", line 379, in <lambda>
    lambda: self._connect(), lambda error: self.disconnect(error)
            ~~~~~~~~~~~~~^^
  File "C:\Users\ASUS\AppData\Roaming\Python\Python314\site-packages\redis\connection.py", line 764, in _connect
    raise err
  File "C:\Users\ASUS\AppData\Roaming\Python\Python314\site-packages\redis\connection.py", line 752, in _connect
    sock.connect(socket_address)
    ~~~~~~~~~~~~^^^^^^^^^^^^^^^^
ConnectionRefusedError: [WinError 10061] No connection could be made because the target machine actively refused it

During handling of the above exception, another exception occurred:

Traceback (most recent call last):
  File "D:\lehuynhthuan\Cam\bida_ai_system\ai_workers\stream_processor.py", line 153, in process_camera_stream
    clip_request = redis_client.get(f"clip_request_{table_id}")
  File "C:\Users\ASUS\AppData\Roaming\Python\Python314\site-packages\redis\commands\core.py", line 1822, in get
    return self.execute_command("GET", name, keys=[name])
           ~~~~~~~~~~~~~~~~~~~~^^^^^^^^^^^^^^^^^^^^^^^^^^
  File "C:\Users\ASUS\AppData\Roaming\Python\Python314\site-packages\redis\client.py", line 605, in execute_command
    return self._execute_command(*args, **options)
           ~~~~~~~~~~~~~~~~~~~~~^^^^^^^^^^^^^^^^^^
  File "C:\Users\ASUS\AppData\Roaming\Python\Python314\site-packages\redis\client.py", line 611, in _execute_command
    conn = self.connection or pool.get_connection()
                              ~~~~~~~~~~~~~~~~~~~^^
  File "C:\Users\ASUS\AppData\Roaming\Python\Python314\site-packages\redis\utils.py", line 183, in wrapper
    return func(*args, **kwargs)
  File "C:\Users\ASUS\AppData\Roaming\Python\Python314\site-packages\redis\connection.py", line 1483, in get_connection
    connection.connect()
    ~~~~~~~~~~~~~~~~~~^^
  File "C:\Users\ASUS\AppData\Roaming\Python\Python314\site-packages\redis\connection.py", line 384, in connect
    raise ConnectionError(self._error_message(e))
redis.exceptions.ConnectionError: Error 10061 connecting to localhost:6379. No connection could be made because the target machine actively refused it.

[2026-07-17 16:31:23] --- Bat dau khoi dong AI stream ---
[2026-07-17 16:31:26] --- Bat dau khoi dong AI stream ---
[2026-07-17 16:31:46] Webcam bat thanh cong. Size: 640x480
[2026-07-17 16:31:46] Mo archive moi: D:\lehuynhthuan\Cam\bida_ai_system\archive\ban1_1631.mp4
[2026-07-17 16:31:49] Loi: Khong the doc tu camera
[2026-07-17 16:31:50] CRITICAL CRASH in worker: Error 10061 connecting to localhost:6379. No connection could be made because the target machine actively refused it.
Traceback (most recent call last):
  File "C:\Users\ASUS\AppData\Roaming\Python\Python314\site-packages\redis\connection.py", line 378, in connect
    sock = self.retry.call_with_retry(
        lambda: self._connect(), lambda error: self.disconnect(error)
    )
  File "C:\Users\ASUS\AppData\Roaming\Python\Python314\site-packages\redis\retry.py", line 62, in call_with_retry
    return do()
  File "C:\Users\ASUS\AppData\Roaming\Python\Python314\site-packages\redis\connection.py", line 379, in <lambda>
    lambda: self._connect(), lambda error: self.disconnect(error)
            ~~~~~~~~~~~~~^^
  File "C:\Users\ASUS\AppData\Roaming\Python\Python314\site-packages\redis\connection.py", line 764, in _connect
    raise err
  File "C:\Users\ASUS\AppData\Roaming\Python\Python314\site-packages\redis\connection.py", line 752, in _connect
    sock.connect(socket_address)
    ~~~~~~~~~~~~^^^^^^^^^^^^^^^^
ConnectionRefusedError: [WinError 10061] No connection could be made because the target machine actively refused it

During handling of the above exception, another exception occurred:

Traceback (most recent call last):
  File "D:\lehuynhthuan\Cam\bida_ai_system\ai_workers\stream_processor.py", line 153, in process_camera_stream
    clip_request = redis_client.get(f"clip_request_{table_id}")
  File "C:\Users\ASUS\AppData\Roaming\Python\Python314\site-packages\redis\commands\core.py", line 1822, in get
    return self.execute_command("GET", name, keys=[name])
           ~~~~~~~~~~~~~~~~~~~~^^^^^^^^^^^^^^^^^^^^^^^^^^
  File "C:\Users\ASUS\AppData\Roaming\Python\Python314\site-packages\redis\client.py", line 605, in execute_command
    return self._execute_command(*args, **options)
           ~~~~~~~~~~~~~~~~~~~~~^^^^^^^^^^^^^^^^^^
  File "C:\Users\ASUS\AppData\Roaming\Python\Python314\site-packages\redis\client.py", line 611, in _execute_command
    conn = self.connection or pool.get_connection()
                              ~~~~~~~~~~~~~~~~~~~^^
  File "C:\Users\ASUS\AppData\Roaming\Python\Python314\site-packages\redis\utils.py", line 183, in wrapper
    return func(*args, **kwargs)
  File "C:\Users\ASUS\AppData\Roaming\Python\Python314\site-packages\redis\connection.py", line 1483, in get_connection
    connection.connect()
    ~~~~~~~~~~~~~~~~~~^^
  File "C:\Users\ASUS\AppData\Roaming\Python\Python314\site-packages\redis\connection.py", line 384, in connect
    raise ConnectionError(self._error_message(e))
redis.exceptions.ConnectionError: Error 10061 connecting to localhost:6379. No connection could be made because the target machine actively refused it.

[2026-07-17 16:31:51] --- Bat dau khoi dong AI stream ---
[2026-07-17 16:31:53] --- Bat dau khoi dong AI stream ---
[2026-07-17 16:32:11] Webcam bat thanh cong. Size: 640x480
[2026-07-17 16:32:11] Mo archive moi: D:\lehuynhthuan\Cam\bida_ai_system\archive\ban1_1632.mp4
[2026-07-17 16:32:11] Da xoa archive cu: ban1_1602.mp4
[2026-07-17 16:32:13] Loi: Khong the doc tu camera
[2026-07-17 16:32:15] CRITICAL CRASH in worker: Error 10061 connecting to localhost:6379. No connection could be made because the target machine actively refused it.
Traceback (most recent call last):
  File "C:\Users\ASUS\AppData\Roaming\Python\Python314\site-packages\redis\connection.py", line 378, in connect
    sock = self.retry.call_with_retry(
        lambda: self._connect(), lambda error: self.disconnect(error)
    )
  File "C:\Users\ASUS\AppData\Roaming\Python\Python314\site-packages\redis\retry.py", line 62, in call_with_retry
    return do()
  File "C:\Users\ASUS\AppData\Roaming\Python\Python314\site-packages\redis\connection.py", line 379, in <lambda>
    lambda: self._connect(), lambda error: self.disconnect(error)
            ~~~~~~~~~~~~~^^
  File "C:\Users\ASUS\AppData\Roaming\Python\Python314\site-packages\redis\connection.py", line 764, in _connect
    raise err
  File "C:\Users\ASUS\AppData\Roaming\Python\Python314\site-packages\redis\connection.py", line 752, in _connect
    sock.connect(socket_address)
    ~~~~~~~~~~~~^^^^^^^^^^^^^^^^
ConnectionRefusedError: [WinError 10061] No connection could be made because the target machine actively refused it

During handling of the above exception, another exception occurred:

Traceback (most recent call last):
  File "D:\lehuynhthuan\Cam\bida_ai_system\ai_workers\stream_processor.py", line 153, in process_camera_stream
    clip_request = redis_client.get(f"clip_request_{table_id}")
  File "C:\Users\ASUS\AppData\Roaming\Python\Python314\site-packages\redis\commands\core.py", line 1822, in get
    return self.execute_command("GET", name, keys=[name])
           ~~~~~~~~~~~~~~~~~~~~^^^^^^^^^^^^^^^^^^^^^^^^^^
  File "C:\Users\ASUS\AppData\Roaming\Python\Python314\site-packages\redis\client.py", line 605, in execute_command
    return self._execute_command(*args, **options)
           ~~~~~~~~~~~~~~~~~~~~~^^^^^^^^^^^^^^^^^^
  File "C:\Users\ASUS\AppData\Roaming\Python\Python314\site-packages\redis\client.py", line 611, in _execute_command
    conn = self.connection or pool.get_connection()
                              ~~~~~~~~~~~~~~~~~~~^^
  File "C:\Users\ASUS\AppData\Roaming\Python\Python314\site-packages\redis\utils.py", line 183, in wrapper
    return func(*args, **kwargs)
  File "C:\Users\ASUS\AppData\Roaming\Python\Python314\site-packages\redis\connection.py", line 1483, in get_connection
    connection.connect()
    ~~~~~~~~~~~~~~~~~~^^
  File "C:\Users\ASUS\AppData\Roaming\Python\Python314\site-packages\redis\connection.py", line 384, in connect
    raise ConnectionError(self._error_message(e))
redis.exceptions.ConnectionError: Error 10061 connecting to localhost:6379. No connection could be made because the target machine actively refused it.

[2026-07-17 16:32:18] --- Bat dau khoi dong AI stream ---
[2026-07-17 16:32:21] --- Bat dau khoi dong AI stream ---
[2026-07-17 16:32:44] Webcam bat thanh cong. Size: 640x480
[2026-07-17 16:32:44] Mo archive moi: D:\lehuynhthuan\Cam\bida_ai_system\archive\ban1_1632.mp4
[2026-07-17 16:32:48] CRITICAL CRASH in worker: Error 10061 connecting to localhost:6379. No connection could be made because the target machine actively refused it.
Traceback (most recent call last):
  File "C:\Users\ASUS\AppData\Roaming\Python\Python314\site-packages\redis\connection.py", line 378, in connect
    sock = self.retry.call_with_retry(
        lambda: self._connect(), lambda error: self.disconnect(error)
    )
  File "C:\Users\ASUS\AppData\Roaming\Python\Python314\site-packages\redis\retry.py", line 62, in call_with_retry
    return do()
  File "C:\Users\ASUS\AppData\Roaming\Python\Python314\site-packages\redis\connection.py", line 379, in <lambda>
    lambda: self._connect(), lambda error: self.disconnect(error)
            ~~~~~~~~~~~~~^^
  File "C:\Users\ASUS\AppData\Roaming\Python\Python314\site-packages\redis\connection.py", line 764, in _connect
    raise err
  File "C:\Users\ASUS\AppData\Roaming\Python\Python314\site-packages\redis\connection.py", line 752, in _connect
    sock.connect(socket_address)
    ~~~~~~~~~~~~^^^^^^^^^^^^^^^^
ConnectionRefusedError: [WinError 10061] No connection could be made because the target machine actively refused it

During handling of the above exception, another exception occurred:

Traceback (most recent call last):
  File "D:\lehuynhthuan\Cam\bida_ai_system\ai_workers\stream_processor.py", line 153, in process_camera_stream
    clip_request = redis_client.get(f"clip_request_{table_id}")
  File "C:\Users\ASUS\AppData\Roaming\Python\Python314\site-packages\redis\commands\core.py", line 1822, in get
    return self.execute_command("GET", name, keys=[name])
           ~~~~~~~~~~~~~~~~~~~~^^^^^^^^^^^^^^^^^^^^^^^^^^
  File "C:\Users\ASUS\AppData\Roaming\Python\Python314\site-packages\redis\client.py", line 605, in execute_command
    return self._execute_command(*args, **options)
           ~~~~~~~~~~~~~~~~~~~~~^^^^^^^^^^^^^^^^^^
  File "C:\Users\ASUS\AppData\Roaming\Python\Python314\site-packages\redis\client.py", line 611, in _execute_command
    conn = self.connection or pool.get_connection()
                              ~~~~~~~~~~~~~~~~~~~^^
  File "C:\Users\ASUS\AppData\Roaming\Python\Python314\site-packages\redis\utils.py", line 183, in wrapper
    return func(*args, **kwargs)
  File "C:\Users\ASUS\AppData\Roaming\Python\Python314\site-packages\redis\connection.py", line 1483, in get_connection
    connection.connect()
    ~~~~~~~~~~~~~~~~~~^^
  File "C:\Users\ASUS\AppData\Roaming\Python\Python314\site-packages\redis\connection.py", line 384, in connect
    raise ConnectionError(self._error_message(e))
redis.exceptions.ConnectionError: Error 10061 connecting to localhost:6379. No connection could be made because the target machine actively refused it.

[2026-07-17 16:32:51] --- Bat dau khoi dong AI stream ---
